Nombre,item href,Rareza
,,
Edge of Action,https://www.light.gg/db/items/2535142413,16.01%
Edge of Concurrence,https://www.light.gg/db/items/542203595,16.61%
Edge of Intent,https://www.light.gg/db/items/14194600,18.37%
Cerberus+1,https://www.light.gg/db/items/1541131350,87.3%
Monte Carlo,https://www.light.gg/db/items/4068264807,89.14%
Quicksilver Storm,https://www.light.gg/db/items/4293613902,28.28%
SUROS Regime,https://www.light.gg/db/items/2856683562,89.51%
Sweet Business,https://www.light.gg/db/items/1345867570,93.6%
Wish-Ender,https://www.light.gg/db/items/814876684,55.8%
Bastion,https://www.light.gg/db/items/2415517654,50.5%
Witherhoard,https://www.light.gg/db/items/2357297366,79.37%
Ace of Spades,https://www.light.gg/db/items/347366834,83.03%
Crimson,https://www.light.gg/db/items/3437746471,90.09%
Hawkmoon,https://www.light.gg/db/items/3856705927,64.42%
Lumina,https://www.light.gg/db/items/3512014804,57.03%
Malfeasance,https://www.light.gg/db/items/204878059,58.09%
Sturm,https://www.light.gg/db/items/2907129556,63.5%
The Last Word,https://www.light.gg/db/items/1364093401,71.16%
Thorn,https://www.light.gg/db/items/3973202132,75.28%
Arbalest,https://www.light.gg/db/items/2130065553,88.51%
Bad Juju,https://www.light.gg/db/items/2816212794,66.9%
No Time to Explain,https://www.light.gg/db/items/1594120904,90.1%
Outbreak Perfected,https://www.light.gg/db/items/400096939,66.23%
Vigilance Wing,https://www.light.gg/db/items/3628991659,91.49%
Dead Man's Tale,https://www.light.gg/db/items/3654674561,70.14%
MIDA Multi-Tool,https://www.light.gg/db/items/1331482397,73.85%
The Jade Rabbit,https://www.light.gg/db/items/3844694310,89.35%
Touch of Malice,https://www.light.gg/db/items/1802135586,12.49%
The Chaperone,https://www.light.gg/db/items/3413860062,79.02%
Cryosthesia 77K,https://www.light.gg/db/items/603721696,59.77%
Forerunner,https://www.light.gg/db/items/2179048386,76.2%
Rat King,https://www.light.gg/db/items/2362471601,60.51%
Traveler's Chosen,https://www.light.gg/db/items/1853180924,48.35%
Izanagi's Burden,https://www.light.gg/db/items/3211806999,74.43%
Osteo Striga,https://www.light.gg/db/items/46524085,79.58%
The Huckleberry,https://www.light.gg/db/items/2286143274,89.9%
Ager's Scepter,https://www.light.gg/db/items/1833195496,57.22%
Hard Light,https://www.light.gg/db/items/4124984448,91.44%
Tommy's Matchbook,https://www.light.gg/db/items/776191470,53.07%
Le Monarque,https://www.light.gg/db/items/3588934839,74.8%
Ticuu's Divination,https://www.light.gg/db/items/3260753130,63.11%
Trinity Ghoul,https://www.light.gg/db/items/814876685,85.43%
Delicate Tomb,https://www.light.gg/db/items/374573733,88.52%
JÃ¶tunn,https://www.light.gg/db/items/417164956,66.28%
Merciless,https://www.light.gg/db/items/4190156464,91.02%
Telesto,https://www.light.gg/db/items/2208405142,89.83%
Vex Mythoclast,https://www.light.gg/db/items/4289226715,34.46%
Dead Messenger,https://www.light.gg/db/items/2812324401,59.47%
Fighting Lion,https://www.light.gg/db/items/3549153978,90.54%
Eriana's Vow,https://www.light.gg/db/items/3524313097,69.61%
Sunshot,https://www.light.gg/db/items/2907129557,91.51%
Lorentz Driver,https://www.light.gg/db/items/3761898871,71.29%
Collective Obligation,https://www.light.gg/db/items/3505113722,17.41%
Graviton Lance,https://www.light.gg/db/items/3628991658,91.67%
Polaris Lance,https://www.light.gg/db/items/3413074534,66.87%
Skyburner's Oath,https://www.light.gg/db/items/4255268456,92.14%
Symmetry,https://www.light.gg/db/items/4017959782,56.25%
Duality,https://www.light.gg/db/items/3460576091,61.63%
Lord of Wolves,https://www.light.gg/db/items/3413860063,86.52%
The Fourth Horseman,https://www.light.gg/db/items/1665952087,43.96%
Devil's Ruin,https://www.light.gg/db/items/3824106094,49.26%
Trespasser,https://www.light.gg/db/items/1234150730,73.61%
Borealis,https://www.light.gg/db/items/3141979347,88.84%
Cloudstrike,https://www.light.gg/db/items/2603483885,48.84%
Riskrunner,https://www.light.gg/db/items/3089417789,98.04%
Tarrabah,https://www.light.gg/db/items/3110698812,27.52%
Coldheart,https://www.light.gg/db/items/1345867571,95.33%
Divinity,https://www.light.gg/db/items/4103414242,42.2%
Prometheus Lens,https://www.light.gg/db/items/19024058,89.29%
Ruinous Effigy,https://www.light.gg/db/items/1363238943,47.27%
Wavesplitter,https://www.light.gg/db/items/1852863732,85.99%
Leviathan's Breath,https://www.light.gg/db/items/2591746970,51.39%
One Thousand Voices,https://www.light.gg/db/items/2069224589,39.28%
Anarchy,https://www.light.gg/db/items/2376481550,39.62%
Parasite,https://www.light.gg/db/items/2812324400,68.74%
Salvation's Grip,https://www.light.gg/db/items/370712896,75.14%
The Colony,https://www.light.gg/db/items/3899270607,91.65%
The Prospector,https://www.light.gg/db/items/3549153979,89.84%
Sleeper Simulant,https://www.light.gg/db/items/4036115577,71.57%
The Queenbreaker,https://www.light.gg/db/items/2044500762,87.25%
Grand Overture,https://www.light.gg/db/items/1763584999,67.54%
Heir Apparent,https://www.light.gg/db/items/2084878005,49.72%
Thunderlord,https://www.light.gg/db/items/3325463374,99.22%
Xenophage,https://www.light.gg/db/items/1395261499,61.86%
Deathbringer,https://www.light.gg/db/items/2232171099,65.56%
Eyes of Tomorrow,https://www.light.gg/db/items/2399110176,27.03%
Gjallarhorn,https://www.light.gg/db/items/1363886209,75.05%
The Wardcliff Coil,https://www.light.gg/db/items/1508896098,90.93%
Truth,https://www.light.gg/db/items/1201830623,52.42%
Two-Tailed Fox,https://www.light.gg/db/items/2694576561,88.56%
Legend of Acrius,https://www.light.gg/db/items/1744115122,#N/A
Legend of Acrius,https://www.light.gg/db/items/3580904580,33.71%
Tractor Cannon,https://www.light.gg/db/items/3580904581,93%
D.A.R.C.I.,https://www.light.gg/db/items/3141979346,92.48%
Whisper of the Worm,https://www.light.gg/db/items/1891561814,65.36%
Black Talon,https://www.light.gg/db/items/3766045777,86.26%
Heartshadow,https://www.light.gg/db/items/3664831848,22.47%
The Lament,https://www.light.gg/db/items/3487253372,73.64%
Worldline Zero,https://www.light.gg/db/items/1864563948,51.62%
Crown-Splitter,https://www.light.gg/db/items/1180270694,58.65%
Crown-Splitter,https://www.light.gg/db/items/2782325302,53.33%
Throne-Cleaver,https://www.light.gg/db/items/569799273,11.88%
Goldtusk,https://www.light.gg/db/items/569799275,15.67%
Quickfang,https://www.light.gg/db/items/1180270692,61.43%
Quickfang,https://www.light.gg/db/items/2782325300,58.76%
Death's Razor,https://www.light.gg/db/items/569799274,13.41%
Eternity's Edge,https://www.light.gg/db/items/1180270693,59.42%
Eternity's Edge,https://www.light.gg/db/items/2782325301,57.4%
BrayTech Werewolf,https://www.light.gg/db/items/528834068,56.88%
BrayTech Winter Wolf,https://www.light.gg/db/items/1752585070,43.53%
Breakneck,https://www.light.gg/db/items/324382200,39.39%
Chroma Rush,https://www.light.gg/db/items/1119734784,67.03%
Duty Bound,https://www.light.gg/db/items/1457979868,45.95%
Duty Bound,https://www.light.gg/db/items/435216110,61.87%
Duty Bound (Adept),https://www.light.gg/db/items/1135050595,17.32%
Ether Doctor,https://www.light.gg/db/items/1839565992,62.11%
False Promises,https://www.light.gg/db/items/3143732432,82.77%
Firefright,https://www.light.gg/db/items/2778013407,71.6%
Foregone Conclusion,https://www.light.gg/db/items/1137768695,57.62%
Gahlran's Right Hand,https://www.light.gg/db/items/1286686760,23.69%
Ghost Primus,https://www.light.gg/db/items/2505533224,45.77%
Guiding Star,https://www.light.gg/db/items/472847207,15.44%
Halfdan-D,https://www.light.gg/db/items/3778520450,62.83%
Halfdan-D,https://www.light.gg/db/items/1518042134,62.72%
Hazard of the Cast,https://www.light.gg/db/items/1789347249,54.72%
Herod-C,https://www.light.gg/db/items/1788603939,81.03%
Horror Story,https://www.light.gg/db/items/3829285960,54.06%
Krait,https://www.light.gg/db/items/2852052802,96.94%
Loquitor IV,https://www.light.gg/db/items/1650442173,15.6%
Origin Story,https://www.light.gg/db/items/1644162710,51.92%
Orimund's Anvil,https://www.light.gg/db/items/1369487074,14.74%
Pluperfect,https://www.light.gg/db/items/1952163498,39.42%
Scathelocke,https://www.light.gg/db/items/602618796,70.87%
Scathelocke,https://www.light.gg/db/items/3762467078,67.46%
Seventh Seraph Carbine,https://www.light.gg/db/items/1561006927,80.44%
Steelfeather Repeater,https://www.light.gg/db/items/1251729046,39.86%
The Doubt,https://www.light.gg/db/items/1099433612,11.7%
The Forward Path,https://www.light.gg/db/items/2014642399,23.91%
The Forward Path,https://www.light.gg/db/items/1690783811,53.36%
The Last Breath,https://www.light.gg/db/items/1503609584,5.85%
The Last Breath,https://www.light.gg/db/items/507038823,55.35%
Tigerspite,https://www.light.gg/db/items/640114618,81.56%
Accrued Redemption,https://www.light.gg/db/items/4095896073,40.45%
Biting Winds,https://www.light.gg/db/items/1621657423,81.73%
Fel Taradiddle,https://www.light.gg/db/items/1399109800,53.59%
Lunulata-4b,https://www.light.gg/db/items/2513965917,95.93%
No Turning Back,https://www.light.gg/db/items/720351794,81.86%
The Spiteful Fang,https://www.light.gg/db/items/421573768,42.98%
Whispering Slab,https://www.light.gg/db/items/211938782,82.59%
Whistler's Whim,https://www.light.gg/db/items/1574601402,3.71%
Whistler's Whim (Adept),https://www.light.gg/db/items/711889599,3.55%
Burden of Guilt,https://www.light.gg/db/items/933455006,24.64%
Burden of Guilt (Adept),https://www.light.gg/db/items/2002522739,5.3%
Deliverance,https://www.light.gg/db/items/768621510,37.29%
Deliverance (Adept),https://www.light.gg/db/items/2943293195,6.34%
Riptide,https://www.light.gg/db/items/2715240478,85.09%
Ignition Code,https://www.light.gg/db/items/304659313,72.37%
Lingering Dread,https://www.light.gg/db/items/2026087437,46.82%
Pardon Our Dust,https://www.light.gg/db/items/3849810018,88.38%
The Militia's Birthright,https://www.light.gg/db/items/40394833,24.92%
The Militia's Birthright,https://www.light.gg/db/items/3745974521,53.9%
The Militia's Birthright (Adept),https://www.light.gg/db/items/2378101424,0%
The Mountaintop,https://www.light.gg/db/items/3993415705,32.66%
Agamid,https://www.light.gg/db/items/1406475890,7.58%
Austringer,https://www.light.gg/db/items/2429822977,38.9%
Austringer,https://www.light.gg/db/items/3055790362,68.03%
Bad News,https://www.light.gg/db/items/2145476620,66.63%
Bad News XF4354,https://www.light.gg/db/items/2824241403,47.66%
Better Devils,https://www.light.gg/db/items/1048266744,70.26%
Better Devils,https://www.light.gg/db/items/153979397,69.14%
Crimil's Dagger,https://www.light.gg/db/items/4292849692,58.58%
Crimil's Dagger,https://www.light.gg/db/items/3649055823,16.12%
D.F.A.,https://www.light.gg/db/items/575830664,25.08%
D.F.A.,https://www.light.gg/db/items/4238497225,43.56%
D.F.A. (Adept),https://www.light.gg/db/items/2006308129,11.64%
Dire Promise,https://www.light.gg/db/items/582335600,23.28%
Dire Promise,https://www.light.gg/db/items/2742838701,82.64%
Duke Mk. 44,https://www.light.gg/db/items/2112909414,63.2%
Eyasluna,https://www.light.gg/db/items/235827225,65.42%
Fatebringer,https://www.light.gg/db/items/2171478765,53.31%
Fatebringer (Timelost),https://www.light.gg/db/items/1216319404,24.5%
Home for the Lost,https://www.light.gg/db/items/3216383791,24.41%
Judgment,https://www.light.gg/db/items/2850415209,12.05%
Judgment,https://www.light.gg/db/items/1476654960,53.99%
Living Memory,https://www.light.gg/db/items/2957542878,38.82%
Loud Lullaby,https://www.light.gg/db/items/3924212056,70.36%
Midnight Coup,https://www.light.gg/db/items/1128225405,36.17%
Pribina-D,https://www.light.gg/db/items/4211534763,68.19%
Pribina-D,https://www.light.gg/db/items/3860697509,67.81%
Pure Poetry,https://www.light.gg/db/items/2671639706,92.23%
Rose,https://www.light.gg/db/items/2429822976,53.35%
Service Revolver,https://www.light.gg/db/items/834081972,53.04%
Service Revolver,https://www.light.gg/db/items/2171006181,53.83%
Seventh Seraph Officer Revolver,https://www.light.gg/db/items/3037520408,79.16%
Something New,https://www.light.gg/db/items/1856262127,54.78%
Spare Rations,https://www.light.gg/db/items/3116356268,52.78%
Survivor's Epitaph,https://www.light.gg/db/items/310708513,90.44%
Ten Paces,https://www.light.gg/db/items/2112909415,68.55%
The Old Fashioned,https://www.light.gg/db/items/3569802112,63.91%
The Old Fashioned,https://www.light.gg/db/items/1706536806,24.63%
The Steady Hand,https://www.light.gg/db/items/2220884262,62.45%
The Steady Hand,https://www.light.gg/db/items/1189790632,23.91%
True Prophecy,https://www.light.gg/db/items/408440598,18.15%
True Prophecy,https://www.light.gg/db/items/2742838700,79.94%
Vulpecula,https://www.light.gg/db/items/1622998472,66.02%
Warden's Law,https://www.light.gg/db/items/233423981,34.49%
West of Sunfall 7,https://www.light.gg/db/items/3285365667,42.44%
Autumn Wind,https://www.light.gg/db/items/1674742470,29.58%
Battle Scar,https://www.light.gg/db/items/1178397319,51.83%
Blast Furnace,https://www.light.gg/db/items/3843477312,44.38%
Bygones,https://www.light.gg/db/items/2712244741,68.63%
Chattering Bone,https://www.light.gg/db/items/568515759/chattering-bone/,52.68%
Cold Denial,https://www.light.gg/db/items/1216130969,82.68%
Disrespectful Stare,https://www.light.gg/db/items/1513927137,57.46%
Eternal Slumber,https://www.light.gg/db/items/1523647826,14.63%
Eystein-D,https://www.light.gg/db/items/1291586825,70.68%
Eystein-D,https://www.light.gg/db/items/3199662972,70.44%
Go Figure,https://www.light.gg/db/items/4138174248,69.24%
Hailing Confusion,https://www.light.gg/db/items/2870169846,92.25%
Legal Action II,https://www.light.gg/db/items/1760543913,12.58%
Legal Action II,https://www.light.gg/db/items/3409645497,72.03%
Lincoln Green,https://www.light.gg/db/items/1513927138,68.89%
Machina Dei 4,https://www.light.gg/db/items/161537636,50.02%
Magnum Shepherd,https://www.light.gg/db/items/210065223,7.05%
New Purpose,https://www.light.gg/db/items/1780464822,45.15%
Nightshade,https://www.light.gg/db/items/792755504,53.02%
Nightshade,https://www.light.gg/db/items/339163900,43.06%
Piece of Mind,https://www.light.gg/db/items/2097055732,69.88%
Redrix's Broadsword,https://www.light.gg/db/items/1161276682,23.78%
Redrix's Claymore,https://www.light.gg/db/items/191996029,0.63%
Relentless,https://www.light.gg/db/items/1187594590,12.01%
Sacred Provenance,https://www.light.gg/db/items/2408405461,37.93%
Smite of Merain,https://www.light.gg/db/items/2221264583,40.37%
Smite of Merain (Harrowed),https://www.light.gg/db/items/3407395594,0.76%
Syncopation-53,https://www.light.gg/db/items/2856514843,99.08%
The Marine,https://www.light.gg/db/items/3529780349,15.21%
The Messenger,https://www.light.gg/db/items/3658188704,49.37%
The Messenger (Adept),https://www.light.gg/db/items/1173780905,12.02%
The Time-Worn Spire,https://www.light.gg/db/items/4425887,23.59%
The Time-Worn Spire,https://www.light.gg/db/items/3593598010,60.8%
Three Graves,https://www.light.gg/db/items/1587439031,22.94%
Call to Serve,https://www.light.gg/db/items/1885753222,69.35%
Does Not Compute,https://www.light.gg/db/items/4193877020,39.63%
Does Not Compute,https://www.light.gg/db/items/2278995296,61.88%
Frontier Justice,https://www.light.gg/db/items/273396910,26.72%
Garden Progeny 1,https://www.light.gg/db/items/472169727,59.31%
Good Counsel IX,https://www.light.gg/db/items/3435238843,13.14%
Haunted Earth,https://www.light.gg/db/items/2625782212,22.08%
Hung Jury SR4,https://www.light.gg/db/items/4281371574,41.33%
Hung Jury SR4 (Adept),https://www.light.gg/db/items/681067419,25.19%
Imperative,https://www.light.gg/db/items/2314999489,39%
Nameless Midnight,https://www.light.gg/db/items/1960218487,69.71%
Nameless Midnight,https://www.light.gg/db/items/3040742682,69.96%
Niflheim Frost,https://www.light.gg/db/items/1350102270,43.29%
Night Watch,https://www.light.gg/db/items/3504336176,96.41%
Patron of Lost Causes,https://www.light.gg/db/items/2723241847,24.66%
Perses-D,https://www.light.gg/db/items/1019000888,97.18%
Purpose,https://www.light.gg/db/items/2516360525,5.69%
Randy's Throwing Knife,https://www.light.gg/db/items/3535742959,28.39%
Servant Leader,https://www.light.gg/db/items/1107446438,85.74%
Song of Justice VI,https://www.light.gg/db/items/3435238842,22.29%
Talons of the Eagle,https://www.light.gg/db/items/1982711279,65.47%
Tears of Contrition,https://www.light.gg/db/items/1366394399,69.27%
Telemachus-C,https://www.light.gg/db/items/541053086,51.48%
The Dream,https://www.light.gg/db/items/3826803617,11.13%
The Guiding Sight,https://www.light.gg/db/items/1641430382,62.85%
The Guiding Sight,https://www.light.gg/db/items/3890960908,23.81%
The Scholar,https://www.light.gg/db/items/2478792241,34.22%
The Scholar (Adept),https://www.light.gg/db/items/2386979999,1.47%
Transfiguration,https://www.light.gg/db/items/3799980700,51.32%
Wrong Side of Right,https://www.light.gg/db/items/3957603605,63.53%
Astral Horizon,https://www.light.gg/db/items/1697682876,22.57%
Astral Horizon (Adept),https://www.light.gg/db/items/532746994,3.54%
Baligant,https://www.light.gg/db/items/731147179,57.91%
Baligant XU7743,https://www.light.gg/db/items/3461377698,48.1%
Blasphemer,https://www.light.gg/db/items/2782847179,78.58%
Dust Rock Blues,https://www.light.gg/db/items/636912560,65.6%
Fortissimo-11,https://www.light.gg/db/items/2821430069,90.6%
Fractethyst,https://www.light.gg/db/items/3184681056,69.59%
Hawthorne's Field-Forged Shotgun,https://www.light.gg/db/items/1807343361,63.55%
Hawthorne's Field-Forged Shotgun,https://www.light.gg/db/items/731147177,63.74%
Heritage,https://www.light.gg/db/items/4248569242,45.72%
Imperial Decree,https://www.light.gg/db/items/2919334548,29.29%
No Reprieve,https://www.light.gg/db/items/2531963421,91.34%
One Small Step,https://www.light.gg/db/items/1016668089,45.52%
Parcel of Stardust,https://www.light.gg/db/items/2217366863,56.07%
Perfect Paradox,https://www.light.gg/db/items/2248667690,45.33%
Perfect Paradox,https://www.light.gg/db/items/3393519051,31.21%
Ragnhild-D,https://www.light.gg/db/items/4225322581,99.41%
Reckless Endangerment,https://www.light.gg/db/items/3216652511,51.58%
Riiswalker,https://www.light.gg/db/items/108221785,77.56%
Threat Level,https://www.light.gg/db/items/1664372054,28.92%
Toil and Trouble,https://www.light.gg/db/items/2957367743,87.24%
Wastelander M5,https://www.light.gg/db/items/1679868061,90%
Allied Demand,https://www.light.gg/db/items/1532276803,52.22%
Allied Demand,https://www.light.gg/db/items/982229638,10.32%
Athelflad-D,https://www.light.gg/db/items/1533499360,25.32%
Boudica-C,https://www.light.gg/db/items/1916287826,91.93%
Breachlight,https://www.light.gg/db/items/1289997971,53%
Buzzard,https://www.light.gg/db/items/805677041,35.1%
Controlling Vision,https://www.light.gg/db/items/48361212,0%
Empirical Evidence,https://www.light.gg/db/items/2607304614,89.61%
Enigma's Draw,https://www.light.gg/db/items/1723380073,80.3%
Enigma's Draw,https://www.light.gg/db/items/2581162758,12.5%
Farewell,https://www.light.gg/db/items/541188001,61.82%
High Albedo,https://www.light.gg/db/items/1197486957,81.17%
Last of the Legion,https://www.light.gg/db/items/2084611899,22%
Lonesome,https://www.light.gg/db/items/2199171672,95.79%
Minimum Distance,https://www.light.gg/db/items/1911843789,66.49%
Peace by Consensus,https://www.light.gg/db/items/806021398,5.82%
Peacebond,https://www.light.gg/db/items/829330711,64.98%
Smuggler's Word,https://www.light.gg/db/items/1843044399,68.61%
Spoiler Alert,https://www.light.gg/db/items/819358961,7.58%
Spoiler Alert,https://www.light.gg/db/items/2588048270,71.76%
Vertical Orbit QSm,https://www.light.gg/db/items/2812672356,62.64%
Alone as a god,https://www.light.gg/db/items/3380742308,34.71%
Bite of the Fox,https://www.light.gg/db/items/3169616514,69.27%
Defiance of Yasmin,https://www.light.gg/db/items/3228096719,38.67%
Defiance of Yasmin (Harrowed),https://www.light.gg/db/items/3503019618,0.82%
Dreaded Venture,https://www.light.gg/db/items/3100452337,58.54%
Eye of Sol,https://www.light.gg/db/items/3164743584,53.54%
Eye of Sol (Adept),https://www.light.gg/db/items/3637570176,12.26%
Long Shadow,https://www.light.gg/db/items/3745990145,95.15%
Praedyth's Revenge,https://www.light.gg/db/items/3653573172,53.29%
Praedyth's Revenge (Timelost),https://www.light.gg/db/items/1987769101,12.69%
Revoker,https://www.light.gg/db/items/654608616,33.01%
Shepherd's Watch,https://www.light.gg/db/items/3743729616,73.46%
Shepherd's Watch,https://www.light.gg/db/items/3312073053,58.95%
Show of Force XF4865,https://www.light.gg/db/items/4148143418,48.64%
Silicon Neuroma,https://www.light.gg/db/items/3355385170,60.02%
Silicon Neuroma,https://www.light.gg/db/items/990416096,45.33%
Silicon Neuroma (Adept),https://www.light.gg/db/items/1387987271,16.85%
Succession,https://www.light.gg/db/items/2990047042,40.9%
The Frigid Jackal,https://www.light.gg/db/items/689453941,43.18%
The Supremacy,https://www.light.gg/db/items/686951703,Cargando...
Thoughtless,https://www.light.gg/db/items/4067556514,69.51%
Tranquility,https://www.light.gg/db/items/1645386487,67.73%
Adjudicator,https://www.light.gg/db/items/2094938673,13.35%
Antiope-D,https://www.light.gg/db/items/566976653,62.63%
Antiope-D,https://www.light.gg/db/items/2561659919,63.38%
Atalanta-D,https://www.light.gg/db/items/2414612777,65.88%
Atalanta-D XG1992,https://www.light.gg/db/items/2422664927,48.33%
Beidenhander,https://www.light.gg/db/items/516243773,6.95%
Blood Feud,https://www.light.gg/db/items/1509167284,80.27%
Cold Front,https://www.light.gg/db/items/1506719573,63.64%
Enyo-D,https://www.light.gg/db/items/1601177201,95.87%
Escape Velocity,https://www.light.gg/db/items/1459443448,15.12%
Escape Velocity,https://www.light.gg/db/items/1786797708,82.27%
Exit Strategy,https://www.light.gg/db/items/4227181568,31.94%
Extraordinary Rendition,https://www.light.gg/db/items/1097616550,73.18%
Forensic Nightmare,https://www.light.gg/db/items/1526296434,62.38%
Friction Fire,https://www.light.gg/db/items/1513993763,57.26%
Hard Truths,https://www.light.gg/db/items/105567493,64.9%
Imminent Storm,https://www.light.gg/db/items/2611861926,4.58%
Motion to Suppress,https://www.light.gg/db/items/3950088638,1.2%
Multimach CCX,https://www.light.gg/db/items/4265183314,6.65%
Multimach CCX,https://www.light.gg/db/items/3717177717,60.8%
New City,https://www.light.gg/db/items/2414612776,64.92%
Pillager,https://www.light.gg/db/items/2653316158,55.42%
Pizzicato-22,https://www.light.gg/db/items/4100775158,90.43%
Submission,https://www.light.gg/db/items/3886416794,37.36%
Submission (Adept),https://www.light.gg/db/items/1941816543,6.08%
The Conqueror 2,https://www.light.gg/db/items/3991544423,42.58%
The Showrunner,https://www.light.gg/db/items/1200414607,34.7%
Trackless Waste,https://www.light.gg/db/items/2681395357,66.25%
Age-Old Bond,https://www.light.gg/db/items/601592879,50.32%
Ammit AR2,https://www.light.gg/db/items/2119346509,94.71%
Arc Logic,https://www.light.gg/db/items/2723909519,69.08%
Arctic Haze,https://www.light.gg/db/items/20935540,35.59%
Chrysura Melo,https://www.light.gg/db/items/1337707096,71.72%
Come to Pass,https://www.light.gg/db/items/927567426,95.12%
Dark Decider,https://www.light.gg/db/items/1942069133,4.44%
Galliard-42,https://www.light.gg/db/items/3778520451,26.16%
Galliard-42 XN7568,https://www.light.gg/db/items/1775804198,48.53%
Gnawing Hunger,https://www.light.gg/db/items/821154603,84.71%
Hollow Earth,https://www.light.gg/db/items/1842303080,14.92%
Jiangshi AR4,https://www.light.gg/db/items/3778520449,27.16%
Kibou AR3,https://www.light.gg/db/items/4014434381,55.78%
Martyr's Make,https://www.light.gg/db/items/3336215727,39.11%
Medley-45,https://www.light.gg/db/items/3920811074,24.38%
Misfit,https://www.light.gg/db/items/819441402,66.2%
Null Calamity 9,https://www.light.gg/db/items/3188460622,42.71%
Perseverance,https://www.light.gg/db/items/1327432221,47.8%
Positive Outlook,https://www.light.gg/db/items/3393130645,42.69%
Prosecutor,https://www.light.gg/db/items/1909527966,14.22%
Reckless Oracle,https://www.light.gg/db/items/3385326721,39.3%
Restoration VIII,https://www.light.gg/db/items/705774642,Cargando...
Shadow Price,https://www.light.gg/db/items/2633186522,44.32%
Shadow Price (Adept),https://www.light.gg/db/items/2147010335,21.48%
Solemn Hymn,https://www.light.gg/db/items/3762467077,57.19%
Sorrow's Verse,https://www.light.gg/db/items/2496875173,90.61%
Sweet Sorrow,https://www.light.gg/db/items/1248372789,68.78%
The Number,https://www.light.gg/db/items/2492081469,75.36%
The Number,https://www.light.gg/db/items/3854359821,23.97%
The Ringing Nail,https://www.light.gg/db/items/93253474,45.07%
The Summoner,https://www.light.gg/db/items/1907698332,46.42%
The Summoner (Adept),https://www.light.gg/db/items/3514144928,10.84%
Uriel's Gift,https://www.light.gg/db/items/3762467076,66.66%
Uriel's Gift,https://www.light.gg/db/items/3863882743,62.66%
Valakadyn,https://www.light.gg/db/items/1518042135,69.36%
Valakadyn,https://www.light.gg/db/items/3762467079,69.51%
Arsenic Bite-4b,https://www.light.gg/db/items/720351795,86.71%
Hush,https://www.light.gg/db/items/1584643826,20.8%
Imperial Needle,https://www.light.gg/db/items/3460122497,63.57%
Point of the Stag,https://www.light.gg/db/items/3434944005,38.58%
Strident Whistle,https://www.light.gg/db/items/2591241074,89.31%
Subtle Calamity,https://www.light.gg/db/items/3410721600,67.47%
The Vow,https://www.light.gg/db/items/2009106091,22.68%
Tyranny of Heaven,https://www.light.gg/db/items/2721249463,46.8%
Under Your Skin,https://www.light.gg/db/items/232928045,66.52%
Wolftone Draw,https://www.light.gg/db/items/3472875143,67.2%
Cartesian Coordinate,https://www.light.gg/db/items/2502422772,61.69%
Cartesian Coordinate,https://www.light.gg/db/items/2481881293,75.38%
Conjecture TSc,https://www.light.gg/db/items/3005879472,23.99%
Coriolis Force,https://www.light.gg/db/items/3512349612,55.78%
Critical Sass,https://www.light.gg/db/items/1773600468,35.8%
Dream Breaker,https://www.light.gg/db/items/2931957300,39.9%
Elatha FR4,https://www.light.gg/db/items/4106983932,62.31%
Elatha FR4,https://www.light.gg/db/items/4105447487,58.74%
Erentil FR4,https://www.light.gg/db/items/2398848320,62.95%
Erentil FR4,https://www.light.gg/db/items/3027844941,63.33%
Exile's Curse,https://www.light.gg/db/items/679281855,17.43%
Exile's Curse (Adept),https://www.light.gg/db/items/276080079,3.24%
Gallant Charge,https://www.light.gg/db/items/1706206669,21.93%
Glacioclasm,https://www.light.gg/db/items/1030895163,58.4%
Hollow Words,https://www.light.gg/db/items/607191995,80.66%
Iota Draconis,https://www.light.gg/db/items/3044460004,70.48%
Likely Suspect,https://www.light.gg/db/items/1994645182,69.71%
Loaded Question,https://www.light.gg/db/items/580961571,32.06%
Main Ingredient,https://www.light.gg/db/items/3445437901,86.73%
Main Ingredient,https://www.light.gg/db/items/253196586,85.32%
Midha's Reckoning,https://www.light.gg/db/items/3969066556,37.56%
Midha's Reckoning (Harrowed),https://www.light.gg/db/items/3904516037,0.89%
Nox Echo III,https://www.light.gg/db/items/2502422774,54.27%
Nox Veneris II,https://www.light.gg/db/items/4105447486,64.58%
Null Composure,https://www.light.gg/db/items/1644680957,67.44%
PLUG ONE.1,https://www.light.gg/db/items/1289000550,59.32%
PLUG ONE.1 (Adept),https://www.light.gg/db/items/534775659,30.93%
Proelium FR3,https://www.light.gg/db/items/618554398,63.83%
Proelium FR3,https://www.light.gg/db/items/3027844940,65.02%
Shock and Awe,https://www.light.gg/db/items/2502422773,62.14%
Snorri FR5,https://www.light.gg/db/items/4114929480,95.14%
Techeun Force,https://www.light.gg/db/items/4094657108,48.37%
Tempered Dynamo,https://www.light.gg/db/items/2753269585,32.33%
The Emperor's Envy,https://www.light.gg/db/items/4288031461,21.93%
The Epicurean,https://www.light.gg/db/items/2263839058,49.89%
The Epicurean,https://www.light.gg/db/items/4124357815,25.04%
The Wizened Rebuke,https://www.light.gg/db/items/930590127,48.14%
The Wizened Rebuke,https://www.light.gg/db/items/2961807684,23.72%
The Wizened Rebuke,https://www.light.gg/db/items/1999697514,54.62%
Timelines' Vertex,https://www.light.gg/db/items/1006783454,12.55%
Timelines' Vertex,https://www.light.gg/db/items/3055192515,81.2%
Trinary System,https://www.light.gg/db/items/3258665412,85.53%
Zealot's Reward,https://www.light.gg/db/items/2209003210,40.42%
Lubrae's Ruin,https://www.light.gg/db/items/2534546147,35.52%
Lubrae's Ruin (Adept),https://www.light.gg/db/items/1466006054,6.25%
Nezarec's Whisper,https://www.light.gg/db/items/254636484,68.38%
The Enigma,https://www.light.gg/db/items/2595497736,96.43%
Deafening Whisper,https://www.light.gg/db/items/981718087,60.97%
Empty Vessel,https://www.light.gg/db/items/4255586669,94.68%
Explosive Personality,https://www.light.gg/db/items/4096943616,66.13%
Flash and Thunder,https://www.light.gg/db/items/1983332560,62.62%
Forbearance,https://www.light.gg/db/items/613334176,38.63%
Forbearance (Adept),https://www.light.gg/db/items/4038592169,6.15%
Martyr's Retribution,https://www.light.gg/db/items/3850168899,51.21%
Orewing's Maul,https://www.light.gg/db/items/2108920981,61.84%
Orewing's Maul,https://www.light.gg/db/items/1870979911,14.22%
Salvager's Salvo,https://www.light.gg/db/items/2060863616,63.77%
Truthteller,https://www.light.gg/db/items/1946491241,82.06%
Truthteller,https://www.light.gg/db/items/3252697558,15.43%
A Cold Sweat,https://www.light.gg/db/items/2071412133,5.06%
Ancient Gospel,https://www.light.gg/db/items/48643186,37.55%
Annual Skate,https://www.light.gg/db/items/2145476623,58.06%
Annual Skate,https://www.light.gg/db/items/6857689,71.35%
Bottom Dollar,https://www.light.gg/db/items/1046651176,86.96%
Cantata-57,https://www.light.gg/db/items/372697604,95.33%
Crisis Inverted,https://www.light.gg/db/items/2888266564,87.61%
Daedalus Code,https://www.light.gg/db/items/1351035691,21.96%
Finite Impactor,https://www.light.gg/db/items/701922966,5.55%
Finite Impactor,https://www.light.gg/db/items/3813153080,63.83%
Frontier's Cry,https://www.light.gg/db/items/1141547457,72.42%
Igneous Hammer,https://www.light.gg/db/items/2351180975,44.2%
Igneous Hammer (Adept),https://www.light.gg/db/items/2527666306,14.38%
IKELOS_HC_v1.0.1,https://www.light.gg/db/items/3866356643,69.56%
IKELOS_HC_v1.0.2,https://www.light.gg/db/items/1200824700,71.96%
Imset HC4,https://www.light.gg/db/items/3860697510,25.57%
Jack Queen King 3,https://www.light.gg/db/items/410996590,25.69%
Jack Queen King 3,https://www.light.gg/db/items/3285365666,52.75%
Kindled Orchid,https://www.light.gg/db/items/2575506895,46.14%
Luna's Howl,https://www.light.gg/db/items/153979396,26.52%
Minuet-42,https://www.light.gg/db/items/3860697508,26.53%
Nation of Beasts,https://www.light.gg/db/items/654370424,49.66%
Nature of the Beast,https://www.light.gg/db/items/468276817,29.23%
Nature of the Beast,https://www.light.gg/db/items/1835747805,82.23%
Not Forgotten,https://www.light.gg/db/items/153979399,18.64%
Older Sister III,https://www.light.gg/db/items/2693941407,13.14%
Optative,https://www.light.gg/db/items/2138599001,55.72%
Posterity,https://www.light.gg/db/items/3281285075,39.29%
Shattered Peace,https://www.light.gg/db/items/2145476622,63.68%
The Defiant,https://www.light.gg/db/items/2817949113,11.72%
The Palindrome,https://www.light.gg/db/items/432476743,48.09%
The Palindrome (Adept),https://www.light.gg/db/items/1481892490,30.28%
Thin Line,https://www.light.gg/db/items/1178886909,64.25%
Trust,https://www.light.gg/db/items/4077196130,70.41%
Waking Vigil,https://www.light.gg/db/items/334171687,79.11%
Zaouli's Bane,https://www.light.gg/db/items/431721920,40.28%
Zaouli's Bane (Harrowed),https://www.light.gg/db/items/291092617,1.16%
Adhortative,https://www.light.gg/db/items/1167153950,38.43%
Agenda 5,https://www.light.gg/db/items/1513927139,61.96%
Agrona PR4,https://www.light.gg/db/items/1178397318,55.45%
BxR-55 Battler,https://www.light.gg/db/items/2708806099,92.1%
Cadenza-43,https://www.light.gg/db/items/339343291,25.78%
Claws of the Wolf,https://www.light.gg/db/items/1280933460,54.59%
Darkest Before,https://www.light.gg/db/items/325519402,5.83%
Darkest Before,https://www.light.gg/db/items/2481758391,52.84%
Forge's Pledge,https://www.light.gg/db/items/1076810832,77.8%
Gridskipper,https://www.light.gg/db/items/1621558458,64.96%
Heart of Time,https://www.light.gg/db/items/4145119417,12.86%
Horror's Least,https://www.light.gg/db/items/1071542914,65.02%
Horror's Least,https://www.light.gg/db/items/216983039,44.01%
Horror's Least (Adept),https://www.light.gg/db/items/1924276978,10.03%
Impromptu-49,https://www.light.gg/db/items/228424224,23.65%
Inaugural Address,https://www.light.gg/db/items/3325744914,44.54%
Infinite Paths 8,https://www.light.gg/db/items/3233390913,21.46%
Infinite Paths 8,https://www.light.gg/db/items/161537637,43.04%
Insidious,https://www.light.gg/db/items/3428521585,38.71%
Insidious (Adept),https://www.light.gg/db/items/786352912,6.08%
Jian 7 Rifle,https://www.light.gg/db/items/625672050,4.94%
Jian 7 Rifle,https://www.light.gg/db/items/1162247618,82.77%
Jorum's Claw,https://www.light.gg/db/items/622058944,14.65%
Jurassic Green,https://www.light.gg/db/items/2261046232,46.58%
Last Perdition,https://www.light.gg/db/items/188882152,86.28%
Last Perdition,https://www.light.gg/db/items/962412079,86.23%
Nergal PR4,https://www.light.gg/db/items/339343290,26.18%
Ogma PR6,https://www.light.gg/db/items/2342054803,96.64%
Outlast,https://www.light.gg/db/items/299665907,51.78%
Premonition,https://www.light.gg/db/items/208088207,47.53%
Requiem-45,https://www.light.gg/db/items/159056377,48.14%
Right Side of Wrong,https://www.light.gg/db/items/3376406418,64.04%
Stars in Shadow,https://www.light.gg/db/items/2050789284,91.09%
Swift Ride,https://www.light.gg/db/items/1513927136,57.54%
Swift Ride XE8375,https://www.light.gg/db/items/1386601612,48.32%
The Third Axiom,https://www.light.gg/db/items/4156253727,94.26%
Yesteryear,https://www.light.gg/db/items/1141927949,71.14%
Adverse Possession IX,https://www.light.gg/db/items/1531295694,11.05%
Aisha's Embrace,https://www.light.gg/db/items/2638190703,48.77%
Aisha's Embrace (Adept),https://www.light.gg/db/items/3245493570,9.15%
Black Scorpion-4sr,https://www.light.gg/db/items/525750263,62.51%
Black Scorpion-4sr,https://www.light.gg/db/items/925326394,62.52%
BrayTech RWP Mk. II,https://www.light.gg/db/items/717150101,98.2%
Calusea Noblesse,https://www.light.gg/db/items/2338088853,19.7%
Conspirator,https://www.light.gg/db/items/3906942101,43.98%
Contingency Plan,https://www.light.gg/db/items/577528837,72.95%
Contingency Plan,https://www.light.gg/db/items/2625782213,15.06%
Distant Relation,https://www.light.gg/db/items/2034817450,68.19%
Doom of Chelchis,https://www.light.gg/db/items/1937552980,51.27%
Doom of Chelchis (Harrowed),https://www.light.gg/db/items/1184692845,1.28%
Eternal Blazon,https://www.light.gg/db/items/3514096004,74.79%
Eternal Blazon,https://www.light.gg/db/items/1927800278,36.18%
Frostmire's Hex,https://www.light.gg/db/items/3005104939,16.72%
Manannan SR4,https://www.light.gg/db/items/925326393,28.27%
Metronome-52,https://www.light.gg/db/items/3434629515,24.34%
Motion to Compel,https://www.light.gg/db/items/3425561386,0.71%
No Feelings,https://www.light.gg/db/items/1931556011,28.55%
Oxygen SR3,https://www.light.gg/db/items/3907337522,46.78%
Pleiades Corrector,https://www.light.gg/db/items/1342668638,19.31%
Pleiades Corrector,https://www.light.gg/db/items/3556999246,74.59%
Pointed Inquiry,https://www.light.gg/db/items/297296830,67.03%
Royal Chase,https://www.light.gg/db/items/2776503072,55.46%
Seven-Six-Five,https://www.light.gg/db/items/1885753220,62.06%
Staccato-46,https://www.light.gg/db/items/4019668921,95.04%
Tango-45,https://www.light.gg/db/items/925326392,25.9%
Tango-45 XK5094,https://www.light.gg/db/items/20025671,47.62%
Tarnished Mettle,https://www.light.gg/db/items/2218569744,79.95%
The Cut and Run,https://www.light.gg/db/items/3501969491,67.62%
The End,https://www.light.gg/db/items/1825472717,12.61%
Tone Patrol,https://www.light.gg/db/items/1885753223,58.06%
Trustee,https://www.light.gg/db/items/1392919471,41%
Vacuna SR4,https://www.light.gg/db/items/1159252500,56.03%
Vision of Confluence,https://www.light.gg/db/items/3186018373,57.2%
Vision of Confluence (Timelost),https://www.light.gg/db/items/690668916,13.02%
Vouchsafe,https://www.light.gg/db/items/3242168339,79.54%
A Sudden Death,https://www.light.gg/db/items/1879212552,12.54%
A Sudden Death,https://www.light.gg/db/items/2855157553,52.77%
Badlander,https://www.light.gg/db/items/1327264046,67.71%
Basilisk,https://www.light.gg/db/items/2928437919,14.63%
Bonechiller,https://www.light.gg/db/items/4037745684,91.77%
Compass Rose,https://www.light.gg/db/items/2591111628,63.66%
Dead Weight,https://www.light.gg/db/items/3738678140,73.81%
Deadpan Delivery,https://www.light.gg/db/items/3582424018,35.05%
Emperor's Courtesy,https://www.light.gg/db/items/3861448240,19.41%
Felwinter's Lie,https://www.light.gg/db/items/1179141605,54.33%
"First In, Last Out",https://www.light.gg/db/items/3616586446,80.86%
"First In, Last Out",https://www.light.gg/db/items/515224227,35.02%
Found Verdict,https://www.light.gg/db/items/3197270240,56.47%
Found Verdict (Timelost),https://www.light.gg/db/items/631439337,10.55%
Good Bone Structure,https://www.light.gg/db/items/64236626,65.89%
Good Bone Structure,https://www.light.gg/db/items/731147178,65.87%
Gravity Slingshot,https://www.light.gg/db/items/1277015089,17.94%
Gunnora's Axe,https://www.light.gg/db/items/94729174,16.04%
Gunnora's Axe,https://www.light.gg/db/items/2326716489,48.41%
IKELOS_SG_v1.0.1,https://www.light.gg/db/items/1887808042,42.34%
IKELOS_SG_v1.0.2,https://www.light.gg/db/items/1096206669,72.96%
Last Man Standing,https://www.light.gg/db/items/755130877,51.91%
Matador 64,https://www.light.gg/db/items/2563012876,66.25%
Mindbender's Ambition,https://www.light.gg/db/items/1094005544,19.64%
Mindbender's Ambition,https://www.light.gg/db/items/4117693024,48.42%
Mindbender's Ambition (Adept),https://www.light.gg/db/items/912150785,0%
Motion to Vacate,https://www.light.gg/db/items/1018777295,1.77%
Prophet of Doom,https://www.light.gg/db/items/4020742303,38.77%
Python,https://www.light.gg/db/items/838556752,26.31%
Quitclaim Shotgun III,https://www.light.gg/db/items/2478247171,9.54%
Retold Tale,https://www.light.gg/db/items/346136302,78.76%
Retrofuturist,https://www.light.gg/db/items/1325579289,37.85%
Retrofuturist,https://www.light.gg/db/items/1402766122,74.53%
Seventh Seraph CQC-12,https://www.light.gg/db/items/1821724780,80.38%
Sojourner's Tale,https://www.light.gg/db/items/599895591,63.53%
Somerled-D,https://www.light.gg/db/items/2703340117,24.78%
The Comedian,https://www.light.gg/db/items/1028582252,41.32%
The Comedian (Adept),https://www.light.gg/db/items/2443900757,14.29%
The Deicide,https://www.light.gg/db/items/217140611,73.89%
The Deicide,https://www.light.gg/db/items/3929685100,11.38%
The Inquisitor,https://www.light.gg/db/items/2185327324,8.11%
The Inquisitor (Adept),https://www.light.gg/db/items/2307365,0%
Unification VII,https://www.light.gg/db/items/1988218406,16.7%
Wishbringer,https://www.light.gg/db/items/3356526253,86.64%
Wishbringer,https://www.light.gg/db/items/3190698551,0.08%
Without Remorse,https://www.light.gg/db/items/1478986057,72.66%
Xenoclast IV,https://www.light.gg/db/items/2891672170,94.09%
Zenith of Your Kind,https://www.light.gg/db/items/2707464805,26.53%
18 Kelvins,https://www.light.gg/db/items/1798874854,43.24%
A Swift Verdict,https://www.light.gg/db/items/3854037061,11.29%
A Swift Verdict,https://www.light.gg/db/items/1626503676,55.82%
Anonymous Autumn,https://www.light.gg/db/items/3222518097,66.52%
Brass Attacks,https://www.light.gg/db/items/2121785039,45%
Brigand's Law,https://www.light.gg/db/items/1298815317,87.59%
Dead Man Walking,https://www.light.gg/db/items/1911843790,57.77%
Dead Man Walking XX7463,https://www.light.gg/db/items/3751622019,48.59%
Death by Scorn,https://www.light.gg/db/items/3334276333,65.23%
Drang,https://www.light.gg/db/items/2362471600,70.12%
Drang (Baroque),https://www.light.gg/db/items/79075821,28.36%
Drang (Baroque),https://www.light.gg/db/items/502356570,67.17%
Eleventh Hour,https://www.light.gg/db/items/48361213,16.45%
Etana SI4,https://www.light.gg/db/items/1533499361,25.67%
Eulogy SI4,https://www.light.gg/db/items/2812672357,66.25%
Forgiveness,https://www.light.gg/db/items/2345794502,19.6%
Forgiveness (Adept),https://www.light.gg/db/items/2405619467,8.59%
Interregnum XVI,https://www.light.gg/db/items/227548887,12.43%
Last Hope,https://www.light.gg/db/items/3622137132,62.84%
Last Hope,https://www.light.gg/db/items/1911843791,63.55%
Punching Out,https://www.light.gg/db/items/378498222,92.53%
Redback-5si,https://www.light.gg/db/items/1687353095,96.67%
Seventh Seraph SI-2,https://www.light.gg/db/items/3937866388,76.3%
Swift Solstice,https://www.light.gg/db/items/1084788061,29.28%
The Fool's Remedy,https://www.light.gg/db/items/3424403076,23.52%
The Fool's Remedy,https://www.light.gg/db/items/65611680,54.17%
The Keening,https://www.light.gg/db/items/409551876,90%
The Last Dance,https://www.light.gg/db/items/2009277538,87.88%
The Last Dance,https://www.light.gg/db/items/3967155859,87.35%
The Rattler,https://www.light.gg/db/items/1911843788,59.76%
The Vision,https://www.light.gg/db/items/2414141462,74.43%
The Vision,https://www.light.gg/db/items/293505772,11.57%
Timecard,https://www.light.gg/db/items/1648316470,#N/A
Translation Theory,https://www.light.gg/db/items/1843044398,67.09%
Traveler's Judgment 5,https://www.light.gg/db/items/2091737595,43.6%
Traveler's Judgment 5,https://www.light.gg/db/items/4149758318,19.68%
Urchin-3si,https://www.light.gg/db/items/1533499362,24.44%
Vestian Dynasty,https://www.light.gg/db/items/3334276332,78.78%
1000 Yard Stare,https://www.light.gg/db/items/4164201232,65.01%
A Single Clap,https://www.light.gg/db/items/3312073052,56.62%
Adored,https://www.light.gg/db/items/4184808992,57.17%
Anniella,https://www.light.gg/db/items/905092001,7.63%
Apostate,https://www.light.gg/db/items/2164448701,76.61%
Archimedes Truth,https://www.light.gg/db/items/1940885628,6.01%
Belfry Bounty,https://www.light.gg/db/items/2295941920,60.29%
Beloved,https://www.light.gg/db/items/4190932264,43.3%
Beloved,https://www.light.gg/db/items/3107853529,67.36%
Copperhead-4sn,https://www.light.gg/db/items/3666954561,26.07%
Distant Tumulus,https://www.light.gg/db/items/2807687156,81.27%
Distant Tumulus,https://www.light.gg/db/items/2738174948,3.02%
Elegy-49,https://www.light.gg/db/items/3666954563,66.89%
Elegy-49,https://www.light.gg/db/items/1873270090,66.74%
Eye of Foresight,https://www.light.gg/db/items/3272713429,17%
Far Future,https://www.light.gg/db/items/893527433,62.95%
Fate Cries Foul,https://www.light.gg/db/items/1684914716,67.09%
Father's Sins,https://www.light.gg/db/items/3865728990,55.75%
Frozen Orbit,https://www.light.gg/db/items/3473290087,90.8%
Fugue-55,https://www.light.gg/db/items/2233545123,96.64%
Gallu RR3,https://www.light.gg/db/items/617501162,97.47%
Gentleman Vagabond,https://www.light.gg/db/items/2660862359,36.94%
IKELOS_SR_v1.0.1,https://www.light.gg/db/items/847450546,35.47%
IKELOS_SR_v1.0.2,https://www.light.gg/db/items/1253087083,81.19%
Maestro-46,https://www.light.gg/db/items/2295941921,55.18%
Maxim XI,https://www.light.gg/db/items/3239754990,13.13%
Occluded Finality,https://www.light.gg/db/items/3434507093,#N/A
Occluded Finality,https://www.light.gg/db/items/852551895,62.52%
Omniscient Eye,https://www.light.gg/db/items/3454326177,34.22%
Persuader,https://www.light.gg/db/items/4083045006,59.91%
Persuader,https://www.light.gg/db/items/2290863050,35.04%
Show of Force,https://www.light.gg/db/items/3312073054,63.12%
Sole Survivor,https://www.light.gg/db/items/1115104187,52.84%
Tatara Gaze,https://www.light.gg/db/items/1449922174,45.13%
The Domino,https://www.light.gg/db/items/4272442416,3.32%
The Long Goodbye,https://www.light.gg/db/items/2154059444,43.53%
The Long Walk,https://www.light.gg/db/items/174804902,12.99%
The Long Walk,https://www.light.gg/db/items/3326850591,53.31%
The Mornin' Comes,https://www.light.gg/db/items/2535939781,40.98%
Trophy Hunter,https://www.light.gg/db/items/4166221755,27.39%
Twilight Oath,https://www.light.gg/db/items/3297863558,81.41%
Uzume RR4,https://www.light.gg/db/items/2065081837,38.76%
Uzume RR4 (Adept),https://www.light.gg/db/items/852228780,21.13%
Veleda-D,https://www.light.gg/db/items/3666954562,25.82%
Widow's Bite,https://www.light.gg/db/items/1271343896,73.47%
Widow's Bite,https://www.light.gg/db/items/3312073055,58.9%
Bad Reputation,https://www.light.gg/db/items/2105827099,67.62%
Borrowed Time,https://www.light.gg/db/items/875848769,85.4%
Breath of the Dragon,https://www.light.gg/db/items/1357080535,53.81%
Bug-Out Bag,https://www.light.gg/db/items/2744715540,54.31%
CALUS Mini-Tool,https://www.light.gg/db/items/174192097,40.77%
CALUS Mini-Tool,https://www.light.gg/db/items/2490988246,68.47%
Death Adder,https://www.light.gg/db/items/2742490609,72.45%
Death Adder,https://www.light.gg/db/items/2517599010,36.22%
Every Waking Moment,https://www.light.gg/db/items/4277547616,61.81%
Foggy Notion,https://www.light.gg/db/items/2700862856,59.81%
Funnelweb,https://www.light.gg/db/items/3341893443,96.11%
IKELOS_SMG_v1.0.1,https://www.light.gg/db/items/1723472487,35.26%
IKELOS_SMG_v1.0.2,https://www.light.gg/db/items/2222560548,82.25%
MIDA Mini-Tool,https://www.light.gg/db/items/3089417788,73.06%
Mob Justice,https://www.light.gg/db/items/3954531357,44.01%
Out of Bounds,https://www.light.gg/db/items/2988121501,83.37%
Out of Options,https://www.light.gg/db/items/2700862858,61.55%
Phosphorus MG4,https://www.light.gg/db/items/566976654,25.22%
Radiant Stardust,https://www.light.gg/db/items/1587779165,14.21%
Red Mamba,https://www.light.gg/db/items/2700862859,53.17%
Resonance-42,https://www.light.gg/db/items/566976652,24.92%
Royal Dispensation II,https://www.light.gg/db/items/3889907763,15.41%
Seventh Seraph VY-7,https://www.light.gg/db/items/766323545,Cargando...
Shayura's Wrath,https://www.light.gg/db/items/3682803680,50.37%
Shayura's Wrath (Adept),https://www.light.gg/db/items/4023807721,16.2%
Sol Pariah 6,https://www.light.gg/db/items/3991544422,50.51%
Stochastic Variable,https://www.light.gg/db/items/2272470786,74.88%
Stochastic Variable,https://www.light.gg/db/items/1339362514,12.91%
Subjunctive,https://www.light.gg/db/items/2663204025,38.38%
The Hero's Burden,https://www.light.gg/db/items/1865351684,50.95%
The Hero's Burden,https://www.light.gg/db/items/2488587246,54.07%
The Hero's Burden,https://www.light.gg/db/items/2909905776,23.68%
The Quickstep,https://www.light.gg/db/items/2433826056,55.41%
The Recluse,https://www.light.gg/db/items/3354242550,47.92%
The Title,https://www.light.gg/db/items/294129361,49.11%
Unforgiven,https://www.light.gg/db/items/3000847393,46.36%
Hollow Denial,https://www.light.gg/db/items/2323544076,69.25%
Retraced Path,https://www.light.gg/db/items/548958835,88.53%
Acantha-D,https://www.light.gg/db/items/896923850,24.37%
Acantha-D XK8434,https://www.light.gg/db/items/1757129747,47.87%
Berenger's Memory,https://www.light.gg/db/items/1983332562,59.36%
Berenger's Memory,https://www.light.gg/db/items/407621213,79.08%
Blast Battue,https://www.light.gg/db/items/2453357042,54.25%
Bushwhacker,https://www.light.gg/db/items/311852248,0%
Canis Major,https://www.light.gg/db/items/2066434718,61.93%
Courageous Surrender,https://www.light.gg/db/items/1489452902,43.93%
Crowd Pleaser,https://www.light.gg/db/items/3565520715,86.07%
Cry Mutiny,https://www.light.gg/db/items/616582330,55.41%
Doomsday,https://www.light.gg/db/items/736901634,23.52%
Edge Transit,https://www.light.gg/db/items/218335759,67.21%
I Am Alive,https://www.light.gg/db/items/3886263130,27.13%
Interference VI,https://www.light.gg/db/items/2257180473,82.85%
Interference VI,https://www.light.gg/db/items/1443049976,7.12%
Love and Death,https://www.light.gg/db/items/3690523502,45.09%
Memory Interdict,https://www.light.gg/db/items/3165547384,78.11%
Memory Interdict,https://www.light.gg/db/items/3329842376,12.53%
Orthrus,https://www.light.gg/db/items/1983332561,58.85%
Outrageous Fortune,https://www.light.gg/db/items/4146702548,87.02%
Play of the Game,https://www.light.gg/db/items/195440257,68.52%
Play of the Game,https://www.light.gg/db/items/2621637518,69.38%
Sunrise GL4,https://www.light.gg/db/items/4213221671,24.09%
Swarm of the Raven,https://www.light.gg/db/items/1972985595,65.31%
Tarnation,https://www.light.gg/db/items/2721157927,96.27%
Terran Wind,https://www.light.gg/db/items/301362380,64.55%
The Day's Fury,https://www.light.gg/db/items/807192446,Cargando...
The Permanent Truth,https://www.light.gg/db/items/1720373217,6.99%
Through Fire and Flood,https://www.light.gg/db/items/301362381,65.53%
Typhon GL5,https://www.light.gg/db/items/3568377122,98.24%
Wendigo GL3,https://www.light.gg/db/items/578459533,30.9%
Wicked Sister,https://www.light.gg/db/items/2168486467,34.25%
Cataclysmic,https://www.light.gg/db/items/999767358,38.87%
Cataclysmic (Adept),https://www.light.gg/db/items/2886339027,6.29%
Corsair's Wrath,https://www.light.gg/db/items/2714022207,51.43%
Crooked Fang-4fr,https://www.light.gg/db/items/3005879473,69.64%
Crooked Fang-4fr,https://www.light.gg/db/items/3419149443,69.66%
Dead-Ender,https://www.light.gg/db/items/1813667283,14.9%
Komodo-4FR,https://www.light.gg/db/items/2697058914,20.67%
Line in the Sand,https://www.light.gg/db/items/946443267,24.1%
Man o' War,https://www.light.gg/db/items/3909683950,59.14%
Reed's Regret,https://www.light.gg/db/items/1399243961,58.04%
Reed's Regret (Adept),https://www.light.gg/db/items/2475355656,15.68%
Sailspy Pitchglass,https://www.light.gg/db/items/1184309824,79.8%
Stormchaser,https://www.light.gg/db/items/3652506829,47.05%
Taipan-4fr,https://www.light.gg/db/items/1911060537,97.22%
Tarantula,https://www.light.gg/db/items/2502422775,57.03%
Tarantula,https://www.light.gg/db/items/3335343363,77.4%
Threaded Needle,https://www.light.gg/db/items/3075224551,56.52%
21% Delirium,https://www.light.gg/db/items/1600633250,36.69%
A Fine Memorial,https://www.light.gg/db/items/3325778512,63.79%
Archon's Thunder,https://www.light.gg/db/items/1967303408,66.48%
Avalanche,https://www.light.gg/db/items/66875353,67.55%
Bane of Sorrow,https://www.light.gg/db/items/1496419775,22.96%
Chain of Command,https://www.light.gg/db/items/3105930175,56.59%
Commemoration,https://www.light.gg/db/items/4230965989,42.03%
Corrective Measure,https://www.light.gg/db/items/471518543,57.34%
Corrective Measure (Timelost),https://www.light.gg/db/items/3796510434,12.03%
Edgewise,https://www.light.gg/db/items/847329160,24.66%
Fixed Odds,https://www.light.gg/db/items/1642384931,29.76%
Fixed Odds,https://www.light.gg/db/items/2194955522,47.74%
Hammerhead,https://www.light.gg/db/items/603242241,63.81%
Planck's Stride,https://www.light.gg/db/items/820890091,84.81%
Qullim's Terminus,https://www.light.gg/db/items/1321506184,40.41%
Qullim's Terminus (Harrowed),https://www.light.gg/db/items/3248429089,0.73%
Recurrent Impact,https://www.light.gg/db/items/1572896086,84.19%
Seventh Seraph SAW,https://www.light.gg/db/items/2582755344,78.69%
Shattered Cipher,https://www.light.gg/db/items/2434225986,62.12%
Temporal Clause,https://www.light.gg/db/items/3369545945,54.5%
THE SWARM,https://www.light.gg/db/items/47772649,42.77%
THE SWARM (Adept),https://www.light.gg/db/items/3836861464,26.25%
Thermal Erosion,https://www.light.gg/db/items/1766088024,59.13%
Apex Predator,https://www.light.gg/db/items/2545083870,57.52%
Ascendancy,https://www.light.gg/db/items/725408022,59.06%
Bad Omens,https://www.light.gg/db/items/991314988,Cargando...
Bellowing Giant,https://www.light.gg/db/items/2186258845,32.01%
Blue Shift,https://www.light.gg/db/items/417474226,57.73%
BrayTech Osprey,https://www.light.gg/db/items/1929278169,44.75%
Broadsword Launcher,https://www.light.gg/db/items/1392429335,8.79%
Bump in the Night,https://www.light.gg/db/items/1959650777,69.1%
Classical-42,https://www.light.gg/db/items/2149166938,58.29%
Code Duello,https://www.light.gg/db/items/2496242052,61.9%
Countess SA/2,https://www.light.gg/db/items/2149166939,54.74%
Curtain Call,https://www.light.gg/db/items/137879537,36.49%
Heretic,https://www.light.gg/db/items/3067821200,76.05%
Hezen Vengeance,https://www.light.gg/db/items/4050645223,52.77%
Hezen Vengeance (Timelost),https://www.light.gg/db/items/1921159786,12.39%
Hoosegow,https://www.light.gg/db/items/3669616453,73.18%
Hoosegow,https://www.light.gg/db/items/417474224,54.62%
Hoosegow XE5837,https://www.light.gg/db/items/2817798849,48%
Morrigan-D,https://www.light.gg/db/items/3748713779,27.07%
Mos Epoch III,https://www.light.gg/db/items/1529450902,65.04%
Mos Epoch III,https://www.light.gg/db/items/417474225,57.48%
Palmyra-B,https://www.light.gg/db/items/3489657138,98.15%
Pentatonic-48,https://www.light.gg/db/items/3748713778,26.65%
Pit Launcher,https://www.light.gg/db/items/4095462486,4.99%
Pyroclastic Flow,https://www.light.gg/db/items/1289324202,30.73%
Red Herring,https://www.light.gg/db/items/3175851496,86.34%
Roar of the Bear,https://www.light.gg/db/items/308332265,#N/A
Roar of the Bear,https://www.light.gg/db/items/4009352833,30.15%
Royal Entry,https://www.light.gg/db/items/2448907086,94.73%
Scipio-D,https://www.light.gg/db/items/2544285846,53.55%
Shining Sphere,https://www.light.gg/db/items/432716552,4.76%
Shining Sphere,https://www.light.gg/db/items/136525518,60.79%
Sins of the Past,https://www.light.gg/db/items/3691881271,44.03%
Sleepless,https://www.light.gg/db/items/3740842661,81.2%
Subzero Salvo,https://www.light.gg/db/items/42351395,89.3%
The Button,https://www.light.gg/db/items/4041111172,0.85%
The Hothead,https://www.light.gg/db/items/4255171531,64.59%
The Hothead (Adept),https://www.light.gg/db/items/1866778462,29.75%
Tiebreaker,https://www.light.gg/db/items/2792181427,28.97%
Tomorrow's Answer,https://www.light.gg/db/items/958384347,30.4%
Tomorrow's Answer (Adept),https://www.light.gg/db/items/1366917989,2.56%
Zenobia-D,https://www.light.gg/db/items/3776129137,72.18%
Zenobia-D,https://www.light.gg/db/items/1411084669,72.1%
Abide the Return,https://www.light.gg/db/items/1644160541,80.84%
Bequest,https://www.light.gg/db/items/3366545721,42.52%
Complex Solution,https://www.light.gg/db/items/287042893,61.66%
Double-Edged Answer,https://www.light.gg/db/items/3551104348,31.4%
Falling Guillotine,https://www.light.gg/db/items/614426548,83.7%
Future Safe 10,https://www.light.gg/db/items/1490571337,50.74%
Hagakure,https://www.light.gg/db/items/276918162,52.96%
Half-Truths,https://www.light.gg/db/items/3257091166,89.36%
Hero of Ages,https://www.light.gg/db/items/2139640995,66.14%
Honor's Edge,https://www.light.gg/db/items/2276266837,19.13%
Honor's Edge,https://www.light.gg/db/items/2857348871,81.3%
It Stared Back,https://www.light.gg/db/items/1018072983,43.93%
Just in Case,https://www.light.gg/db/items/715338174,21.58%
Negative Space,https://www.light.gg/db/items/3629968765,73.73%
Negative Space,https://www.light.gg/db/items/287042892,57.72%
Night Terror,https://www.light.gg/db/items/3870811754,68.59%
Razor's Edge,https://www.light.gg/db/items/1796949035,71.57%
Sola's Scar,https://www.light.gg/db/items/1313528549,41.24%
Sola's Scar (Adept),https://www.light.gg/db/items/3847137620,9.64%
Steel Sybil Z-14,https://www.light.gg/db/items/4230993599,86.68%
Steel Sybil Z-14,https://www.light.gg/db/items/4174481098,86.62%
Stryker's Sure-Hand,https://www.light.gg/db/items/3704653637,36.89%
Temptation's Hook,https://www.light.gg/db/items/35794111,82.86%
The Other Half,https://www.light.gg/db/items/3257091167,63.48%
Traitor's Fate,https://www.light.gg/db/items/2683682446,19.08%
Unspoken Promise,https://www.light.gg/db/items/287042894,55.2%
Zephyr,https://www.light.gg/db/items/3400256755,39.95%
Zephyr,https://www.light.gg/db/items/4203034886,11.72%
Cuboid ARu,https://www.light.gg/db/items/2351747816,98.58%
Cuboid ARu,https://www.light.gg/db/items/2860172149,99.44%
Lionheart,https://www.light.gg/db/items/2903592984,99.41%
Rebuke AX-GL,https://www.light.gg/db/items/2903592986,#N/A
Ros Lysis II,https://www.light.gg/db/items/2351747819,98.61%
Ros Lysis II,https://www.light.gg/db/items/2860172150,99.44%
Holless-IV,https://www.light.gg/db/items/3651075426,90.07%
Azimuth DSu,https://www.light.gg/db/items/653875714,98.16%
Azimuth DSu,https://www.light.gg/db/items/2591586261,98.78%
Ballyhoo Mk.27,https://www.light.gg/db/items/653875712,98.19%
Ballyhoo Mk.27,https://www.light.gg/db/items/2591586263,98.68%
Guseva-C,https://www.light.gg/db/items/1595336070,99.96%
Bayesian MSu,https://www.light.gg/db/items/1678957656,98.77%
Bayesian MSu,https://www.light.gg/db/items/1669771783,99.64%
Nanty Narker,https://www.light.gg/db/items/3627718345,99.46%
Psi Cirrus II,https://www.light.gg/db/items/1669771782,99.62%
Psi Cirrus II,https://www.light.gg/db/items/1678957657,98.77%
Armillary PSu,https://www.light.gg/db/items/1650626964,99.66%
Armillary PSu,https://www.light.gg/db/items/3906357379,98.43%
Trax Dynia,https://www.light.gg/db/items/2842493171,99.43%
Trax Lysis II,https://www.light.gg/db/items/1650626966,99.65%
Trax Lysis II,https://www.light.gg/db/items/3906357377,98.39%
Badlands Mk.24,https://www.light.gg/db/items/1457394911,98.8%
Botheration Mk.28,https://www.light.gg/db/items/1457394910,98.91%
Roderic-C,https://www.light.gg/db/items/711899773,97.28%
Roderic-C,https://www.light.gg/db/items/3809805230,99.56%
Aachen-LR2,https://www.light.gg/db/items/4157959958,98.89%
Philippis-B,https://www.light.gg/db/items/1281822857,99.91%
Philippis-B,https://www.light.gg/db/items/3383958218,98.35%
Protostar CSu,https://www.light.gg/db/items/1281822856,99.93%
Protostar CSu,https://www.light.gg/db/items/3383958219,#N/A
Sondok-C,https://www.light.gg/db/items/1195725817,99.94%
Refrain-23,https://www.light.gg/db/items/2351747817,98.49%
Refrain-23,https://www.light.gg/db/items/2860172148,99.39%
Sand Wasp-3au,https://www.light.gg/db/items/2351747818,98.29%
Sand Wasp-3au,https://www.light.gg/db/items/2860172151,99.44%
Yellowjacket-3au,https://www.light.gg/db/items/2903592987,99.4%
Nox Cordis II,https://www.light.gg/db/items/3662200189,99.44%
Nox Cordis II,https://www.light.gg/db/items/3441197112,98.21%
Nox Lumen II,https://www.light.gg/db/items/3662200188,99.57%
Nox Lumen II,https://www.light.gg/db/items/3441197113,98.27%
Parsec TSu,https://www.light.gg/db/items/3662200190,99.48%
Parsec TSu,https://www.light.gg/db/items/3441197115,99.33%
Harsh Language,https://www.light.gg/db/items/2936850733,99.45%
Allegro-34,https://www.light.gg/db/items/653875715,98.16%
Allegro-34,https://www.light.gg/db/items/2591586260,98.35%
Lamia HC2,https://www.light.gg/db/items/653875713,98.16%
Lamia HC2,https://www.light.gg/db/items/2591586262,98.21%
Presto-48,https://www.light.gg/db/items/1595336071,#N/A
Agrona PR2,https://www.light.gg/db/items/1669771781,99.64%
Agrona PR2,https://www.light.gg/db/items/1678957658,98.35%
Encore-25,https://www.light.gg/db/items/1669771780,99.65%
Encore-25,https://www.light.gg/db/items/1678957659,98.41%
Black Tiger-2sr,https://www.light.gg/db/items/1650626965,99.62%
Black Tiger-2sr,https://www.light.gg/db/items/3906357378,98.25%
Madrugada SR2,https://www.light.gg/db/items/1650626967,99.65%
Madrugada SR2,https://www.light.gg/db/items/3906357376,98.18%
Sonata-48,https://www.light.gg/db/items/2842493170,99.4%
Badlands Mk.24,https://www.light.gg/db/items/1995011456,99.51%
Botheration Mk.28,https://www.light.gg/db/items/1995011457,99.53%
Fussed Dark Mk.21,https://www.light.gg/db/items/1457394908,98.54%
Fussed Dark Mk.21,https://www.light.gg/db/items/1995011459,99.52%
Requiem-43,https://www.light.gg/db/items/3556971406,99.46%
Dissonance-34,https://www.light.gg/db/items/711899775,96.92%
Dissonance-34,https://www.light.gg/db/items/3809805228,99.44%
Requiem SI2,https://www.light.gg/db/items/711899774,97.03%
Requiem SI2,https://www.light.gg/db/items/3809805229,99.46%
Vinegaroon-2si,https://www.light.gg/db/items/711899772,98.18%
Vinegaroon-2si,https://www.light.gg/db/items/3809805231,99.47%
Aachen-LR2,https://www.light.gg/db/items/1177293327,99.77%
Damietta-LR2,https://www.light.gg/db/items/1177293326,99.76%
Damietta-LR2,https://www.light.gg/db/items/4157959959,99.6%
Tongeren-LR3,https://www.light.gg/db/items/1177293325,99.72%
Tongeren-LR3,https://www.light.gg/db/items/4157959956,97.31%
Furina-2mg,https://www.light.gg/db/items/1281822858,99.7%
Furina-2mg,https://www.light.gg/db/items/3383958217,98.19%
Harmony-21,https://www.light.gg/db/items/1281822859,99.88%
Harmony-21,https://www.light.gg/db/items/3383958216,98.1%
Whip Scorpion-3mg,https://www.light.gg/db/items/1195725818,99.71%
Plemusa-B,https://www.light.gg/db/items/3493948735,99.06%
Plemusa-B,https://www.light.gg/db/items/1120843238,99.76%
Stampede Mk.32,https://www.light.gg/db/items/3493948734,98.31%
Stampede Mk.32,https://www.light.gg/db/items/1120843239,99.93%
King Cobra-4fr,https://www.light.gg/db/items/1502662697,99.73%
Exitus Mk.I,https://www.light.gg/db/items/3117873459,94.7%
Cup-Bearer SA/2,https://www.light.gg/db/items/1877183765,99.28%
Cup-Bearer SA/2,https://www.light.gg/db/items/4221925398,99.94%
Reginar-B,https://www.light.gg/db/items/1877183764,99.21%
Reginar-B,https://www.light.gg/db/items/4221925399,99.94%
Weaver-C,https://www.light.gg/db/items/372212741,98.23%
Future Imperfect,https://www.light.gg/db/items/1447973651,99.69%
Future Imperfect,https://www.light.gg/db/items/2891976012,98.97%
Rest for the Wicked,https://www.light.gg/db/items/1447973650,99.7%
Rest for the Wicked,https://www.light.gg/db/items/2891976013,99.28%
Cydonia-AR1,https://www.light.gg/db/items/2694044461,99.46%
Home Again,https://www.light.gg/db/items/2694044460,99.46%
SUROS Throwback,https://www.light.gg/db/items/2694044462,99.46%
Mos Ultima II,https://www.light.gg/db/items/3185293912,99.46%
One Earth,https://www.light.gg/db/items/3185293913,99.48%
Picayune Mk. 33,https://www.light.gg/db/items/3185293915,99.46%
Psi Ferox II,https://www.light.gg/db/items/2213848863,99.45%
Psi Termina II,https://www.light.gg/db/items/2213848860,99.48%
Standing Tall,https://www.light.gg/db/items/2213848862,99.49%
Triumph DX-PR,https://www.light.gg/db/items/3627718344,99.49%
Fare-Thee-Well,https://www.light.gg/db/items/3361694401,99.47%
Inverness-SR2,https://www.light.gg/db/items/3361694403,99.49%
Trax Arda II,https://www.light.gg/db/items/3361694400,99.5%
Jiangshi AR1,https://www.light.gg/db/items/2694044463,99.46%
Equinox Tsu,https://www.light.gg/db/items/1393021133,99.69%
Nox Calyx II,https://www.light.gg/db/items/1393021135,99.7%
Nox Reve II,https://www.light.gg/db/items/1393021134,99.7%
Resilient People,https://www.light.gg/db/items/3246523829,99.6%
Minuet-12,https://www.light.gg/db/items/3185293914,99.45%
Cadenza-11,https://www.light.gg/db/items/2213848861,99.45%
Sea Scorpion-1sr,https://www.light.gg/db/items/3361694402,99.46%
Ded Acumen II,https://www.light.gg/db/items/4138415949,98.57%
Ded Nemoris II,https://www.light.gg/db/items/4138415950,99.88%
Hand in Hand,https://www.light.gg/db/items/4138415948,99.88%
Recital-17,https://www.light.gg/db/items/1310413524,99.69%
Victoire SI2,https://www.light.gg/db/items/1310413525,99.85%
Luna Nullis II,https://www.light.gg/db/items/2605790033,98.16%
Trondheim-LR2,https://www.light.gg/db/items/2605790034,99.47%
Troubadour,https://www.light.gg/db/items/2605790032,99.44%
Daystar SMG2,https://www.light.gg/db/items/531591353,98.24%
Forte-15,https://www.light.gg/db/items/531591352,98.23%
Gareth-C,https://www.light.gg/db/items/2936850734,99.46%
Hadrian-A,https://www.light.gg/db/items/3246523828,99.49%
Para Torus I,https://www.light.gg/db/items/3246523831,99.45%
Penumbra GSm,https://www.light.gg/db/items/2936850735,99.52%
Butler RS/2,https://www.light.gg/db/items/2037589099,99.48%
Nasreddin,https://www.light.gg/db/items/1270948323,99.75%
Khvostov 7G-02,https://www.light.gg/db/items/1619016919,99.69%
Origin Story,https://www.light.gg/db/items/4024037919,#N/A
Pariah,https://www.light.gg/db/items/2209451511,99.49%
Headstrong,https://www.light.gg/db/items/2553946496,99.45%
Lost and Found,https://www.light.gg/db/items/3569842567,99.49%
Thistle and Yew,https://www.light.gg/db/items/3550697748,99.5%
Traveler's Chosen,https://www.light.gg/db/items/53159280,#N/A
Traveler's Chosen (Damaged),https://www.light.gg/db/items/53159281,98.23%
Stay Away,https://www.light.gg/db/items/2734369894,99.42%
Helios HC1,https://www.light.gg/db/items/2553946497,99.49%
Stubborn Oak,https://www.light.gg/db/items/1977926913,99.53%
Spiderbite-1si,https://www.light.gg/db/items/3792720684,99.47%
The Last Dance,https://www.light.gg/db/items/1699493316,#N/A
Dead Zone Rifle,https://www.light.gg/db/items/254156943,#N/A
Etude-12,https://www.light.gg/db/items/772531208,98.19%
Sorrow MG2,https://www.light.gg/db/items/1195725819,99.76%
Traitor's Fate,https://www.light.gg/db/items/2683682447,#N/A