Nombre,item href,%rarity
,,
Assassin's Cowl,https://www.light.gg/db/items/2203146422,57.32%
Blight Ranger,https://www.light.gg/db/items/1703551922,29.41%
Celestial Nighthawk,https://www.light.gg/db/items/1321354573,76.72%
Celestial Nighthawk,https://www.light.gg/db/items/1667080810,#N/A
Foetracer,https://www.light.gg/db/items/896224899,77.19%
Foetracer,https://www.light.gg/db/items/1667080809,#N/A
Graviton Forfeit,https://www.light.gg/db/items/3926392527,#N/A
Graviton Forfeit,https://www.light.gg/db/items/2773056939,77.57%
Knucklehead Radar,https://www.light.gg/db/items/1321354572,78.08%
Knucklehead Radar,https://www.light.gg/db/items/1667080811,#N/A
Mask of Bakris,https://www.light.gg/db/items/1619425569,42.37%
Wormhusk Crown,https://www.light.gg/db/items/3562696927,78.97%
Wormhusk Crown,https://www.light.gg/db/items/2600992433,#N/A
Aeon Swift,https://www.light.gg/db/items/3942036043,77.8%
Aeon Swift,https://www.light.gg/db/items/1656912113,#N/A
Athrys's Embrace,https://www.light.gg/db/items/2415768376,36.2%
Caliban's Hand,https://www.light.gg/db/items/3453042252,25.47%
Khepri's Sting,https://www.light.gg/db/items/146629029,#N/A
Khepri's Sting,https://www.light.gg/db/items/2757274117,70.14%
Liar's Handshake,https://www.light.gg/db/items/3295711091,#N/A
Liar's Handshake,https://www.light.gg/db/items/4165919945,85.03%
Mechaneer's Tricksleeves,https://www.light.gg/db/items/4284305243,#N/A
Mechaneer's Tricksleeves,https://www.light.gg/db/items/1734144409,77.52%
Oathkeeper,https://www.light.gg/db/items/1098931324,#N/A
Oathkeeper,https://www.light.gg/db/items/691578978,71.78%
Renewal Grasps,https://www.light.gg/db/items/2169905051,36.05%
Sealed Ahamkara Grasps,https://www.light.gg/db/items/2166230715,#N/A
Sealed Ahamkara Grasps,https://www.light.gg/db/items/1688602431,73.54%
Shards of Galanor,https://www.light.gg/db/items/1098931325,#N/A
Shards of Galanor,https://www.light.gg/db/items/691578979,76.19%
Shinobu's Vow,https://www.light.gg/db/items/1053737370,74.84%
Shinobu's Vow,https://www.light.gg/db/items/1786557270,#N/A
Young Ahamkara's Spine,https://www.light.gg/db/items/475652357,75.68%
Young Ahamkara's Spine,https://www.light.gg/db/items/4284305242,#N/A
Gwisin Vest,https://www.light.gg/db/items/4070560770,#N/A
Gwisin Vest,https://www.light.gg/db/items/1474735276,75.86%
Gyrfalcon's Hauberk,https://www.light.gg/db/items/461841403,22.61%
Lucky Raspberry,https://www.light.gg/db/items/903984858,76.79%
Lucky Raspberry,https://www.light.gg/db/items/419976111,#N/A
Omnioculus,https://www.light.gg/db/items/1935198785,40.27%
Ophidia Spathe,https://www.light.gg/db/items/3392742912,#N/A
Ophidia Spathe,https://www.light.gg/db/items/978537162,75.77%
Raiden Flux,https://www.light.gg/db/items/2766109872,81.8%
Raiden Flux,https://www.light.gg/db/items/419976110,#N/A
Raiju's Harness,https://www.light.gg/db/items/2268523867,71.29%
The Dragon's Shadow,https://www.light.gg/db/items/2766109874,79.34%
The Dragon's Shadow,https://www.light.gg/db/items/419976108,#N/A
The Sixth Coyote,https://www.light.gg/db/items/4070560771,#N/A
The Sixth Coyote,https://www.light.gg/db/items/1474735277,72.55%
Fr0st-EE5,https://www.light.gg/db/items/609852545,74.92%
Fr0st-EE5,https://www.light.gg/db/items/574694189,#N/A
Gemini Jester,https://www.light.gg/db/items/1488061763,#N/A
Gemini Jester,https://www.light.gg/db/items/1163283805,76.17%
Lucky Pants,https://www.light.gg/db/items/1245809812,#N/A
Lucky Pants,https://www.light.gg/db/items/193869522,78.76%
Orpheus Rig,https://www.light.gg/db/items/1245809813,#N/A
Orpheus Rig,https://www.light.gg/db/items/193869523,75.67%
Radiant Dance Machines,https://www.light.gg/db/items/1702288800,34.86%
St0mp-EE5,https://www.light.gg/db/items/1245809814,#N/A
St0mp-EE5,https://www.light.gg/db/items/193869520,79.56%
Star-Eater Scales,https://www.light.gg/db/items/1001356380,41.1%
The Bombardiers,https://www.light.gg/db/items/1219761634,70.71%
Abhorrent Imperative Mask,https://www.light.gg/db/items/3792637803,23.18%
Abhorrent Imperative Mask,https://www.light.gg/db/items/3324158902,#N/A
Ancient Apocalypse Mask,https://www.light.gg/db/items/230878649,#N/A
Ancient Apocalypse Mask,https://www.light.gg/db/items/629787707,#N/A
Ancient Apocalypse Mask,https://www.light.gg/db/items/759348512,#N/A
Ancient Apocalypse Mask,https://www.light.gg/db/items/3537476911,#N/A
Ancient Apocalypse Mask,https://www.light.gg/db/items/1267361154,50.44%
Anti-Extinction Mask,https://www.light.gg/db/items/102368695,55.82%
Anti-Extinction Mask,https://www.light.gg/db/items/132368575,#N/A
Atavistic Idol Mask,https://www.light.gg/db/items/868732497,19.25%
Bladesmith's Memory Mask,https://www.light.gg/db/items/350056552,#N/A
Bladesmith's Memory Mask,https://www.light.gg/db/items/96643258,20.47%
BrayTech Sn0Mask,https://www.light.gg/db/items/620774353,42.11%
BrayTech Sn0Mask,https://www.light.gg/db/items/3792294545,#N/A
Calamity Rig Mask,https://www.light.gg/db/items/1207531728,25.11%
Candescent Mask,https://www.light.gg/db/items/1529773610,40.52%
Cinder Pinion Cowl,https://www.light.gg/db/items/1413409069,32.44%
Clutch Extol Mask,https://www.light.gg/db/items/1767106452,50.54%
Cover of the Exile,https://www.light.gg/db/items/571925067,#N/A
Cover of the Exile,https://www.light.gg/db/items/3275117874,7.75%
Cowl of Righteousness,https://www.light.gg/db/items/407842012,19.56%
Cowl of Righteousness,https://www.light.gg/db/items/557676195,#N/A
Crystocrene Cowl,https://www.light.gg/db/items/2511757244,51.59%
Darkhollow Mask,https://www.light.gg/db/items/1656833637,23.1%
Dead End Cure 2.1,https://www.light.gg/db/items/3527995388,#N/A
Dead End Cure 2.1,https://www.light.gg/db/items/3125909492,#N/A
Dead End Cure 2.1,https://www.light.gg/db/items/3064716714,77.55%
Deep Explorer Mask,https://www.light.gg/db/items/4047213660,#N/A
Deep Explorer Mask,https://www.light.gg/db/items/3262689948,27.85%
Dragonfly Regalia Mask,https://www.light.gg/db/items/2685109601,27.74%
Dreambane Cowl,https://www.light.gg/db/items/1496857121,57.86%
Dreambane Cowl,https://www.light.gg/db/items/659922705,#N/A
Eidolon Pursuant Mask,https://www.light.gg/db/items/1285042454,53.71%
Equitis Shade Cowl,https://www.light.gg/db/items/3440648382,#N/A
Equitis Shade Cowl,https://www.light.gg/db/items/3518692432,8.74%
Equitis Shade Cowl,https://www.light.gg/db/items/3066613133,#N/A
Errant Knight 1.0,https://www.light.gg/db/items/2445181930,#N/A
Errant Knight 1.0,https://www.light.gg/db/items/3051359899,80.64%
Errant Knight 1.0,https://www.light.gg/db/items/2550994842,#N/A
Exodus Down Mask,https://www.light.gg/db/items/4130486121,#N/A
Exodus Down Mask,https://www.light.gg/db/items/3026265798,#N/A
Exodus Down Mask,https://www.light.gg/db/items/2172333833,#N/A
Exodus Down Mask,https://www.light.gg/db/items/4060742749,#N/A
Exodus Down Mask,https://www.light.gg/db/items/3968652888,21.25%
Floating Cowl,https://www.light.gg/db/items/400025382,1.78%
Floating Cowl,https://www.light.gg/db/items/3127319342,#N/A
Flowing Cowl,https://www.light.gg/db/items/400025383,#N/A
Flowing Cowl,https://www.light.gg/db/items/3127319343,#N/A
Flowing Cowl (CODA),https://www.light.gg/db/items/3075372781,40.1%
Frostveil Mask,https://www.light.gg/db/items/2891490654,11.92%
Frumious Mask,https://www.light.gg/db/items/477057676,71.7%
Frumious Mask,https://www.light.gg/db/items/558125905,#N/A
Frumious Mask,https://www.light.gg/db/items/4248632159,#N/A
Gensym Knight Casque,https://www.light.gg/db/items/2715114534,#N/A
Gensym Knight Casque,https://www.light.gg/db/items/1707236192,43.97%
Gensym Knight Casque,https://www.light.gg/db/items/2725842378,#N/A
Helm of the Ace-Defiant,https://www.light.gg/db/items/3711700027,#N/A
Helm of the Ace-Defiant,https://www.light.gg/db/items/2013109092,#N/A
Helm of the Ace-Defiant,https://www.light.gg/db/items/641933202,29.06%
Holdfast Mask,https://www.light.gg/db/items/3097544525,61.18%
Icarus Drifter Mask,https://www.light.gg/db/items/2442805346,#N/A
Icarus Drifter Mask,https://www.light.gg/db/items/1507837170,77.73%
Icarus Drifter Mask,https://www.light.gg/db/items/155832748,#N/A
Icarus Drifter Mask,https://www.light.gg/db/items/2567710435,#N/A
Illicit Collector Mask,https://www.light.gg/db/items/1654117930,10.78%
Illicit Collector Mask,https://www.light.gg/db/items/1722308938,#N/A
Illicit Collector Mask,https://www.light.gg/db/items/2698109344,#N/A
Illicit Invader Mask,https://www.light.gg/db/items/493448176,#N/A
Illicit Invader Mask,https://www.light.gg/db/items/2593076934,#N/A
Illicit Invader Mask,https://www.light.gg/db/items/3146160048,20.91%
Illicit Reaper Mask,https://www.light.gg/db/items/1295793306,#N/A
Illicit Reaper Mask,https://www.light.gg/db/items/4144123204,22.84%
Illicit Reaper Mask,https://www.light.gg/db/items/3639906116,#N/A
Illicit Sentry Mask,https://www.light.gg/db/items/3220030414,#N/A
Illicit Sentry Mask,https://www.light.gg/db/items/3280699112,#N/A
Illicit Sentry Mask,https://www.light.gg/db/items/1000646860,10.23%
Illuminus Mask (Magnificent),https://www.light.gg/db/items/343482209,19.63%
Illuminus Mask (Majestic),https://www.light.gg/db/items/343482208,23.28%
Inaugural Revelry Mask,https://www.light.gg/db/items/2477028154,#N/A
Inaugural Revelry Mask,https://www.light.gg/db/items/1232802389,14.39%
Insight Rover Mask,https://www.light.gg/db/items/2298664693,#N/A
Insight Rover Mask,https://www.light.gg/db/items/3688229984,#N/A
Insight Rover Mask,https://www.light.gg/db/items/1794052784,77.31%
Insight Rover Mask,https://www.light.gg/db/items/1680657538,#N/A
Intrepid Discovery Mask,https://www.light.gg/db/items/1394425388,7.71%
Iron Fellowship Casque,https://www.light.gg/db/items/3624199242,26.44%
Iron Fellowship Casque,https://www.light.gg/db/items/142417051,#N/A
Iron Fellowship Casque,https://www.light.gg/db/items/2916624580,#N/A
Iron Fellowship Casque,https://www.light.gg/db/items/131359121,#N/A
Iron Forerunner Mask,https://www.light.gg/db/items/2255073244,50.14%
Iron Remembrance Casque,https://www.light.gg/db/items/1944853984,#N/A
Iron Remembrance Casque,https://www.light.gg/db/items/2845071512,#N/A
Iron Remembrance Casque,https://www.light.gg/db/items/2936230179,23.84%
Iron Remembrance Casque,https://www.light.gg/db/items/3544440242,#N/A
Iron Symmachy Mask,https://www.light.gg/db/items/744156528,#N/A
Iron Symmachy Mask,https://www.light.gg/db/items/1618191618,#N/A
Iron Symmachy Mask,https://www.light.gg/db/items/3875549237,9.93%
Iron Truage Casque,https://www.light.gg/db/items/1778619592,23.97%
Iron Truage Casque,https://www.light.gg/db/items/935677805,#N/A
Iron Truage Casque,https://www.light.gg/db/items/1496224967,#N/A
Iron Truage Casque,https://www.light.gg/db/items/1495869176,30.83%
Iron Truage Casque,https://www.light.gg/db/items/481390023,#N/A
Iron Truage Casque,https://www.light.gg/db/items/3292445816,#N/A
Iron Truage Casque,https://www.light.gg/db/items/3856062457,#N/A
Iron Will Mask,https://www.light.gg/db/items/1098138990,#N/A
Iron Will Mask,https://www.light.gg/db/items/2399134521,30.54%
Kairos Function Mask,https://www.light.gg/db/items/61987238,#N/A
Kairos Function Mask,https://www.light.gg/db/items/3585812448,46.22%
Kairos Function Mask,https://www.light.gg/db/items/952071004,#N/A
Ketchkiller's Mask,https://www.light.gg/db/items/1095145125,48.18%
Legacy's Oath Mask,https://www.light.gg/db/items/893751566,29.25%
Lightkin Mask,https://www.light.gg/db/items/30472172,41.33%
Lost Pacific Mask,https://www.light.gg/db/items/1607012852,#N/A
Lost Pacific Mask,https://www.light.gg/db/items/2171693954,#N/A
Lost Pacific Mask,https://www.light.gg/db/items/784477316,41.22%
Mask of Feltroc,https://www.light.gg/db/items/1256688732,#N/A
Mask of Feltroc,https://www.light.gg/db/items/253344425,#N/A
Mask of Feltroc,https://www.light.gg/db/items/781488881,14.25%
Mask of Optimacy,https://www.light.gg/db/items/1869779952,13.38%
Mask of Optimacy,https://www.light.gg/db/items/2693084644,#N/A
Mask of Optimacy,https://www.light.gg/db/items/3856371784,25.24%
Mask of the Emperor's Agent,https://www.light.gg/db/items/3711700026,#N/A
Mask of the Emperor's Agent,https://www.light.gg/db/items/2013109093,12.54%
Mask of the Emperor's Agent,https://www.light.gg/db/items/641933203,#N/A
Mask of the Great Hunt,https://www.light.gg/db/items/3423279826,39.66%
Mask of the Great Hunt,https://www.light.gg/db/items/3838639757,#N/A
Mask of the Great Hunt,https://www.light.gg/db/items/1190016345,#N/A
Mask of the Great Hunt,https://www.light.gg/db/items/1258342944,#N/A
Moonfang-X7 Mask,https://www.light.gg/db/items/2623956730,35.53%
Nea-Thonis Breather,https://www.light.gg/db/items/3124726865,78.25%
Nea-Thonis Breather,https://www.light.gg/db/items/2944336620,#N/A
Nea-Thonis Breather,https://www.light.gg/db/items/2932919026,#N/A
Neoteric Kiyot Mask,https://www.light.gg/db/items/2647162463,22.63%
Notorious Collector Mask,https://www.light.gg/db/items/1722308936,5.41%
Notorious Collector Mask,https://www.light.gg/db/items/2698109346,#N/A
Notorious Invader Mask,https://www.light.gg/db/items/493448178,6.24%
Notorious Invader Mask,https://www.light.gg/db/items/2593076932,#N/A
Notorious Reaper Mask,https://www.light.gg/db/items/1295793304,#N/A
Notorious Reaper Mask,https://www.light.gg/db/items/3639906118,8.17%
Notorious Sentry Mask,https://www.light.gg/db/items/3220030412,#N/A
Notorious Sentry Mask,https://www.light.gg/db/items/3280699114,4.7%
Omega Mechanos Mask,https://www.light.gg/db/items/2277597261,10.51%
Opulent Stalker Mask,https://www.light.gg/db/items/906236408,#N/A
Opulent Stalker Mask,https://www.light.gg/db/items/308676790,#N/A
Opulent Stalker Mask,https://www.light.gg/db/items/1440812312,34.57%
Outlawed Collector Mask,https://www.light.gg/db/items/1722308939,5.95%
Outlawed Collector Mask,https://www.light.gg/db/items/2698109345,#N/A
Outlawed Invader Mask,https://www.light.gg/db/items/493448177,7.71%
Outlawed Invader Mask,https://www.light.gg/db/items/2593076935,#N/A
Outlawed Reaper Mask,https://www.light.gg/db/items/1295793307,#N/A
Outlawed Reaper Mask,https://www.light.gg/db/items/3639906117,12.07%
Outlawed Sentry Mask,https://www.light.gg/db/items/3220030415,#N/A
Outlawed Sentry Mask,https://www.light.gg/db/items/3280699113,5.95%
Pathfinder's Helmet,https://www.light.gg/db/items/2957532337,46.47%
Phobos Warden Mask,https://www.light.gg/db/items/3977387640,34.58%
Photosuede Mask,https://www.light.gg/db/items/4076604385,52.38%
Praefectus Mask,https://www.light.gg/db/items/505747572,48.18%
Prime Zealot Mask,https://www.light.gg/db/items/586128500,36.41%
Prodigal Mask,https://www.light.gg/db/items/144651852,#N/A
Prodigal Mask,https://www.light.gg/db/items/4104298449,#N/A
Prodigal Mask,https://www.light.gg/db/items/3605448950,78.08%
Pyrrhic Ascent Mask,https://www.light.gg/db/items/1001798188,28.12%
Qiao's Grin,https://www.light.gg/db/items/2089084848,21.94%
Red Moon Phantom Mask,https://www.light.gg/db/items/3994031968,#N/A
Red Moon Phantom Mask,https://www.light.gg/db/items/432525353,#N/A
Red Moon Phantom Mask,https://www.light.gg/db/items/1395001913,78.49%
Resonant Fury Mask,https://www.light.gg/db/items/1649346047,22.08%
Reverie Dawn Casque,https://www.light.gg/db/items/2889063206,#N/A
Reverie Dawn Casque,https://www.light.gg/db/items/2804026582,52.45%
Reverie Dawn Casque,https://www.light.gg/db/items/2824453288,#N/A
Righteous Mask,https://www.light.gg/db/items/382498903,#N/A
Righteous Mask,https://www.light.gg/db/items/382498902,#N/A
Righteous Mask,https://www.light.gg/db/items/382498901,#N/A
Righteous Mask,https://www.light.gg/db/items/3931166610,52.14%
Road Complex AA1,https://www.light.gg/db/items/2020589887,#N/A
Road Complex AA1,https://www.light.gg/db/items/269552461,#N/A
Road Complex AA1,https://www.light.gg/db/items/2932691109,78.97%
Scatterhorn Mask,https://www.light.gg/db/items/2276115770,#N/A
Scatterhorn Mask,https://www.light.gg/db/items/4070132608,#N/A
Scatterhorn Mask,https://www.light.gg/db/items/1164347863,78.47%
Seventh Seraph Cowl,https://www.light.gg/db/items/2234841490,50.17%
Shadow's Mask,https://www.light.gg/db/items/326149062,13.6%
Shadow's Mask,https://www.light.gg/db/items/1999427172,#N/A
Shadow's Mask,https://www.light.gg/db/items/1934647691,#N/A
Simulator Mask,https://www.light.gg/db/items/1763431309,#N/A
Simulator Mask,https://www.light.gg/db/items/2915206011,56.27%
Skerren Corvus Mask,https://www.light.gg/db/items/3448772677,13.02%
Solstice Mask (Magnificent),https://www.light.gg/db/items/3742741341,15.54%
Solstice Mask (Majestic),https://www.light.gg/db/items/1597235361,14.46%
Solstice Mask (Majestic),https://www.light.gg/db/items/3159052337,#N/A
Solstice Mask (Majestic),https://www.light.gg/db/items/510413482,20.54%
Solstice Mask (Resplendent),https://www.light.gg/db/items/2770157746,#N/A
Solstice Mask (Resplendent),https://www.light.gg/db/items/622966241,12.84%
Sovereign Mask,https://www.light.gg/db/items/755928510,#N/A
Sovereign Mask,https://www.light.gg/db/items/1792644404,55.88%
Substitutional Alloy Mask,https://www.light.gg/db/items/4078925542,#N/A
Substitutional Alloy Mask,https://www.light.gg/db/items/4078925541,#N/A
Substitutional Alloy Mask,https://www.light.gg/db/items/4078925540,#N/A
Substitutional Alloy Mask,https://www.light.gg/db/items/4070722289,52.66%
Swordflight 4.1,https://www.light.gg/db/items/2094233929,51.4%
Swordflight 4.1,https://www.light.gg/db/items/1654427223,#N/A
Swordflight 4.1,https://www.light.gg/db/items/3223280471,#N/A
Swordflight 4.1,https://www.light.gg/db/items/2293476915,#N/A
Swordflight 4.1,https://www.light.gg/db/items/1801625827,#N/A
Tangled Web Mask,https://www.light.gg/db/items/141163281,76.9%
Tangled Web Mask,https://www.light.gg/db/items/4261835528,#N/A
Tangled Web Mask,https://www.light.gg/db/items/3061780015,#N/A
The Took Offense,https://www.light.gg/db/items/1953621386,43.72%
The Took Offense,https://www.light.gg/db/items/4087433052,#N/A
The Took Offense,https://www.light.gg/db/items/3198744410,#N/A
Tusked Allegiance Mask,https://www.light.gg/db/items/2516879931,50.33%
Twisting Echo Mask,https://www.light.gg/db/items/1756483796,#N/A
Twisting Echo Mask,https://www.light.gg/db/items/2744480004,40.77%
Vanguard Dare Casque,https://www.light.gg/db/items/2754217990,24.16%
Veritas Cowl,https://www.light.gg/db/items/3316852407,23.85%
Vernal Growth Mask,https://www.light.gg/db/items/53761356,7.94%
Vigil of Heroes,https://www.light.gg/db/items/1524444346,49.95%
Vigil of Heroes,https://www.light.gg/db/items/575676771,#N/A
Vigil of Heroes,https://www.light.gg/db/items/2939022735,#N/A
Vigil of Heroes,https://www.light.gg/db/items/432360904,#N/A
Viperidax Helmet,https://www.light.gg/db/items/2381337281,38.86%
Wild Hunt Mask,https://www.light.gg/db/items/4079117607,58.01%
Wildwood Mask,https://www.light.gg/db/items/1666413633,34.75%
Wildwood Mask,https://www.light.gg/db/items/3973359167,#N/A
Wing Contender,https://www.light.gg/db/items/3772194440,#N/A
Wing Contender,https://www.light.gg/db/items/1127237110,#N/A
Wing Contender,https://www.light.gg/db/items/3153956825,56.38%
Wing Contender,https://www.light.gg/db/items/4123918087,#N/A
Winterhart Mask,https://www.light.gg/db/items/316740353,5.63%
Winterhart Mask,https://www.light.gg/db/items/4059030097,#N/A
Woven Firesmith Mask,https://www.light.gg/db/items/2174117797,48.86%
Woven Firesmith Mask,https://www.light.gg/db/items/3607521808,#N/A
Woven Firesmith Mask,https://www.light.gg/db/items/3086191374,#N/A
Abhorrent Imperative Grasps,https://www.light.gg/db/items/191708423,#N/A
Abhorrent Imperative Grasps,https://www.light.gg/db/items/2114894938,29.11%
Ancient Apocalypse Grips,https://www.light.gg/db/items/606902507,50.94%
Ancient Apocalypse Grips,https://www.light.gg/db/items/1356064950,#N/A
Ancient Apocalypse Grips,https://www.light.gg/db/items/2130645994,#N/A
Ancient Apocalypse Grips,https://www.light.gg/db/items/2620389105,#N/A
Ancient Apocalypse Grips,https://www.light.gg/db/items/127018032,#N/A
Anti-Extinction Grasps,https://www.light.gg/db/items/66235782,#N/A
Anti-Extinction Grasps,https://www.light.gg/db/items/3470850110,56.55%
Arms of Optimacy,https://www.light.gg/db/items/2640279229,#N/A
Arms of Optimacy,https://www.light.gg/db/items/1625986881,13.59%
Arms of Optimacy,https://www.light.gg/db/items/3203706073,25.06%
Atavistic Idol Grips,https://www.light.gg/db/items/3821828136,18.57%
Bladesmith's Memory Grips,https://www.light.gg/db/items/3992358137,#N/A
Bladesmith's Memory Grips,https://www.light.gg/db/items/2334017923,21.04%
BrayTech Survival Mitts,https://www.light.gg/db/items/3573869992,41.51%
BrayTech Survival Mitts,https://www.light.gg/db/items/2408846184,#N/A
Calamity Rig Sleeves,https://www.light.gg/db/items/1005315489,25.31%
Candescent Grips,https://www.light.gg/db/items/1535334771,40.53%
Cinder Pinion Grasps,https://www.light.gg/db/items/2066074780,32.32%
Clutch Extol Grips,https://www.light.gg/db/items/597831725,50.86%
Crystocrene Grips,https://www.light.gg/db/items/3866531381,55%
Darkhollow Grasps,https://www.light.gg/db/items/2437510452,26.48%
Dead End Cure 2.1,https://www.light.gg/db/items/3070277875,78.33%
Dead End Cure 2.1,https://www.light.gg/db/items/629482101,#N/A
Dead End Cure 2.1,https://www.light.gg/db/items/1998314509,#N/A
Deep Explorer Grasps,https://www.light.gg/db/items/322599957,27.2%
Deep Explorer Grasps,https://www.light.gg/db/items/1148597205,#N/A
Dragonfly Regalia Grasps,https://www.light.gg/db/items/3523029112,27.88%
Dreambane Grips,https://www.light.gg/db/items/3571441640,#N/A
Dreambane Grips,https://www.light.gg/db/items/2293199928,57.93%
Eidolon Pursuant Handguards,https://www.light.gg/db/items/2489136103,54.22%
Equitis Shade Grips,https://www.light.gg/db/items/2710517999,#N/A
Equitis Shade Grips,https://www.light.gg/db/items/3719175804,#N/A
Equitis Shade Grips,https://www.light.gg/db/items/3316476193,12.47%
Errant Knight 1.0,https://www.light.gg/db/items/2026285619,#N/A
Errant Knight 1.0,https://www.light.gg/db/items/493299171,#N/A
Errant Knight 1.0,https://www.light.gg/db/items/215674186,80.07%
Exodus Down Grips,https://www.light.gg/db/items/2423003287,#N/A
Exodus Down Grips,https://www.light.gg/db/items/2947629004,#N/A
Exodus Down Grips,https://www.light.gg/db/items/3875829376,#N/A
Exodus Down Grips,https://www.light.gg/db/items/137386025,21.84%
Exodus Down Grips,https://www.light.gg/db/items/1539014368,#N/A
Floating Grips,https://www.light.gg/db/items/2641591727,2.18%
Floating Grips,https://www.light.gg/db/items/945907383,#N/A
Flowing Grips,https://www.light.gg/db/items/2641591726,#N/A
Flowing Grips,https://www.light.gg/db/items/945907382,#N/A
Flowing Grips (CODA),https://www.light.gg/db/items/4194072668,42.93%
Frostveil Grasps,https://www.light.gg/db/items/1695429263,10.41%
Frumious Grips,https://www.light.gg/db/items/4224076198,#N/A
Frumious Grips,https://www.light.gg/db/items/3967899461,73.8%
Frumious Grips,https://www.light.gg/db/items/3511221544,#N/A
Gensym Knight Grips,https://www.light.gg/db/items/2772980243,#N/A
Gensym Knight Grips,https://www.light.gg/db/items/3609750321,43.24%
Gensym Knight Grips,https://www.light.gg/db/items/1729074423,#N/A
Gloves of the Emperor's Agent,https://www.light.gg/db/items/1960303676,12.38%
Gloves of the Emperor's Agent,https://www.light.gg/db/items/1108389626,#N/A
Gloves of the Emperor's Agent,https://www.light.gg/db/items/917591019,#N/A
Grips of Exaltation,https://www.light.gg/db/items/1653741426,#N/A
Grips of Exaltation,https://www.light.gg/db/items/1804192853,22.46%
Grips of Feltroc,https://www.light.gg/db/items/2653039573,#N/A
Grips of Feltroc,https://www.light.gg/db/items/3693007688,16.45%
Grips of Feltroc,https://www.light.gg/db/items/2339720736,#N/A
Grips of the Ace-Defiant,https://www.light.gg/db/items/1960303677,#N/A
Grips of the Ace-Defiant,https://www.light.gg/db/items/1108389627,28.63%
Grips of the Ace-Defiant,https://www.light.gg/db/items/917591018,#N/A
Grips of the Exile,https://www.light.gg/db/items/3741471003,7.7%
Grips of the Exile,https://www.light.gg/db/items/2764588986,#N/A
Grips of the Great Hunt,https://www.light.gg/db/items/3889633083,39.99%
Grips of the Great Hunt,https://www.light.gg/db/items/1127835600,#N/A
Grips of the Great Hunt,https://www.light.gg/db/items/196235132,#N/A
Grips of the Great Hunt,https://www.light.gg/db/items/3119383537,#N/A
Holdfast Grips,https://www.light.gg/db/items/3750210364,62.74%
Icarus Drifter Grips,https://www.light.gg/db/items/1740873035,#N/A
Icarus Drifter Grips,https://www.light.gg/db/items/1932613595,78.55%
Icarus Drifter Grips,https://www.light.gg/db/items/3646674533,#N/A
Icarus Drifter Grips,https://www.light.gg/db/items/3239215026,#N/A
Illicit Collector Grips,https://www.light.gg/db/items/1769446803,#N/A
Illicit Collector Grips,https://www.light.gg/db/items/1659679091,10.86%
Illicit Collector Grips,https://www.light.gg/db/items/264182641,#N/A
Illicit Invader Grips,https://www.light.gg/db/items/2943943681,19.35%
Illicit Invader Grips,https://www.light.gg/db/items/1989814423,#N/A
Illicit Invader Grips,https://www.light.gg/db/items/249655105,#N/A
Illicit Reaper Grips,https://www.light.gg/db/items/4091317789,20%
Illicit Reaper Grips,https://www.light.gg/db/items/3587100701,#N/A
Illicit Reaper Grips,https://www.light.gg/db/items/3533064931,#N/A
Illicit Sentry Grips,https://www.light.gg/db/items/4245233855,#N/A
Illicit Sentry Grips,https://www.light.gg/db/items/154944645,10.6%
Illicit Sentry Grips,https://www.light.gg/db/items/2628033401,#N/A
Illuminus Grasps (Magnificent),https://www.light.gg/db/items/2245996336,19.92%
Illuminus Grasps (Majestic),https://www.light.gg/db/items/2245996337,23.63%
Inaugural Revelry Grips,https://www.light.gg/db/items/4203612964,11.07%
Inaugural Revelry Grips,https://www.light.gg/db/items/419435523,#N/A
Insight Rover Grips,https://www.light.gg/db/items/1020198891,#N/A
Insight Rover Grips,https://www.light.gg/db/items/1591836417,77.64%
Insight Rover Grips,https://www.light.gg/db/items/1295776817,#N/A
Insight Rover Grips,https://www.light.gg/db/items/974507844,#N/A
Intrepid Discovery Grips,https://www.light.gg/db/items/590299877,6.3%
Iron Fellowship Grips,https://www.light.gg/db/items/1601698634,#N/A
Iron Fellowship Grips,https://www.light.gg/db/items/3042878056,#N/A
Iron Fellowship Grips,https://www.light.gg/db/items/3671337107,26.44%
Iron Fellowship Grips,https://www.light.gg/db/items/2863819165,#N/A
Iron Forerunner Grips,https://www.light.gg/db/items/3651424085,50.49%
Iron Remembrance Grips,https://www.light.gg/db/items/3847368113,#N/A
Iron Remembrance Grips,https://www.light.gg/db/items/3308875113,#N/A
Iron Remembrance Grips,https://www.light.gg/db/items/4032295410,24.76%
Iron Remembrance Grips,https://www.light.gg/db/items/4010793371,#N/A
Iron Symmachy Grips,https://www.light.gg/db/items/2509918852,10.23%
Iron Symmachy Grips,https://www.light.gg/db/items/500363457,#N/A
Iron Symmachy Grips,https://www.light.gg/db/items/957732971,#N/A
Iron Truage Grips,https://www.light.gg/db/items/1959672649,34.59%
Iron Truage Grips,https://www.light.gg/db/items/3737894478,#N/A
Iron Truage Grips,https://www.light.gg/db/items/1125953881,24.4%
Iron Truage Grips,https://www.light.gg/db/items/2054377692,#N/A
Iron Truage Grips,https://www.light.gg/db/items/3756249289,#N/A
Iron Truage Grips,https://www.light.gg/db/items/3369424240,#N/A
Iron Truage Grips,https://www.light.gg/db/items/2723059534,#N/A
Iron Will Sleeves,https://www.light.gg/db/items/2295273904,31.84%
Iron Will Sleeves,https://www.light.gg/db/items/2547799775,#N/A
Kairos Function Grips,https://www.light.gg/db/items/2348421845,#N/A
Kairos Function Grips,https://www.light.gg/db/items/1193359281,44.6%
Kairos Function Grips,https://www.light.gg/db/items/3370914423,#N/A
Ketchkiller's Grips,https://www.light.gg/db/items/1834245236,50.17%
Legacy's Oath Grips,https://www.light.gg/db/items/2343515647,31.27%
Lightkin Grips,https://www.light.gg/db/items/3479737253,42.81%
Lost Pacific Grips,https://www.light.gg/db/items/479417869,#N/A
Lost Pacific Grips,https://www.light.gg/db/items/348791133,39.54%
Lost Pacific Grips,https://www.light.gg/db/items/1511235307,#N/A
Moonfang-X7 Grips,https://www.light.gg/db/items/100226755,34.18%
Neoteric Kiyot Grasps,https://www.light.gg/db/items/2622606502,22.6%
Notorious Collector Grips,https://www.light.gg/db/items/1769446801,7.25%
Notorious Collector Grips,https://www.light.gg/db/items/264182643,#N/A
Notorious Invader Grips,https://www.light.gg/db/items/1989814421,#N/A
Notorious Invader Grips,https://www.light.gg/db/items/249655107,7.7%
Notorious Reaper Grips,https://www.light.gg/db/items/3587100703,8.96%
Notorious Reaper Grips,https://www.light.gg/db/items/3533064929,#N/A
Notorious Sentry Grips,https://www.light.gg/db/items/4245233853,#N/A
Notorious Sentry Grips,https://www.light.gg/db/items/2628033403,6.52%
Omega Mechanos Grasps,https://www.light.gg/db/items/2930263100,11.17%
Opulent Stalker Grips,https://www.light.gg/db/items/1370039881,#N/A
Opulent Stalker Grips,https://www.light.gg/db/items/1471193607,#N/A
Opulent Stalker Grips,https://www.light.gg/db/items/1904615913,31.53%
Outlawed Collector Grips,https://www.light.gg/db/items/1769446802,5.37%
Outlawed Collector Grips,https://www.light.gg/db/items/264182640,#N/A
Outlawed Invader Grips,https://www.light.gg/db/items/1989814422,#N/A
Outlawed Invader Grips,https://www.light.gg/db/items/249655104,5.72%
Outlawed Reaper Grips,https://www.light.gg/db/items/3587100700,8.97%
Outlawed Reaper Grips,https://www.light.gg/db/items/3533064930,#N/A
Outlawed Sentry Grips,https://www.light.gg/db/items/2628033400,5.97%
Outlawed Sentry Grips,https://www.light.gg/db/items/4245233854,#N/A
Pathfinder's Grips,https://www.light.gg/db/items/1574187016,44.49%
Phobos Warden Grasps,https://www.light.gg/db/items/146223817,34.03%
Photosuede Grips,https://www.light.gg/db/items/619556600,52.02%
Praefectus Grips,https://www.light.gg/db/items/3673119885,49.92%
Prime Zealot Gloves,https://www.light.gg/db/items/3753500813,38.63%
Prodigal Grasps,https://www.light.gg/db/items/2762426792,#N/A
Prodigal Grasps,https://www.light.gg/db/items/3593916933,#N/A
Prodigal Grasps,https://www.light.gg/db/items/514472007,77.23%
Pyrrhic Ascent Grasps,https://www.light.gg/db/items/197672677,28.05%
Qiao's Care,https://www.light.gg/db/items/1886868481,21.95%
Red Moon Phantom Grips,https://www.light.gg/db/items/1601578801,#N/A
Red Moon Phantom Grips,https://www.light.gg/db/items/1291141296,78.48%
Red Moon Phantom Grips,https://www.light.gg/db/items/2518901664,#N/A
Resonant Fury Grips,https://www.light.gg/db/items/1583213254,24.37%
Reverie Dawn Grasps,https://www.light.gg/db/items/1705856569,#N/A
Reverie Dawn Grasps,https://www.light.gg/db/items/4008120231,52.3%
Reverie Dawn Grasps,https://www.light.gg/db/items/1903023095,#N/A
Righteous Grips,https://www.light.gg/db/items/102655739,52.08%
Righteous Grips,https://www.light.gg/db/items/3750877151,#N/A
Righteous Grips,https://www.light.gg/db/items/3750877150,#N/A
Righteous Grips,https://www.light.gg/db/items/3750877148,#N/A
Road Complex AA1,https://www.light.gg/db/items/1954457094,#N/A
Road Complex AA1,https://www.light.gg/db/items/3671791220,78.3%
Road Complex AA1,https://www.light.gg/db/items/922218300,#N/A
Scatterhorn Grasps,https://www.light.gg/db/items/237758814,77.72%
Scatterhorn Grasps,https://www.light.gg/db/items/218523139,#N/A
Scatterhorn Grasps,https://www.light.gg/db/items/1636205905,#N/A
Seventh Seraph Grips,https://www.light.gg/db/items/2701297915,51.73%
Shadow's Grips,https://www.light.gg/db/items/4017853847,14.11%
Shadow's Grips,https://www.light.gg/db/items/1946621757,#N/A
Shadow's Grips,https://www.light.gg/db/items/256904954,#N/A
Simulator Grips,https://www.light.gg/db/items/79417130,56.07%
Simulator Grips,https://www.light.gg/db/items/2415993980,#N/A
Skerren Corvus Grasps,https://www.light.gg/db/items/4187872788,12.47%
Solstice Grasps (Magnificent),https://www.light.gg/db/items/2629627596,15.58%
Solstice Grasps (Majestic),https://www.light.gg/db/items/1775707016,#N/A
Solstice Grasps (Majestic),https://www.light.gg/db/items/2393578168,14.57%
Solstice Grasps (Majestic),https://www.light.gg/db/items/515974643,20.53%
Solstice Grasps (Resplendent),https://www.light.gg/db/items/1460885752,12.83%
Solstice Grasps (Resplendent),https://www.light.gg/db/items/3236510875,#N/A
Sovereign Grips,https://www.light.gg/db/items/25798127,#N/A
Sovereign Grips,https://www.light.gg/db/items/198912077,55.22%
Substitutional Alloy Grips,https://www.light.gg/db/items/4026120127,#N/A
Substitutional Alloy Grips,https://www.light.gg/db/items/4026120125,#N/A
Substitutional Alloy Grips,https://www.light.gg/db/items/4026120124,#N/A
Substitutional Alloy Grips,https://www.light.gg/db/items/2687273800,53.97%
Swordflight 4.1,https://www.light.gg/db/items/3797729472,51.85%
Swordflight 4.1,https://www.light.gg/db/items/2473130418,#N/A
Swordflight 4.1,https://www.light.gg/db/items/2296691422,#N/A
Swordflight 4.1,https://www.light.gg/db/items/252414402,#N/A
Swordflight 4.1,https://www.light.gg/db/items/727838174,#N/A
Tangled Web Grips,https://www.light.gg/db/items/3052682216,78.41%
Tangled Web Grips,https://www.light.gg/db/items/3609169817,#N/A
Tangled Web Grips,https://www.light.gg/db/items/880368054,#N/A
The Took Offense,https://www.light.gg/db/items/1959285715,44.24%
The Took Offense,https://www.light.gg/db/items/1099472035,#N/A
The Took Offense,https://www.light.gg/db/items/1188816597,#N/A
Tusked Allegiance Grips,https://www.light.gg/db/items/4017738218,51.77%
Twisting Echo Grips,https://www.light.gg/db/items/587312237,#N/A
Twisting Echo Grips,https://www.light.gg/db/items/2308793821,39.49%
Vanguard Dare Grips,https://www.light.gg/db/items/1768177879,24.15%
Veritas Grips,https://www.light.gg/db/items/2390366526,33.61%
Vernal Growth Grips,https://www.light.gg/db/items/3503026437,8.6%
Vigil of Heroes,https://www.light.gg/db/items/1247181362,#N/A
Vigil of Heroes,https://www.light.gg/db/items/799187478,#N/A
Vigil of Heroes,https://www.light.gg/db/items/4074662489,#N/A
Vigil of Heroes,https://www.light.gg/db/items/3761819011,50.03%
Viperidax Grips,https://www.light.gg/db/items/3219256792,38.27%
Wild Hunt Grasps,https://www.light.gg/db/items/2025716654,58.95%
Wildwood Grips,https://www.light.gg/db/items/3907226374,#N/A
Wildwood Grips,https://www.light.gg/db/items/2504333144,34.72%
Wing Contender,https://www.light.gg/db/items/2070517134,#N/A
Wing Contender,https://www.light.gg/db/items/3119528729,#N/A
Wing Contender,https://www.light.gg/db/items/2331227463,#N/A
Wing Contender,https://www.light.gg/db/items/3091776080,55.85%
Winterhart Grips,https://www.light.gg/db/items/1154659864,5.85%
Winterhart Grips,https://www.light.gg/db/items/2717158440,#N/A
Woven Firesmith Grips,https://www.light.gg/db/items/240988159,#N/A
Woven Firesmith Grips,https://www.light.gg/db/items/2913217908,49.06%
Woven Firesmith Grips,https://www.light.gg/db/items/3363625697,#N/A
Abhorrent Imperative Vest,https://www.light.gg/db/items/4138580785,#N/A
Abhorrent Imperative Vest,https://www.light.gg/db/items/2320951982,25.9%
Ancient Apocalypse Vest,https://www.light.gg/db/items/1741396519,#N/A
Ancient Apocalypse Vest,https://www.light.gg/db/items/3855285278,#N/A
Ancient Apocalypse Vest,https://www.light.gg/db/items/2728668760,#N/A
Ancient Apocalypse Vest,https://www.light.gg/db/items/1314666277,50.62%
Ancient Apocalypse Vest,https://www.light.gg/db/items/2858060922,#N/A
Anti-Extinction Vest,https://www.light.gg/db/items/3304105970,56.25%
Anti-Extinction Vest,https://www.light.gg/db/items/3146241834,#N/A
Atavistic Idol Vest,https://www.light.gg/db/items/2355943840,18.47%
Bladesmith's Memory Vest,https://www.light.gg/db/items/300528205,20.3%
Bladesmith's Memory Vest,https://www.light.gg/db/items/1917693279,#N/A
BrayTech Combat Vest,https://www.light.gg/db/items/2656719840,#N/A
BrayTech Combat Vest,https://www.light.gg/db/items/3360543264,42.26%
Calamity Rig Vest,https://www.light.gg/db/items/3570900471,25.7%
Candescent Vest,https://www.light.gg/db/items/3876588445,40.72%
Cinder Pinion Vest,https://www.light.gg/db/items/886273156,32.03%
Clutch Extol Vest,https://www.light.gg/db/items/2969535443,51.32%
Crystocrene Vest,https://www.light.gg/db/items/4014508459,55.84%
Darkhollow Chiton,https://www.light.gg/db/items/169689932,25.62%
Dead End Cure 2.1,https://www.light.gg/db/items/4079913195,#N/A
Dead End Cure 2.1,https://www.light.gg/db/items/316000947,#N/A
Dead End Cure 2.1,https://www.light.gg/db/items/1835885085,77.76%
Deep Explorer Vest,https://www.light.gg/db/items/145651147,#N/A
Deep Explorer Vest,https://www.light.gg/db/items/4289018379,27.31%
Dragonfly Regalia Vest,https://www.light.gg/db/items/190167440,28.23%
Dreambane Vest,https://www.light.gg/db/items/3434445392,57.91%
Dreambane Vest,https://www.light.gg/db/items/883769696,#N/A
Eidolon Pursuant Tunic,https://www.light.gg/db/items/29154321,53.24%
Equitis Shade Rig,https://www.light.gg/db/items/2933666377,#N/A
Equitis Shade Rig,https://www.light.gg/db/items/2552158692,#N/A
Equitis Shade Rig,https://www.light.gg/db/items/813277303,12.35%
Errant Knight 1.0,https://www.light.gg/db/items/1024867629,#N/A
Errant Knight 1.0,https://www.light.gg/db/items/474076509,#N/A
Errant Knight 1.0,https://www.light.gg/db/items/2531405438,80.91%
Exodus Down Vest,https://www.light.gg/db/items/472691604,#N/A
Exodus Down Vest,https://www.light.gg/db/items/2462524641,#N/A
Exodus Down Vest,https://www.light.gg/db/items/3446606632,#N/A
Exodus Down Vest,https://www.light.gg/db/items/2956080815,12.58%
Exodus Down Vest,https://www.light.gg/db/items/126418248,#N/A
Floating Vest,https://www.light.gg/db/items/773318267,#N/A
Floating Vest,https://www.light.gg/db/items/548290755,1.9%
Flowing Vest,https://www.light.gg/db/items/773318266,#N/A
Flowing Vest,https://www.light.gg/db/items/548290754,#N/A
Flowing Vest (CODA),https://www.light.gg/db/items/508076356,39.08%
Frostveil Vest,https://www.light.gg/db/items/1987263977,11.92%
Frumious Vest,https://www.light.gg/db/items/385045066,#N/A
Frumious Vest,https://www.light.gg/db/items/2392018715,73.5%
Frumious Vest,https://www.light.gg/db/items/1735538848,#N/A
Gensym Knight Cuirass,https://www.light.gg/db/items/1085797441,#N/A
Gensym Knight Cuirass,https://www.light.gg/db/items/631885885,#N/A
Gensym Knight Cuirass,https://www.light.gg/db/items/1156579431,43.28%
Holdfast Vest,https://www.light.gg/db/items/2930001572,61.42%
Icarus Drifter Vest,https://www.light.gg/db/items/3906537733,#N/A
Icarus Drifter Vest,https://www.light.gg/db/items/3066593211,#N/A
Icarus Drifter Vest,https://www.light.gg/db/items/1399263478,#N/A
Icarus Drifter Vest,https://www.light.gg/db/items/3145637173,78.53%
Illicit Collector Vest,https://www.light.gg/db/items/3525447591,#N/A
Illicit Collector Vest,https://www.light.gg/db/items/2082319037,#N/A
Illicit Collector Vest,https://www.light.gg/db/items/2447741853,9.61%
Illicit Invader Vest,https://www.light.gg/db/items/3981071585,#N/A
Illicit Invader Vest,https://www.light.gg/db/items/4053228823,#N/A
Illicit Invader Vest,https://www.light.gg/db/items/3597838551,18.3%
Illicit Reaper Vest,https://www.light.gg/db/items/1984789549,#N/A
Illicit Reaper Vest,https://www.light.gg/db/items/3971188131,18.64%
Illicit Reaper Vest,https://www.light.gg/db/items/2635164579,#N/A
Illicit Sentry Vest,https://www.light.gg/db/items/2710420857,#N/A
Illicit Sentry Vest,https://www.light.gg/db/items/2655279451,9.74%
Illicit Sentry Vest,https://www.light.gg/db/items/3998122207,#N/A
Illuminus Vest (Magnificent),https://www.light.gg/db/items/1319537766,19.86%
Illuminus Vest (Majestic),https://www.light.gg/db/items/1319537767,23.56%
Inaugural Revelry Vest,https://www.light.gg/db/items/3965417933,#N/A
Inaugural Revelry Vest,https://www.light.gg/db/items/862152988,11.15%
Insight Rover Vest,https://www.light.gg/db/items/369384485,#N/A
Insight Rover Vest,https://www.light.gg/db/items/633160551,#N/A
Insight Rover Vest,https://www.light.gg/db/items/2808379196,#N/A
Insight Rover Vest,https://www.light.gg/db/items/4159457751,76.95%
Intrepid Discovery Vest,https://www.light.gg/db/items/1855737147,7.61%
Iron Fellowship Vest,https://www.light.gg/db/items/473526496,#N/A
Iron Fellowship Vest,https://www.light.gg/db/items/1062998051,#N/A
Iron Fellowship Vest,https://www.light.gg/db/items/2753509502,#N/A
Iron Fellowship Vest,https://www.light.gg/db/items/4039932861,26.57%
Iron Forerunner Vest,https://www.light.gg/db/items/1615052875,49.49%
Iron Remembrance Vest,https://www.light.gg/db/items/279785447,#N/A
Iron Remembrance Vest,https://www.light.gg/db/items/2810038838,24.13%
Iron Remembrance Vest,https://www.light.gg/db/items/4248834293,#N/A
Iron Remembrance Vest,https://www.light.gg/db/items/92135663,#N/A
Iron Symmachy Vest,https://www.light.gg/db/items/2772262012,10.08%
Iron Symmachy Vest,https://www.light.gg/db/items/4156963223,#N/A
Iron Symmachy Vest,https://www.light.gg/db/items/3112906149,#N/A
Iron Truage Vest,https://www.light.gg/db/items/3713593535,24.04%
Iron Truage Vest,https://www.light.gg/db/items/1181560527,#N/A
Iron Truage Vest,https://www.light.gg/db/items/831464034,#N/A
Iron Truage Vest,https://www.light.gg/db/items/4169842018,#N/A
Iron Truage Vest,https://www.light.gg/db/items/863163983,30.85%
Iron Truage Vest,https://www.light.gg/db/items/3646911172,#N/A
Iron Truage Vest,https://www.light.gg/db/items/3057399960,#N/A
Iron Will Vest,https://www.light.gg/db/items/2509940440,30.67%
Iron Will Vest,https://www.light.gg/db/items/1058936857,#N/A
Kairos Function Vest,https://www.light.gg/db/items/2638643915,#N/A
Kairos Function Vest,https://www.light.gg/db/items/3469837505,#N/A
Kairos Function Vest,https://www.light.gg/db/items/161082855,43.85%
Ketchkiller's Vest,https://www.light.gg/db/items/92499596,48.42%
Legacy's Oath Vest,https://www.light.gg/db/items/4001862073,32.01%
Lightkin Vest,https://www.light.gg/db/items/3436655867,42.19%
Lost Pacific Vest,https://www.light.gg/db/items/2380978355,#N/A
Lost Pacific Vest,https://www.light.gg/db/items/688564517,#N/A
Lost Pacific Vest,https://www.light.gg/db/items/1833326563,41.53%
Moonfang-X7 Rig,https://www.light.gg/db/items/4121885325,34.99%
Neoteric Kiyot Vest,https://www.light.gg/db/items/3532819274,22.49%
Notorious Collector Vest,https://www.light.gg/db/items/3525447589,#N/A
Notorious Collector Vest,https://www.light.gg/db/items/2082319039,6.73%
Notorious Invader Vest,https://www.light.gg/db/items/3981071587,#N/A
Notorious Invader Vest,https://www.light.gg/db/items/4053228821,7.51%
Notorious Reaper Vest,https://www.light.gg/db/items/1984789551,#N/A
Notorious Reaper Vest,https://www.light.gg/db/items/2635164577,8.38%
Notorious Sentry Vest,https://www.light.gg/db/items/2710420859,#N/A
Notorious Sentry Vest,https://www.light.gg/db/items/3998122205,6.16%
Omega Mechanos Vest,https://www.light.gg/db/items/3203735972,10.55%
Opulent Stalker Vest,https://www.light.gg/db/items/80067121,#N/A
Opulent Stalker Vest,https://www.light.gg/db/items/3759327055,#N/A
Opulent Stalker Vest,https://www.light.gg/db/items/3258844783,32.96%
Outlawed Collector Vest,https://www.light.gg/db/items/3525447590,#N/A
Outlawed Collector Vest,https://www.light.gg/db/items/2082319036,5.02%
Outlawed Invader Vest,https://www.light.gg/db/items/3981071584,#N/A
Outlawed Invader Vest,https://www.light.gg/db/items/4053228822,5.31%
Outlawed Reaper Vest,https://www.light.gg/db/items/1984789548,#N/A
Outlawed Reaper Vest,https://www.light.gg/db/items/2635164578,8.32%
Outlawed Sentry Vest,https://www.light.gg/db/items/2710420856,#N/A
Outlawed Sentry Vest,https://www.light.gg/db/items/3998122206,5.41%
Pathfinder's Tunic,https://www.light.gg/db/items/1049436160,45.01%
Phobos Warden Vest,https://www.light.gg/db/items/2335208655,35.11%
Photosuede Vest,https://www.light.gg/db/items/469333264,50.61%
Praefectus Cuirass,https://www.light.gg/db/items/3100185651,49.46%
Prime Zealot Cuirass,https://www.light.gg/db/items/1133961267,37.56%
Prodigal Vest,https://www.light.gg/db/items/3434158555,#N/A
Prodigal Vest,https://www.light.gg/db/items/1202993521,77.71%
Prodigal Vest,https://www.light.gg/db/items/2766448160,#N/A
Pyrrhic Ascent Vest,https://www.light.gg/db/items/2540765499,28.62%
Qiao's Heart,https://www.light.gg/db/items/2798295255,21.84%
Red Moon Phantom Vest,https://www.light.gg/db/items/24598504,#N/A
Red Moon Phantom Vest,https://www.light.gg/db/items/1571425240,78.4%
Red Moon Phantom Vest,https://www.light.gg/db/items/3612275815,#N/A
Resonant Fury Vest,https://www.light.gg/db/items/3487540074,21.38%
Reverie Dawn Hauberk,https://www.light.gg/db/items/2467635521,#N/A
Reverie Dawn Hauberk,https://www.light.gg/db/items/1593474975,#N/A
Reverie Dawn Hauberk,https://www.light.gg/db/items/3368092113,52.68%
Righteous Vest,https://www.light.gg/db/items/648899669,50.73%
Righteous Vest,https://www.light.gg/db/items/344824595,#N/A
Righteous Vest,https://www.light.gg/db/items/344824594,#N/A
Righteous Vest,https://www.light.gg/db/items/344824592,#N/A
Road Complex AA1,https://www.light.gg/db/items/1742735530,#N/A
Road Complex AA1,https://www.light.gg/db/items/1889156236,77.93%
Road Complex AA1,https://www.light.gg/db/items/1415533220,#N/A
Scatterhorn Vest,https://www.light.gg/db/items/1863170823,#N/A
Scatterhorn Vest,https://www.light.gg/db/items/307138509,#N/A
Scatterhorn Vest,https://www.light.gg/db/items/4044826514,77.18%
Scorned Baron Vest,https://www.light.gg/db/items/988607392,77.89%
Scorned Baron Vest,https://www.light.gg/db/items/902989307,#N/A
Scorned Baron Vest,https://www.light.gg/db/items/1928007477,#N/A
Seventh Seraph Vest,https://www.light.gg/db/items/4224643669,50.17%
Shadow's Vest,https://www.light.gg/db/items/3483984579,#N/A
Shadow's Vest,https://www.light.gg/db/items/3517729518,#N/A
Shadow's Vest,https://www.light.gg/db/items/942205921,14.1%
Simulator Vest,https://www.light.gg/db/items/1355893732,#N/A
Simulator Vest,https://www.light.gg/db/items/1512311134,55.99%
Skerren Corvus Vest,https://www.light.gg/db/items/654307116,12.3%
Solstice Vest (Magnificent),https://www.light.gg/db/items/1167143060,15.48%
Solstice Vest (Majestic),https://www.light.gg/db/items/2805101184,#N/A
Solstice Vest (Majestic),https://www.light.gg/db/items/3243833629,20.97%
Solstice Vest (Majestic),https://www.light.gg/db/items/3084686800,14.53%
Solstice Vest (Resplendent),https://www.light.gg/db/items/1450633717,#N/A
Solstice Vest (Resplendent),https://www.light.gg/db/items/222565136,12.69%
Sovereign Vest,https://www.light.gg/db/items/3060679667,55.34%
Sovereign Vest,https://www.light.gg/db/items/3323316553,#N/A
Substitutional Alloy Vest,https://www.light.gg/db/items/2657028416,53.11%
Substitutional Alloy Vest,https://www.light.gg/db/items/1855720515,#N/A
Substitutional Alloy Vest,https://www.light.gg/db/items/1855720514,#N/A
Substitutional Alloy Vest,https://www.light.gg/db/items/1855720513,#N/A
Swordflight 4.1,https://www.light.gg/db/items/2680535688,52.21%
Swordflight 4.1,https://www.light.gg/db/items/328902054,#N/A
Swordflight 4.1,https://www.light.gg/db/items/1904811766,#N/A
Swordflight 4.1,https://www.light.gg/db/items/1830829330,#N/A
Swordflight 4.1,https://www.light.gg/db/items/2718495762,#N/A
Tangled Web Vest,https://www.light.gg/db/items/2277119328,78.24%
Tangled Web Vest,https://www.light.gg/db/items/2648545535,#N/A
Tangled Web Vest,https://www.light.gg/db/items/130772858,#N/A
The Took Offense,https://www.light.gg/db/items/406401261,#N/A
The Took Offense,https://www.light.gg/db/items/3469164235,#N/A
The Took Offense,https://www.light.gg/db/items/946526461,45.28%
Tusked Allegiance Vest,https://www.light.gg/db/items/4144240158,50.68%
Twisting Echo Vest,https://www.light.gg/db/items/1951355667,#N/A
Twisting Echo Vest,https://www.light.gg/db/items/3587911011,39.18%
Vanguard Dare Vest,https://www.light.gg/db/items/3422717473,25.21%
Veritas Vest,https://www.light.gg/db/items/1660918514,39.95%
Vernal Growth Vest,https://www.light.gg/db/items/1165027035,7.98%
Vest of Feltroc,https://www.light.gg/db/items/2976612200,#N/A
Vest of Feltroc,https://www.light.gg/db/items/4240859456,16.48%
Vest of Feltroc,https://www.light.gg/db/items/845536715,#N/A
Vest of Optimacy,https://www.light.gg/db/items/369186071,13.5%
Vest of Optimacy,https://www.light.gg/db/items/1707587907,#N/A
Vest of Optimacy,https://www.light.gg/db/items/1381620543,25.08%
Vest of the Ace-Defiant,https://www.light.gg/db/items/2232730709,29.31%
Vest of the Ace-Defiant,https://www.light.gg/db/items/407863747,#N/A
Vest of the Ace-Defiant,https://www.light.gg/db/items/325434398,#N/A
Vest of the Emperor's Agent,https://www.light.gg/db/items/2232730708,#N/A
Vest of the Emperor's Agent,https://www.light.gg/db/items/407863746,12.39%
Vest of the Emperor's Agent,https://www.light.gg/db/items/325434399,#N/A
Vest of the Exile,https://www.light.gg/db/items/938618741,8.03%
Vest of the Exile,https://www.light.gg/db/items/875395086,#N/A
Vest of the Great Hunt,https://www.light.gg/db/items/2180477077,39.25%
Vest of the Great Hunt,https://www.light.gg/db/items/146275556,#N/A
Vest of the Great Hunt,https://www.light.gg/db/items/2868042232,#N/A
Vest of the Great Hunt,https://www.light.gg/db/items/972689703,#N/A
Vest of Transcendence,https://www.light.gg/db/items/210208587,21.75%
Vest of Transcendence,https://www.light.gg/db/items/4177973942,#N/A
Vigil of Heroes,https://www.light.gg/db/items/178749005,49.38%
Vigil of Heroes,https://www.light.gg/db/items/3916064886,#N/A
Vigil of Heroes,https://www.light.gg/db/items/3851385946,#N/A
Vigil of Heroes,https://www.light.gg/db/items/2337221567,#N/A
Viperidax Vest,https://www.light.gg/db/items/3934586864,38.4%
Wild Hunt Vest,https://www.light.gg/db/items/1458739906,57.25%
Wildwood Vest,https://www.light.gg/db/items/2729740202,#N/A
Wildwood Vest,https://www.light.gg/db/items/1435681904,35.14%
Wing Contender,https://www.light.gg/db/items/744199039,#N/A
Wing Contender,https://www.light.gg/db/items/3211001969,#N/A
Wing Contender,https://www.light.gg/db/items/1914589560,55.45%
Wing Contender,https://www.light.gg/db/items/1838273186,#N/A
Winterhart Vest,https://www.light.gg/db/items/3850655136,#N/A
Winterhart Vest,https://www.light.gg/db/items/3309556272,6.04%
Woven Firesmith Vest,https://www.light.gg/db/items/1126789516,48.53%
Woven Firesmith Vest,https://www.light.gg/db/items/3283890999,#N/A
Woven Firesmith Vest,https://www.light.gg/db/items/2791841721,#N/A
Abhorrent Imperative Strides,https://www.light.gg/db/items/3663938889,#N/A
Abhorrent Imperative Strides,https://www.light.gg/db/items/3371366804,33.84%
Ancient Apocalypse Strides,https://www.light.gg/db/items/2451538755,#N/A
Ancient Apocalypse Strides,https://www.light.gg/db/items/1169857924,#N/A
Ancient Apocalypse Strides,https://www.light.gg/db/items/485653258,#N/A
Ancient Apocalypse Strides,https://www.light.gg/db/items/2568447248,#N/A
Ancient Apocalypse Strides,https://www.light.gg/db/items/1698660093,50.64%
Anti-Extinction Legs,https://www.light.gg/db/items/3890232472,57.11%
Anti-Extinction Legs,https://www.light.gg/db/items/3920232320,#N/A
Atavistic Idol Strides,https://www.light.gg/db/items/162269058,18.7%
Bladesmith's Memory Strides,https://www.light.gg/db/items/384384821,20.19%
Bladesmith's Memory Strides,https://www.light.gg/db/items/2589473259,#N/A
Boots of Feltroc,https://www.light.gg/db/items/4229161783,#N/A
Boots of Feltroc,https://www.light.gg/db/items/1034660314,#N/A
Boots of Feltroc,https://www.light.gg/db/items/75025442,16.36%
Boots of the Ace-Defiant,https://www.light.gg/db/items/4251770244,#N/A
Boots of the Ace-Defiant,https://www.light.gg/db/items/30962015,#N/A
Boots of the Ace-Defiant,https://www.light.gg/db/items/3853397101,28.37%
Boots of the Emperor's Agent,https://www.light.gg/db/items/4251770245,#N/A
Boots of the Emperor's Agent,https://www.light.gg/db/items/30962014,11.82%
Boots of the Emperor's Agent,https://www.light.gg/db/items/3853397100,#N/A
Boots of the Exile,https://www.light.gg/db/items/150551028,#N/A
Boots of the Exile,https://www.light.gg/db/items/2616071821,7.68%
BrayTech Sn0Treads,https://www.light.gg/db/items/4209278210,41.84%
BrayTech Sn0Treads,https://www.light.gg/db/items/3510185410,#N/A
Calamity Rig Strides,https://www.light.gg/db/items/2075703443,25.35%
Candescent Strides,https://www.light.gg/db/items/1270288709,#N/A
Cinder Pinion Strides,https://www.light.gg/db/items/1069002790,32.25%
Clutch Extol Strides,https://www.light.gg/db/items/1310207471,51.19%
Crystocrene Strides,https://www.light.gg/db/items/1147686167,60.08%
Darkhollow Treads,https://www.light.gg/db/items/2725249086,20.91%
Dead End Cure 2.1,https://www.light.gg/db/items/2805231813,78.41%
Dead End Cure 2.1,https://www.light.gg/db/items/2205604183,#N/A
Dead End Cure 2.1,https://www.light.gg/db/items/2669113551,#N/A
Deep Explorer Strides,https://www.light.gg/db/items/2364756343,27.49%
Deep Explorer Strides,https://www.light.gg/db/items/2724719415,#N/A
Dragonfly Regalia Strides,https://www.light.gg/db/items/1558296754,27.6%
Dreambane Strides,https://www.light.gg/db/items/377813570,#N/A
Dreambane Strides,https://www.light.gg/db/items/328467570,58.68%
Eidolon Pursuant Legguards,https://www.light.gg/db/items/1241941801,53.98%
Equitis Shade Boots,https://www.light.gg/db/items/3285121297,#N/A
Equitis Shade Boots,https://www.light.gg/db/items/91896851,12.38%
Equitis Shade Boots,https://www.light.gg/db/items/2722103686,#N/A
Errant Knight 1.0,https://www.light.gg/db/items/1761136389,#N/A
Errant Knight 1.0,https://www.light.gg/db/items/3166972772,80.89%
Errant Knight 1.0,https://www.light.gg/db/items/2414278933,#N/A
Exodus Down Strides,https://www.light.gg/db/items/4258364155,22.52%
Exodus Down Strides,https://www.light.gg/db/items/3807183801,#N/A
Exodus Down Strides,https://www.light.gg/db/items/192377242,#N/A
Exodus Down Strides,https://www.light.gg/db/items/2953649850,#N/A
Exodus Down Strides,https://www.light.gg/db/items/3593464438,#N/A
Floating Boots,https://www.light.gg/db/items/2158289681,#N/A
Floating Boots,https://www.light.gg/db/items/854160041,1.57%
Flowing Boots,https://www.light.gg/db/items/2158289680,#N/A
Flowing Boots,https://www.light.gg/db/items/854160040,#N/A
Flowing Boots (CODA),https://www.light.gg/db/items/3155320806,40%
Frostveil Boots,https://www.light.gg/db/items/2311506225,11.73%
Frumious Strides,https://www.light.gg/db/items/20158663,73.09%
Frumious Strides,https://www.light.gg/db/items/3741528736,#N/A
Frumious Strides,https://www.light.gg/db/items/4146629762,#N/A
Gensym Knight Strides,https://www.light.gg/db/items/3441003139,42.07%
Gensym Knight Strides,https://www.light.gg/db/items/2507934309,#N/A
Gensym Knight Strides,https://www.light.gg/db/items/3537609113,#N/A
Holdfast Strides,https://www.light.gg/db/items/3136019014,62.38%
Icarus Drifter Legs,https://www.light.gg/db/items/3569443559,#N/A
Icarus Drifter Legs,https://www.light.gg/db/items/382653773,77.62%
Icarus Drifter Legs,https://www.light.gg/db/items/4064910796,#N/A
Icarus Drifter Legs,https://www.light.gg/db/items/3257088093,#N/A
Illicit Collector Strides,https://www.light.gg/db/items/1504400869,#N/A
Illicit Collector Strides,https://www.light.gg/db/items/95332291,#N/A
Illicit Collector Strides,https://www.light.gg/db/items/1394633029,10.74%
Illicit Invader Strides,https://www.light.gg/db/items/143821939,18.86%
Illicit Invader Strides,https://www.light.gg/db/items/3373994937,#N/A
Illicit Invader Strides,https://www.light.gg/db/items/1320043187,#N/A
Illicit Reaper Strides,https://www.light.gg/db/items/1737518783,20.22%
Illicit Reaper Strides,https://www.light.gg/db/items/1233301695,#N/A
Illicit Reaper Strides,https://www.light.gg/db/items/1159077397,#N/A
Illicit Sentry Strides,https://www.light.gg/db/items/77816839,10.78%
Illicit Sentry Strides,https://www.light.gg/db/items/3166483969,#N/A
Illicit Sentry Strides,https://www.light.gg/db/items/1225148523,#N/A
Illuminus Strides (Magnificent),https://www.light.gg/db/items/2077249154,19.91%
Illuminus Strides (Majestic),https://www.light.gg/db/items/2077249155,23.63%
Inaugural Revelry Strides,https://www.light.gg/db/items/2764769717,#N/A
Inaugural Revelry Strides,https://www.light.gg/db/items/1839291598,12.33%
Insight Rover Boots,https://www.light.gg/db/items/1127029635,#N/A
Insight Rover Boots,https://www.light.gg/db/items/2905153902,#N/A
Insight Rover Boots,https://www.light.gg/db/items/2111956477,#N/A
Insight Rover Boots,https://www.light.gg/db/items/3086681971,78.08%
Intrepid Discovery Strides,https://www.light.gg/db/items/513068903,6.69%
Iron Fellowship Strides,https://www.light.gg/db/items/3406291173,26.37%
Iron Fellowship Strides,https://www.light.gg/db/items/4144217282,#N/A
Iron Fellowship Strides,https://www.light.gg/db/items/510020159,#N/A
Iron Fellowship Strides,https://www.light.gg/db/items/258029924,#N/A
Iron Forerunner Strides,https://www.light.gg/db/items/932578999,50.48%
Iron Remembrance Strides,https://www.light.gg/db/items/138566412,23.58%
Iron Remembrance Strides,https://www.light.gg/db/items/2885394189,#N/A
Iron Remembrance Strides,https://www.light.gg/db/items/3678620931,#N/A
Iron Remembrance Strides,https://www.light.gg/db/items/3600816955,#N/A
Iron Symmachy Strides,https://www.light.gg/db/items/1570751539,#N/A
Iron Symmachy Strides,https://www.light.gg/db/items/2049490557,#N/A
Iron Symmachy Strides,https://www.light.gg/db/items/4057580974,10.18%
Iron Truage Boots,https://www.light.gg/db/items/1015625830,#N/A
Iron Truage Boots,https://www.light.gg/db/items/4018139467,24.04%
Iron Truage Boots,https://www.light.gg/db/items/1526005320,#N/A
Iron Truage Boots,https://www.light.gg/db/items/4048191131,#N/A
Iron Truage Boots,https://www.light.gg/db/items/3686482762,#N/A
Iron Truage Boots,https://www.light.gg/db/items/511170376,#N/A
Iron Truage Boots,https://www.light.gg/db/items/2251614491,35.1%
Iron Will Boots,https://www.light.gg/db/items/2653909130,30.79%
Iron Will Boots,https://www.light.gg/db/items/1469050017,#N/A
Kairos Function Boots,https://www.light.gg/db/items/1024612099,43.63%
Kairos Function Boots,https://www.light.gg/db/items/3924544055,#N/A
Kairos Function Boots,https://www.light.gg/db/items/884481817,#N/A
Ketchkiller's Strides,https://www.light.gg/db/items/2121983870,49.8%
Legacy's Oath Strides,https://www.light.gg/db/items/1264765761,30.79%
Legs of Optimacy,https://www.light.gg/db/items/710937567,#N/A
Legs of Optimacy,https://www.light.gg/db/items/2696374963,13.58%
Legs of Optimacy,https://www.light.gg/db/items/1800924363,25.02%
Lightkin Strides,https://www.light.gg/db/items/3827066919,42.18%
Lost Pacific Strides,https://www.light.gg/db/items/1150216911,#N/A
Lost Pacific Strides,https://www.light.gg/db/items/2672840191,41.57%
Lost Pacific Strides,https://www.light.gg/db/items/2602992893,#N/A
Moonfang-X7 Strides,https://www.light.gg/db/items/2487240821,35.08%
Neoteric Kiyot Strides,https://www.light.gg/db/items/2140059040,22.96%
Notorious Collector Strides,https://www.light.gg/db/items/1504400871,7.23%
Notorious Collector Strides,https://www.light.gg/db/items/95332289,#N/A
Notorious Invader Strides,https://www.light.gg/db/items/3373994939,#N/A
Notorious Invader Strides,https://www.light.gg/db/items/1320043185,7.85%
Notorious Reaper Strides,https://www.light.gg/db/items/1233301693,8.84%
Notorious Reaper Strides,https://www.light.gg/db/items/1159077399,#N/A
Notorious Sentry Strides,https://www.light.gg/db/items/3166483971,#N/A
Notorious Sentry Strides,https://www.light.gg/db/items/1225148521,6.47%
Omega Mechanos Strides,https://www.light.gg/db/items/2316071750,11.55%
Opulent Stalker Strides,https://www.light.gg/db/items/2196557755,30.63%
Opulent Stalker Strides,https://www.light.gg/db/items/1661981723,#N/A
Opulent Stalker Strides,https://www.light.gg/db/items/648456777,#N/A
Outlawed Collector Strides,https://www.light.gg/db/items/1504400868,5.18%
Outlawed Collector Strides,https://www.light.gg/db/items/95332290,#N/A
Outlawed Invader Strides,https://www.light.gg/db/items/3373994936,#N/A
Outlawed Invader Strides,https://www.light.gg/db/items/1320043186,5.97%
Outlawed Reaper Strides,https://www.light.gg/db/items/1233301694,9.08%
Outlawed Reaper Strides,https://www.light.gg/db/items/1159077396,#N/A
Outlawed Sentry Strides,https://www.light.gg/db/items/3166483968,#N/A
Outlawed Sentry Strides,https://www.light.gg/db/items/1225148522,6.14%
Pathfinder's Legguards,https://www.light.gg/db/items/2675526370,44.9%
Phobos Warden Strides,https://www.light.gg/db/items/438165659,34.43%
Photosuede Strides,https://www.light.gg/db/items/2949791538,51.85%
Praefectus Strides,https://www.light.gg/db/items/48951631,48.26%
Prime Zealot Strides,https://www.light.gg/db/items/129332559,33.48%
Prodigal Strides,https://www.light.gg/db/items/3397835010,#N/A
Prodigal Strides,https://www.light.gg/db/items/3516789127,#N/A
Prodigal Strides,https://www.light.gg/db/items/3562245001,77.71%
Pyrrhic Ascent Strides,https://www.light.gg/db/items/120441703,27.79%
Qiao's Strides,https://www.light.gg/db/items/3381714035,22.34%
Red Moon Phantom Steps,https://www.light.gg/db/items/1649776522,78.77%
Red Moon Phantom Steps,https://www.light.gg/db/items/1213841242,#N/A
Red Moon Phantom Steps,https://www.light.gg/db/items/1432831619,#N/A
Resonant Fury Strides,https://www.light.gg/db/items/1566699968,21.78%
Reverie Dawn Strides,https://www.light.gg/db/items/3711557785,#N/A
Reverie Dawn Strides,https://www.light.gg/db/items/344548395,#N/A
Reverie Dawn Strides,https://www.light.gg/db/items/3185383401,52.53%
Righteous Strides,https://www.light.gg/db/items/299852986,#N/A
Righteous Strides,https://www.light.gg/db/items/299852985,#N/A
Righteous Strides,https://www.light.gg/db/items/299852984,#N/A
Righteous Strides,https://www.light.gg/db/items/2847663213,53.34%
Road Complex AA1,https://www.light.gg/db/items/308026950,#N/A
Road Complex AA1,https://www.light.gg/db/items/3959529854,78.31%
Road Complex AA1,https://www.light.gg/db/items/1513486336,#N/A
Scatterhorn Strides,https://www.light.gg/db/items/1081701944,77.57%
Scatterhorn Strides,https://www.light.gg/db/items/2563857333,#N/A
Scatterhorn Strides,https://www.light.gg/db/items/1467355683,#N/A
Seventh Seraph Strides,https://www.light.gg/db/items/1151338093,50.49%
Shadow's Strides,https://www.light.gg/db/items/1107067065,14.04%
Shadow's Strides,https://www.light.gg/db/items/17280095,#N/A
Shadow's Strides,https://www.light.gg/db/items/1937834292,#N/A
Simulator Boots,https://www.light.gg/db/items/3030715588,56.66%
Simulator Boots,https://www.light.gg/db/items/1418921862,#N/A
Skerren Corvus Strides,https://www.light.gg/db/items/4051153950,12.65%
Solstice Strides (Magnificent),https://www.light.gg/db/items/3275463030,15.56%
Solstice Strides (Majestic),https://www.light.gg/db/items/428845810,14.21%
Solstice Strides (Majestic),https://www.light.gg/db/items/250928581,20.54%
Solstice Strides (Majestic),https://www.light.gg/db/items/2877046370,#N/A
Solstice Strides (Resplendent),https://www.light.gg/db/items/2111111693,#N/A
Solstice Strides (Resplendent),https://www.light.gg/db/items/3791120690,12.85%
Sovereign Boots,https://www.light.gg/db/items/600401425,#N/A
Sovereign Boots,https://www.light.gg/db/items/869711119,56%
Strides of Ascendancy,https://www.light.gg/db/items/2054979724,#N/A
Strides of Ascendancy,https://www.light.gg/db/items/3380315063,23.56%
Strides of the Great Hunt,https://www.light.gg/db/items/3494130310,#N/A
Strides of the Great Hunt,https://www.light.gg/db/items/2950533187,#N/A
Strides of the Great Hunt,https://www.light.gg/db/items/2298096557,39.89%
Strides of the Great Hunt,https://www.light.gg/db/items/1444894250,#N/A
Substitutional Alloy Strides,https://www.light.gg/db/items/2096778463,#N/A
Substitutional Alloy Strides,https://www.light.gg/db/items/2096778462,#N/A
Substitutional Alloy Strides,https://www.light.gg/db/items/2096778461,#N/A
Substitutional Alloy Strides,https://www.light.gg/db/items/3364258850,53.39%
Swordflight 4.1,https://www.light.gg/db/items/1571781304,#N/A
Swordflight 4.1,https://www.light.gg/db/items/3298826188,#N/A
Swordflight 4.1,https://www.light.gg/db/items/2492669178,52.4%
Swordflight 4.1,https://www.light.gg/db/items/2296560252,#N/A
Swordflight 4.1,https://www.light.gg/db/items/3140634552,#N/A
Tangled Web Strides,https://www.light.gg/db/items/2092750352,#N/A
Tangled Web Strides,https://www.light.gg/db/items/2206284939,#N/A
Tangled Web Strides,https://www.light.gg/db/items/4154021442,78.68%
The Took Offense,https://www.light.gg/db/items/3486485973,#N/A
The Took Offense,https://www.light.gg/db/items/2764938807,#N/A
The Took Offense,https://www.light.gg/db/items/1269679141,43.92%
Tusked Allegiance Strides,https://www.light.gg/db/items/3056950148,51.07%
Twisting Echo Strides,https://www.light.gg/db/items/833653807,#N/A
Twisting Echo Strides,https://www.light.gg/db/items/337875583,39.36%
Vanguard Dare Boots,https://www.light.gg/db/items/3576712697,25.49%
Veritas Strides,https://www.light.gg/db/items/2809748888,52.74%
Vernal Growth Strides,https://www.light.gg/db/items/3425898631,8%
Vigil of Heroes,https://www.light.gg/db/items/2072877132,#N/A
Vigil of Heroes,https://www.light.gg/db/items/2011569904,#N/A
Vigil of Heroes,https://www.light.gg/db/items/1812185909,50.1%
Vigil of Heroes,https://www.light.gg/db/items/2671880779,#N/A
Viperidax Strides,https://www.light.gg/db/items/1254421266,38.36%
Wild Hunt Strides,https://www.light.gg/db/items/238284968,56.59%
Wildwood Strides,https://www.light.gg/db/items/539497618,33.9%
Wildwood Strides,https://www.light.gg/db/items/3466255616,#N/A
Wing Contender,https://www.light.gg/db/items/1084033161,#N/A
Wing Contender,https://www.light.gg/db/items/1716643851,#N/A
Wing Contender,https://www.light.gg/db/items/283188616,#N/A
Wing Contender,https://www.light.gg/db/items/3408834730,56.05%
Winterhart Strides,https://www.light.gg/db/items/3909352274,5.74%
Winterhart Strides,https://www.light.gg/db/items/3352566658,#N/A
Woven Firesmith Boots,https://www.light.gg/db/items/563606995,#N/A
Woven Firesmith Boots,https://www.light.gg/db/items/3457205569,#N/A
Woven Firesmith Boots,https://www.light.gg/db/items/3200956542,48.72%
A Cloak Called Home,https://www.light.gg/db/items/1861032455,79.18%
A Cloak Called Home,https://www.light.gg/db/items/3433746208,#N/A
A Cloak Called Home,https://www.light.gg/db/items/2360521872,#N/A
Abhorrent Imperative Cloak,https://www.light.gg/db/items/2639046519,41.57%
Abhorrent Imperative Cloak,https://www.light.gg/db/items/2039043276,#N/A
Airhead Hood,https://www.light.gg/db/items/1504041928,#N/A
Airhead Hood,https://www.light.gg/db/items/3002815194,#N/A
Airhead Hood,https://www.light.gg/db/items/2751794833,#N/A
Ancient Apocalypse Cloak,https://www.light.gg/db/items/2506514251,#N/A
Ancient Apocalypse Cloak,https://www.light.gg/db/items/2881248566,#N/A
Ancient Apocalypse Cloak,https://www.light.gg/db/items/436615288,50.42%
Ancient Apocalypse Cloak,https://www.light.gg/db/items/3184912423,#N/A
Ancient Apocalypse Cloak,https://www.light.gg/db/items/1548620661,#N/A
Atavistic Idol Cloak,https://www.light.gg/db/items/1283202269,18.38%
Be Thy Guide,https://www.light.gg/db/items/2379553211,#N/A
Be Thy Guide,https://www.light.gg/db/items/2159363321,#N/A
Be Thy Guide,https://www.light.gg/db/items/4121880513,76.84%
Binary Phoenix Cloak,https://www.light.gg/db/items/87665893,51.6%
Binary Phoenix Cloak,https://www.light.gg/db/items/2426070307,#N/A
Binary Phoenix Cloak,https://www.light.gg/db/items/1658896287,#N/A
Binary Phoenix Cloak,https://www.light.gg/db/items/1071350799,#N/A
Binary Phoenix Cloak,https://www.light.gg/db/items/3313736739,#N/A
Bladesmith's Memory Cloak,https://www.light.gg/db/items/3164851950,#N/A
Bladesmith's Memory Cloak,https://www.light.gg/db/items/2750983488,20.32%
BrayTech Winter Cloak,https://www.light.gg/db/items/1966755869,#N/A
BrayTech Winter Cloak,https://www.light.gg/db/items/2287801693,42.71%
Calamity Rig Cloak,https://www.light.gg/db/items/938218310,24.97%
Candescent Cloak,https://www.light.gg/db/items/1043609040,40.54%
Cinder Pinion Cloak,https://www.light.gg/db/items/1630000089,32.31%
Clandestine Maneuvers,https://www.light.gg/db/items/1348658294,#N/A
Clandestine Maneuvers,https://www.light.gg/db/items/265279665,#N/A
Clandestine Maneuvers,https://www.light.gg/db/items/3786300792,#N/A
Clandestine Maneuvers,https://www.light.gg/db/items/1992809894,75.51%
Cloak Judgment,https://www.light.gg/db/items/421771595,#N/A
Cloak Judgment,https://www.light.gg/db/items/238320915,#N/A
Cloak Judgment (CODA),https://www.light.gg/db/items/1717940633,39.69%
Cloak of Feltroc,https://www.light.gg/db/items/3497220322,#N/A
Cloak of Feltroc,https://www.light.gg/db/items/3168014845,16.63%
Cloak of Feltroc,https://www.light.gg/db/items/383742277,#N/A
Cloak of Five Full Moons,https://www.light.gg/db/items/391377141,75.7%
Cloak of Five Full Moons,https://www.light.gg/db/items/32806262,#N/A
Cloak of Five Full Moons,https://www.light.gg/db/items/1726695877,#N/A
Cloak of Optimacy,https://www.light.gg/db/items/989291706,#N/A
Cloak of Optimacy,https://www.light.gg/db/items/2497505510,14.65%
Cloak of Optimacy,https://www.light.gg/db/items/2628779086,25.15%
Cloak of Remembrance,https://www.light.gg/db/items/2181242591,26.08%
Cloak of Remembrance,https://www.light.gg/db/items/1339294334,#N/A
Cloak of Remembrance,https://www.light.gg/db/items/3329206472,#N/A
Cloak of Remembrance,https://www.light.gg/db/items/995283190,#N/A
Cloak of Temptation,https://www.light.gg/db/items/3549177695,#N/A
Cloak of Temptation,https://www.light.gg/db/items/2861892194,20.02%
Cloak of the Emperor's Agent,https://www.light.gg/db/items/3984534843,12.34%
Cloak of the Emperor's Agent,https://www.light.gg/db/items/3950028838,#N/A
Cloak of the Emperor's Agent,https://www.light.gg/db/items/1354679721,#N/A
Cloak of the Exile,https://www.light.gg/db/items/18990920,6.77%
Cloak of the Exile,https://www.light.gg/db/items/1193489623,#N/A
Cloak of the Great Hunt,https://www.light.gg/db/items/1646520469,#N/A
Cloak of the Great Hunt,https://www.light.gg/db/items/2112541750,#N/A
Cloak of the Great Hunt,https://www.light.gg/db/items/1314563129,#N/A
Cloak of the Great Hunt,https://www.light.gg/db/items/877968616,39.05%
Cloak Relentless,https://www.light.gg/db/items/421771594,#N/A
Cloak Relentless,https://www.light.gg/db/items/238320914,1.97%
Clutch Extol Cloak,https://www.light.gg/db/items/921467658,50.54%
Cobra's Hood,https://www.light.gg/db/items/539974843,29.19%
Coronation Cloak,https://www.light.gg/db/items/342618372,#N/A
Coronation Cloak,https://www.light.gg/db/items/971138346,53.96%
Crystocrene Cloak,https://www.light.gg/db/items/2371224642,58.18%
Cunning Rivalry Cloak,https://www.light.gg/db/items/195422190,23.44%
Darkhollow Mantle,https://www.light.gg/db/items/2868448385,29.19%
Deep Explorer Cloak,https://www.light.gg/db/items/3070295330,23.24%
Deep Explorer Cloak,https://www.light.gg/db/items/2797334754,#N/A
Dragonfly Regalia Wings,https://www.light.gg/db/items/3412289997,27.72%
Dreambane Cloak,https://www.light.gg/db/items/193805725,#N/A
Dreambane Cloak,https://www.light.gg/db/items/2786161293,63.22%
Eidolon Pursuant Cloak,https://www.light.gg/db/items/2224584236,54.11%
Entanglement Cloak,https://www.light.gg/db/items/883514983,54.49%
Entanglement Cloak,https://www.light.gg/db/items/2524181305,#N/A
Equitis Shade Cloak,https://www.light.gg/db/items/2475562438,12.6%
Equitis Shade Cloak,https://www.light.gg/db/items/4247935492,#N/A
Equitis Shade Cloak,https://www.light.gg/db/items/3720446265,#N/A
Exodus Down Cloak,https://www.light.gg/db/items/1640979177,#N/A
Exodus Down Cloak,https://www.light.gg/db/items/3669590332,#N/A
Exodus Down Cloak,https://www.light.gg/db/items/374306366,20.62%
Exodus Down Cloak,https://www.light.gg/db/items/853736709,#N/A
Exodus Down Cloak,https://www.light.gg/db/items/2252973221,#N/A
Far Gone Hood,https://www.light.gg/db/items/3297872976,76.07%
Far Gone Hood,https://www.light.gg/db/items/2819613314,#N/A
Far Gone Hood,https://www.light.gg/db/items/2521426922,#N/A
Frostveil Cloak,https://www.light.gg/db/items/3301429924,12.44%
Frumious Cloak,https://www.light.gg/db/items/748838194,70.53%
Frumious Cloak,https://www.light.gg/db/items/555828571,#N/A
Frumious Cloak,https://www.light.gg/db/items/662797277,#N/A
Gensym Knight Cloak,https://www.light.gg/db/items/1868302492,#N/A
Gensym Knight Cloak,https://www.light.gg/db/items/1872077174,43.34%
Gensym Knight Cloak,https://www.light.gg/db/items/2135450480,#N/A
Holdfast Cloak,https://www.light.gg/db/items/3673831673,59.64%
Holeshot Cloak,https://www.light.gg/db/items/3002815195,#N/A
Holeshot Cloak,https://www.light.gg/db/items/2751794832,#N/A
Icarus Drifter Cape,https://www.light.gg/db/items/2562555736,#N/A
Icarus Drifter Cape,https://www.light.gg/db/items/1847870034,#N/A
Icarus Drifter Cape,https://www.light.gg/db/items/1843231752,76.98%
Icarus Drifter Cape,https://www.light.gg/db/items/1153347999,#N/A
Illicit Collector Cloak,https://www.light.gg/db/items/3909729744,11.05%
Illicit Collector Cloak,https://www.light.gg/db/items/370332342,#N/A
Illicit Collector Cloak,https://www.light.gg/db/items/3585883632,#N/A
Illicit Invader Cloak,https://www.light.gg/db/items/1886580966,#N/A
Illicit Invader Cloak,https://www.light.gg/db/items/1431190694,19.51%
Illicit Invader Cloak,https://www.light.gg/db/items/893169980,#N/A
Illicit Reaper Cloak,https://www.light.gg/db/items/1916971418,#N/A
Illicit Reaper Cloak,https://www.light.gg/db/items/98700832,#N/A
Illicit Reaper Cloak,https://www.light.gg/db/items/3252994970,20.54%
Illicit Sentry Cloak,https://www.light.gg/db/items/950313582,#N/A
Illicit Sentry Cloak,https://www.light.gg/db/items/154180148,#N/A
Illicit Sentry Cloak,https://www.light.gg/db/items/1394979698,10.51%
Illuminus Cloak (Magnificent),https://www.light.gg/db/items/2035035511,19.94%
Illuminus Cloak (Majestic),https://www.light.gg/db/items/2035035510,23.64%
Inaugural Revelry Cloak,https://www.light.gg/db/items/2572547217,11.79%
Inaugural Revelry Cloak,https://www.light.gg/db/items/2120905920,#N/A
Intrepid Discovery Cloak,https://www.light.gg/db/items/637013970,7.58%
Iron Fellowship Cloak,https://www.light.gg/db/items/4078529821,#N/A
Iron Fellowship Cloak,https://www.light.gg/db/items/2083136519,#N/A
Iron Fellowship Cloak,https://www.light.gg/db/items/1248530160,26.09%
Iron Fellowship Cloak,https://www.light.gg/db/items/344804890,#N/A
Iron Forerunner Cloak,https://www.light.gg/db/items/4266736482,51.52%
Iron Symmachy Cloak,https://www.light.gg/db/items/2234855160,#N/A
Iron Symmachy Cloak,https://www.light.gg/db/items/1990315366,#N/A
Iron Symmachy Cloak,https://www.light.gg/db/items/4058198769,10.1%
Iron Will Cloak,https://www.light.gg/db/items/1329892341,31.21%
Iron Will Cloak,https://www.light.gg/db/items/2414679508,#N/A
Kairos Function Cloak,https://www.light.gg/db/items/4252342556,#N/A
Kairos Function Cloak,https://www.light.gg/db/items/995360226,#N/A
Kairos Function Cloak,https://www.light.gg/db/items/876580598,45.58%
Ketchkiller's Cloak,https://www.light.gg/db/items/2325223873,49.64%
Legacy's Oath Cloak,https://www.light.gg/db/items/1021060724,30.88%
Lightkin Cloak,https://www.light.gg/db/items/1793372050,40.2%
Lost Pacific Cape,https://www.light.gg/db/items/732149466,40.93%
Lost Pacific Cape,https://www.light.gg/db/items/291437034,#N/A
Lost Pacific Cape,https://www.light.gg/db/items/4105480824,#N/A
Mantle of Efrideet,https://www.light.gg/db/items/561808153,#N/A
Mantle of Efrideet,https://www.light.gg/db/items/1452894389,#N/A
Mantle of Efrideet,https://www.light.gg/db/items/479917491,#N/A
Mantle of Efrideet,https://www.light.gg/db/items/2534676958,32.58%
Mantle of Efrideet,https://www.light.gg/db/items/3818295475,#N/A
Mantle of Efrideet,https://www.light.gg/db/items/665784782,24.31%
Mantle of Efrideet,https://www.light.gg/db/items/2853073502,#N/A
Medal Mantle,https://www.light.gg/db/items/223597399,32.95%
Memory of Cayde Cloak,https://www.light.gg/db/items/4210833117,78.39%
Memory of Cayde Cloak,https://www.light.gg/db/items/625602056,#N/A
Memory of Cayde Cloak,https://www.light.gg/db/items/3554672786,#N/A
Moonfang-X7 Cloak,https://www.light.gg/db/items/2701727616,35.32%
Neoteric Kiyot Cloak,https://www.light.gg/db/items/3703602779,22.93%
Notorious Collector Cloak,https://www.light.gg/db/items/370332340,#N/A
Notorious Collector Cloak,https://www.light.gg/db/items/3585883634,7.25%
Notorious Invader Cloak,https://www.light.gg/db/items/1886580964,7.88%
Notorious Invader Cloak,https://www.light.gg/db/items/893169982,#N/A
Notorious Reaper Cloak,https://www.light.gg/db/items/1916971416,8.7%
Notorious Reaper Cloak,https://www.light.gg/db/items/98700834,#N/A
Notorious Sentry Cloak,https://www.light.gg/db/items/950313580,6.54%
Notorious Sentry Cloak,https://www.light.gg/db/items/154180150,#N/A
Omega Mechanos Cloak,https://www.light.gg/db/items/3947566073,12.39%
Opulent Stalker Cloak,https://www.light.gg/db/items/1135872734,#N/A
Opulent Stalker Cloak,https://www.light.gg/db/items/2275496908,#N/A
Opulent Stalker Cloak,https://www.light.gg/db/items/211036158,31.63%
Outlawed Collector Cloak,https://www.light.gg/db/items/370332343,#N/A
Outlawed Collector Cloak,https://www.light.gg/db/items/3585883633,5.31%
Outlawed Invader Cloak,https://www.light.gg/db/items/1886580967,6.18%
Outlawed Invader Cloak,https://www.light.gg/db/items/893169981,#N/A
Outlawed Reaper Cloak,https://www.light.gg/db/items/1916971419,8.58%
Outlawed Reaper Cloak,https://www.light.gg/db/items/98700833,#N/A
Outlawed Sentry Cloak,https://www.light.gg/db/items/950313583,6.22%
Outlawed Sentry Cloak,https://www.light.gg/db/items/154180149,#N/A
Pathfinder's Hood,https://www.light.gg/db/items/401152189,42.76%
Penumbral Cloak,https://www.light.gg/db/items/2765688378,#N/A
Penumbral Cloak,https://www.light.gg/db/items/2149271612,13.86%
Penumbral Cloak,https://www.light.gg/db/items/3518193943,#N/A
Phobos Warden Cloak,https://www.light.gg/db/items/4006721630,34.49%
Photosuede Cloak,https://www.light.gg/db/items/3691455821,51.21%
Praefectus Cloak,https://www.light.gg/db/items/1010644330,48.99%
Prodigal Cloak,https://www.light.gg/db/items/2173858802,#N/A
Prodigal Cloak,https://www.light.gg/db/items/3356846604,76.39%
Prodigal Cloak,https://www.light.gg/db/items/1693706589,#N/A
Pyrrhic Ascent Cloak,https://www.light.gg/db/items/1322042322,27.91%
Qiao's Passing,https://www.light.gg/db/items/631647398,21.91%
Resonant Fury Cloak,https://www.light.gg/db/items/4124357755,23.27%
Reverie Dawn Cloak,https://www.light.gg/db/items/3306564654,#N/A
Reverie Dawn Cloak,https://www.light.gg/db/items/844097260,48.63%
Reverie Dawn Cloak,https://www.light.gg/db/items/3250140572,#N/A
Righteous Cloak,https://www.light.gg/db/items/940065571,#N/A
Righteous Cloak,https://www.light.gg/db/items/940065570,#N/A
Righteous Cloak,https://www.light.gg/db/items/940065569,#N/A
Righteous Cloak,https://www.light.gg/db/items/4065815976,49.88%
Scatterhorn Cloak,https://www.light.gg/db/items/345100195,76.07%
Scatterhorn Cloak,https://www.light.gg/db/items/2757593792,#N/A
Scatterhorn Cloak,https://www.light.gg/db/items/3044599574,#N/A
Seventh Seraph Cloak,https://www.light.gg/db/items/3346592680,49.5%
Shadow's Cloak,https://www.light.gg/db/items/3984534842,#N/A
Shadow's Cloak,https://www.light.gg/db/items/3950028839,#N/A
Shadow's Cloak,https://www.light.gg/db/items/1354679720,29.34%
Shattered Vault Cloak,https://www.light.gg/db/items/3339387242,28.23%
Skerren Corvus Cloak,https://www.light.gg/db/items/3352962401,12.96%
Solstice Cloak (Magnificent),https://www.light.gg/db/items/2335430633,15.58%
Solstice Cloak (Majestic),https://www.light.gg/db/items/2156817213,#N/A
Solstice Cloak (Majestic),https://www.light.gg/db/items/2436402701,14.56%
Solstice Cloak (Majestic),https://www.light.gg/db/items/410854224,20.54%
Solstice Cloak (Resplendent),https://www.light.gg/db/items/531005896,#N/A
Solstice Cloak (Resplendent),https://www.light.gg/db/items/3444687693,12.88%
Stella Incognita Cloak,https://www.light.gg/db/items/3783059515,#N/A
Stella Incognita Cloak,https://www.light.gg/db/items/3940923523,55.32%
Substitutional Alloy Cloak,https://www.light.gg/db/items/1137424315,#N/A
Substitutional Alloy Cloak,https://www.light.gg/db/items/1137424314,#N/A
Substitutional Alloy Cloak,https://www.light.gg/db/items/1137424312,#N/A
Substitutional Alloy Cloak,https://www.light.gg/db/items/1584183805,52.45%
Tangled Web Cloak,https://www.light.gg/db/items/25091086,#N/A
Tangled Web Cloak,https://www.light.gg/db/items/4074193483,#N/A
Tangled Web Cloak,https://www.light.gg/db/items/1587155357,76.5%
The Took Offense,https://www.light.gg/db/items/2408514352,42.2%
The Took Offense,https://www.light.gg/db/items/1825880546,#N/A
The Took Offense,https://www.light.gg/db/items/3281314016,#N/A
Tusked Allegiance Cloak,https://www.light.gg/db/items/3473867303,51.09%
Twisting Echo Cloak,https://www.light.gg/db/items/2486733914,39.84%
Twisting Echo Cloak,https://www.light.gg/db/items/286271818,#N/A
Vanguard Dare Cloak,https://www.light.gg/db/items/4205222524,24.49%
Veritas Cloak,https://www.light.gg/db/items/2297736067,27.21%
Vernal Growth Cloak,https://www.light.gg/db/items/4199694578,8.74%
Vigil of Heroes,https://www.light.gg/db/items/3670149407,#N/A
Vigil of Heroes,https://www.light.gg/db/items/3584380110,#N/A
Vigil of Heroes,https://www.light.gg/db/items/3499839403,#N/A
Vigil of Heroes,https://www.light.gg/db/items/2629204288,50.38%
Viperidax Cloak,https://www.light.gg/db/items/2820165421,38.48%
Warm Winter Cloak,https://www.light.gg/db/items/2777913564,#N/A
Warm Winter Cloak,https://www.light.gg/db/items/2661272172,7.94%
Wild Hunt Cloak,https://www.light.gg/db/items/1148770067,56.46%
Wildwood Cloak,https://www.light.gg/db/items/321260461,35.19%
Wildwood Cloak,https://www.light.gg/db/items/3366557883,#N/A
Wing Contender,https://www.light.gg/db/items/1069887756,#N/A
Wing Contender,https://www.light.gg/db/items/1062166003,#N/A
Wing Contender,https://www.light.gg/db/items/2415711886,#N/A
Wing Contender,https://www.light.gg/db/items/693067797,54.51%
Winterhart Cloak,https://www.light.gg/db/items/2777913565,#N/A
Winterhart Cloak,https://www.light.gg/db/items/2661272173,6.04%
Woven Firesmith Cape,https://www.light.gg/db/items/1117243014,#N/A
Woven Firesmith Cape,https://www.light.gg/db/items/4106007668,#N/A
Woven Firesmith Cape,https://www.light.gg/db/items/3359513793,46.28%
Gumshoe Gumption Mask,https://www.light.gg/db/items/2891906302,58.39%
Mythos Hack 4.1,https://www.light.gg/db/items/2689896341,#N/A
Mythos Hack 4.1,https://www.light.gg/db/items/2159062493,#N/A
Mythos Hack 4.1,https://www.light.gg/db/items/1930343846,99.87%
Mythos Hack 4.1,https://www.light.gg/db/items/1169595348,#N/A
Shadow Specter,https://www.light.gg/db/items/177215556,#N/A
Shadow Specter,https://www.light.gg/db/items/905249529,#N/A
Shadow Specter,https://www.light.gg/db/items/402937789,#N/A
Shadow Specter,https://www.light.gg/db/items/593627314,99.62%
Solstice Mask (Rekindled),https://www.light.gg/db/items/2065460339,14.6%
Solstice Mask (Rekindled),https://www.light.gg/db/items/721146704,#N/A
Solstice Mask (Renewed),https://www.light.gg/db/items/2479769639,29.33%
Solstice Mask (Renewed),https://www.light.gg/db/items/226436555,#N/A
Solstice Mask (Renewed),https://www.light.gg/db/items/3280087347,32.91%
Solstice Mask (Renewed),https://www.light.gg/db/items/2826719795,16.65%
The Outlander's Cover,https://www.light.gg/db/items/1992338980,#N/A
The Outlander's Cover,https://www.light.gg/db/items/3904524734,#N/A
The Outlander's Cover,https://www.light.gg/db/items/1479532637,#N/A
The Outlander's Cover,https://www.light.gg/db/items/914653197,99.53%
War Mantis,https://www.light.gg/db/items/1824298413,#N/A
War Mantis,https://www.light.gg/db/items/2183384906,#N/A
War Mantis,https://www.light.gg/db/items/3651432497,99.59%
War Mantis,https://www.light.gg/db/items/856745412,#N/A
Gearhead Grips,https://www.light.gg/db/items/3706457514,#N/A
Gearhead Grips,https://www.light.gg/db/items/2290569618,70.59%
Gumshoe Gumption Grips,https://www.light.gg/db/items/2120302383,55.76%
Mythos Hack 4.1,https://www.light.gg/db/items/1045948748,#N/A
Mythos Hack 4.1,https://www.light.gg/db/items/1365739620,#N/A
Mythos Hack 4.1,https://www.light.gg/db/items/423789,#N/A
Mythos Hack 4.1,https://www.light.gg/db/items/944303735,99.51%
Shadow Specter,https://www.light.gg/db/items/1059980443,99.46%
Shadow Specter,https://www.light.gg/db/items/124410141,#N/A
Shadow Specter,https://www.light.gg/db/items/418611312,#N/A
Shadow Specter,https://www.light.gg/db/items/3160437036,#N/A
Solstice Grasps (Rekindled),https://www.light.gg/db/items/518930465,#N/A
Solstice Grasps (Rekindled),https://www.light.gg/db/items/3853434114,14.52%
Solstice Grasps (Renewed),https://www.light.gg/db/items/2419100474,#N/A
Solstice Grasps (Renewed),https://www.light.gg/db/items/1239024834,28.57%
Solstice Grasps (Renewed),https://www.light.gg/db/items/426368686,25.06%
Solstice Grasps (Renewed),https://www.light.gg/db/items/785657282,16.56%
Songbreaker Grips,https://www.light.gg/db/items/3706457515,#N/A
Songbreaker Grips,https://www.light.gg/db/items/2290569619,72.37%
The Outlander's Grip,https://www.light.gg/db/items/1556652797,#N/A
The Outlander's Grip,https://www.light.gg/db/items/1567215868,99.47%
The Outlander's Grip,https://www.light.gg/db/items/366418892,#N/A
The Outlander's Grip,https://www.light.gg/db/items/3174394351,#N/A
War Mantis,https://www.light.gg/db/items/2476964124,#N/A
War Mantis,https://www.light.gg/db/items/803939997,#N/A
War Mantis,https://www.light.gg/db/items/2268087176,99.83%
War Mantis,https://www.light.gg/db/items/2230522771,#N/A
Gumshoe Gumption Vest,https://www.light.gg/db/items/502477449,56.2%
Mythos Hack 4.1,https://www.light.gg/db/items/1658512403,#N/A
Mythos Hack 4.1,https://www.light.gg/db/items/747210772,#N/A
Mythos Hack 4.1,https://www.light.gg/db/items/503306433,98.14%
Mythos Hack 4.1,https://www.light.gg/db/items/3264653916,#N/A
Shadow Specter,https://www.light.gg/db/items/482198005,98.18%
Shadow Specter,https://www.light.gg/db/items/3309120116,#N/A
Shadow Specter,https://www.light.gg/db/items/3035240099,#N/A
Shadow Specter,https://www.light.gg/db/items/3585730968,#N/A
Shieldbreaker Vest,https://www.light.gg/db/items/1641416381,72.51%
Shieldbreaker Vest,https://www.light.gg/db/items/1355771621,#N/A
Solstice Vest (Rekindled),https://www.light.gg/db/items/2319743206,14.61%
Solstice Vest (Rekindled),https://www.light.gg/db/items/2978747767,#N/A
Solstice Vest (Renewed),https://www.light.gg/db/items/477417894,16.26%
Solstice Vest (Renewed),https://www.light.gg/db/items/1229961870,#N/A
Solstice Vest (Renewed),https://www.light.gg/db/items/2795914918,28.84%
Solstice Vest (Renewed),https://www.light.gg/db/items/1166603202,25.38%
The Outlander's Heart,https://www.light.gg/db/items/897275209,#N/A
The Outlander's Heart,https://www.light.gg/db/items/748214628,99.58%
The Outlander's Heart,https://www.light.gg/db/items/3922069396,#N/A
The Outlander's Heart,https://www.light.gg/db/items/1701236611,#N/A
War Mantis,https://www.light.gg/db/items/3665810048,99.61%
War Mantis,https://www.light.gg/db/items/1118437892,#N/A
War Mantis,https://www.light.gg/db/items/3212340413,#N/A
War Mantis,https://www.light.gg/db/items/4155348771,#N/A
Gumshoe Gumption Strides,https://www.light.gg/db/items/2270345041,56.81%
Mindbreaker Boots,https://www.light.gg/db/items/2025523685,71.98%
Mindbreaker Boots,https://www.light.gg/db/items/886128573,#N/A
Mythos Hack 4.1,https://www.light.gg/db/items/2752838425,99.87%
Mythos Hack 4.1,https://www.light.gg/db/items/246765359,#N/A
Mythos Hack 4.1,https://www.light.gg/db/items/2871824910,#N/A
Mythos Hack 4.1,https://www.light.gg/db/items/1691784182,#N/A
Shadow Specter,https://www.light.gg/db/items/735669834,#N/A
Shadow Specter,https://www.light.gg/db/items/4230626646,#N/A
Shadow Specter,https://www.light.gg/db/items/4229548557,99.51%
Shadow Specter,https://www.light.gg/db/items/2065578431,#N/A
Solstice Strides (Rekindled),https://www.light.gg/db/items/1644189372,14.53%
Solstice Strides (Rekindled),https://www.light.gg/db/items/1589318419,#N/A
Solstice Strides (Renewed),https://www.light.gg/db/items/3283170684,28.77%
Solstice Strides (Renewed),https://www.light.gg/db/items/2933904296,25.6%
Solstice Strides (Renewed),https://www.light.gg/db/items/4100029812,#N/A
Solstice Strides (Renewed),https://www.light.gg/db/items/2829803132,16.65%
The Outlander's Steps,https://www.light.gg/db/items/570143750,99.79%
The Outlander's Steps,https://www.light.gg/db/items/3880804895,#N/A
The Outlander's Steps,https://www.light.gg/db/items/1012254326,#N/A
The Outlander's Steps,https://www.light.gg/db/items/3748997649,#N/A
War Mantis,https://www.light.gg/db/items/1965476837,#N/A
War Mantis,https://www.light.gg/db/items/2745108287,#N/A
War Mantis,https://www.light.gg/db/items/1479892134,#N/A
War Mantis,https://www.light.gg/db/items/3369426530,99.71%
Cloak of Retelling,https://www.light.gg/db/items/4288395850,#N/A
Cloak of Retelling,https://www.light.gg/db/items/1285811484,99.46%
Cloak of Retelling,https://www.light.gg/db/items/255520209,#N/A
Cloak of Retelling,https://www.light.gg/db/items/1915498345,#N/A
Gumshoe Gumption Cloak,https://www.light.gg/db/items/2282780740,54.76%
Orobas Vectura Cloak,https://www.light.gg/db/items/11686458,#N/A
Orobas Vectura Cloak,https://www.light.gg/db/items/3144980978,70.05%
Shadow Specter,https://www.light.gg/db/items/1981225397,#N/A
Shadow Specter,https://www.light.gg/db/items/2317046938,#N/A
Shadow Specter,https://www.light.gg/db/items/4052950089,#N/A
Shadow Specter,https://www.light.gg/db/items/3857537480,99.58%
Solstice Cloak (Rekindled),https://www.light.gg/db/items/346065606,#N/A
Solstice Cloak (Rekindled),https://www.light.gg/db/items/2637837647,14.6%
Solstice Cloak (Renewed),https://www.light.gg/db/items/856633363,25.48%
Solstice Cloak (Renewed),https://www.light.gg/db/items/3538363663,28.72%
Solstice Cloak (Renewed),https://www.light.gg/db/items/1548056407,#N/A
Solstice Cloak (Renewed),https://www.light.gg/db/items/1219866639,16.55%
The Outlander's Cloak,https://www.light.gg/db/items/2211544324,#N/A
The Outlander's Cloak,https://www.light.gg/db/items/795389673,#N/A
The Outlander's Cloak,https://www.light.gg/db/items/600059642,#N/A
The Outlander's Cloak,https://www.light.gg/db/items/1916502201,99.87%
Unethical Experiments Cloak,https://www.light.gg/db/items/11686457,#N/A
Unethical Experiments Cloak,https://www.light.gg/db/items/3144980977,69.78%
War Mantis Cloak,https://www.light.gg/db/items/1862164825,#N/A
War Mantis Cloak,https://www.light.gg/db/items/3437155610,#N/A
War Mantis Cloak,https://www.light.gg/db/items/420937712,#N/A
War Mantis Cloak,https://www.light.gg/db/items/3017526077,99.81%
Kit Fox 1.5,https://www.light.gg/db/items/1621184880,99.45%
Kit Fox 1.5,https://www.light.gg/db/items/182285650,#N/A
Makeshift Suit,https://www.light.gg/db/items/1452147980,#N/A
Makeshift Suit,https://www.light.gg/db/items/3080529038,99.77%
Mechanik 1.2,https://www.light.gg/db/items/955082419,99.52%
Mechanik 1.2,https://www.light.gg/db/items/3639035739,#N/A
Scavenger Suit,https://www.light.gg/db/items/3310450277,#N/A
Scavenger Suit,https://www.light.gg/db/items/3229455225,99.75%
Solstice Mask (Drained),https://www.light.gg/db/items/1126194683,25.68%
Solstice Mask (Drained),https://www.light.gg/db/items/140842223,#N/A
Solstice Mask (Scorched),https://www.light.gg/db/items/1506728251,20.57%
Solstice Mask (Scorched),https://www.light.gg/db/items/1341471164,#N/A
Kit Fox 2.1,https://www.light.gg/db/items/648638907,#N/A
Kit Fox 2.1,https://www.light.gg/db/items/1377391809,99.46%
Makeshift Suit,https://www.light.gg/db/items/648022469,#N/A
Makeshift Suit,https://www.light.gg/db/items/235325823,98.22%
Mechanik 1.1,https://www.light.gg/db/items/3208987202,99.78%
Mechanik 1.1,https://www.light.gg/db/items/844823562,#N/A
Scavenger Suit,https://www.light.gg/db/items/4091127092,#N/A
Scavenger Suit,https://www.light.gg/db/items/2742817008,99.87%
Solstice Grasps (Drained),https://www.light.gg/db/items/2585373098,22.87%
Solstice Grasps (Drained),https://www.light.gg/db/items/2720534902,#N/A
Solstice Grasps (Scorched),https://www.light.gg/db/items/3007586538,20.6%
Solstice Grasps (Scorched),https://www.light.gg/db/items/2696245301,#N/A
Kit Fox 1.4,https://www.light.gg/db/items/1117103511,99.5%
Kit Fox 1.4,https://www.light.gg/db/items/3877365781,#N/A
Makeshift Suit,https://www.light.gg/db/items/2657403961,99.84%
Makeshift Suit,https://www.light.gg/db/items/2363903643,#N/A
Mechanik 2.1,https://www.light.gg/db/items/3790903614,#N/A
Mechanik 2.1,https://www.light.gg/db/items/4269283110,99.52%
Scavenger Suit,https://www.light.gg/db/items/857264972,#N/A
Scavenger Suit,https://www.light.gg/db/items/1790272280,99.9%
Solstice Vest (Drained),https://www.light.gg/db/items/929148730,#N/A
Solstice Vest (Drained),https://www.light.gg/db/items/4242735326,22.72%
Solstice Vest (Scorched),https://www.light.gg/db/items/540653483,#N/A
Solstice Vest (Scorched),https://www.light.gg/db/items/780038942,20.6%
Kit Fox 1.1,https://www.light.gg/db/items/3352069677,#N/A
Kit Fox 1.1,https://www.light.gg/db/items/2447779891,99.81%
Makeshift Suit,https://www.light.gg/db/items/3451543233,99.68%
Makeshift Suit,https://www.light.gg/db/items/995248967,#N/A
Mechanik 1.1,https://www.light.gg/db/items/4179002916,#N/A
Mechanik 1.1,https://www.light.gg/db/items/958165756,99.51%
Scavenger Suit,https://www.light.gg/db/items/83898430,#N/A
Scavenger Suit,https://www.light.gg/db/items/3059875530,99.81%
Solstice Strides (Drained),https://www.light.gg/db/items/1241704260,22.75%
Solstice Strides (Drained),https://www.light.gg/db/items/3932814032,#N/A
Solstice Strides (Scorched),https://www.light.gg/db/items/2046798468,20.66%
Solstice Strides (Scorched),https://www.light.gg/db/items/4272367383,#N/A
At Least It's a Cape,https://www.light.gg/db/items/3971569908,99.51%
At Least It's a Cape,https://www.light.gg/db/items/720723122,#N/A
Hood of Tallies,https://www.light.gg/db/items/3544884935,#N/A
Hood of Tallies,https://www.light.gg/db/items/716764559,99.72%
Scavenger Cloak,https://www.light.gg/db/items/185766709,98.23%
Scavenger Cloak,https://www.light.gg/db/items/3556023425,#N/A
Sly Cloak,https://www.light.gg/db/items/2574857320,#N/A
Sly Cloak,https://www.light.gg/db/items/3245422950,99.75%
Solstice Cloak (Drained),https://www.light.gg/db/items/3613939175,22.77%
Solstice Cloak (Drained),https://www.light.gg/db/items/153144587,#N/A
Solstice Cloak (Scorched),https://www.light.gg/db/items/109666087,20.26%
Solstice Cloak (Scorched),https://www.light.gg/db/items/3192336962,#N/A
Daring Hunter Mask,https://www.light.gg/db/items/3303733201,#N/A
Daring Hunter Mask,https://www.light.gg/db/items/3285934677,#N/A
Helmet,https://www.light.gg/db/items/997252576,#N/A
Refugee Mask,https://www.light.gg/db/items/459778797,#N/A
Refugee Mask,https://www.light.gg/db/items/2822154467,99.82%
Scorched Hunter Mask,https://www.light.gg/db/items/1202339439,#N/A
Scorched Hunter Mask,https://www.light.gg/db/items/1731215697,#N/A
Wastelander Mask,https://www.light.gg/db/items/2231988704,99.82%
Wastelander Mask,https://www.light.gg/db/items/4100043028,#N/A
Daring Hunter Grips,https://www.light.gg/db/items/1961861544,#N/A
Daring Hunter Grips,https://www.light.gg/db/items/1961777956,#N/A
Gauntlets,https://www.light.gg/db/items/2899766705,#N/A
Refugee Gloves,https://www.light.gg/db/items/3493659058,99.64%
Refugee Gloves,https://www.light.gg/db/items/1578478684,#N/A
Scorched Hunter Grips,https://www.light.gg/db/items/3782032118,#N/A
Scorched Hunter Grips,https://www.light.gg/db/items/389344040,#N/A
Wastelander Wraps,https://www.light.gg/db/items/4134502833,99.58%
Wastelander Wraps,https://www.light.gg/db/items/2930768301,#N/A
Chest Armor,https://www.light.gg/db/items/648507367,#N/A
Daring Hunter Vest,https://www.light.gg/db/items/2261200416,#N/A
Daring Hunter Vest,https://www.light.gg/db/items/3640744220,#N/A
Refugee Vest,https://www.light.gg/db/items/2985655620,#N/A
Refugee Vest,https://www.light.gg/db/items/860993270,99.54%
Scorched Hunter Vest,https://www.light.gg/db/items/2044322464,#N/A
Scorched Hunter Vest,https://www.light.gg/db/items/1363280826,#N/A
Wastelander Vest,https://www.light.gg/db/items/397654099,#N/A
Wastelander Vest,https://www.light.gg/db/items/30960615,98.25%
Daring Hunter Strides,https://www.light.gg/db/items/3892423886,#N/A
Daring Hunter Strides,https://www.light.gg/db/items/2597269762,#N/A
Leg Armor,https://www.light.gg/db/items/2731019523,#N/A
Refugee Boots,https://www.light.gg/db/items/24387532,98.2%
Refugee Boots,https://www.light.gg/db/items/539726822,#N/A
Scorched Hunter Strides,https://www.light.gg/db/items/1024752258,#N/A
Scorched Hunter Strides,https://www.light.gg/db/items/699343952,#N/A
Wastelander Boots,https://www.light.gg/db/items/3965755651,99.53%
Wastelander Boots,https://www.light.gg/db/items/3643144047,#N/A
Daring Hunter Cloak,https://www.light.gg/db/items/1056171153,#N/A
Daring Hunter Cloak,https://www.light.gg/db/items/1188458845,#N/A
Dreamer's Cloak,https://www.light.gg/db/items/11686456,#N/A
Dreamer's Cloak,https://www.light.gg/db/items/3144980976,99.76%
Hunter Cloak,https://www.light.gg/db/items/1364005110,#N/A
Refugee Cloak,https://www.light.gg/db/items/615077791,99.62%
Refugee Cloak,https://www.light.gg/db/items/4195519897,#N/A
Renegade Hood,https://www.light.gg/db/items/2644553610,#N/A
Renegade Hood,https://www.light.gg/db/items/746458358,99.6%
Scorched Hunter Cloak,https://www.light.gg/db/items/587276683,#N/A
Scorched Hunter Cloak,https://www.light.gg/db/items/971580893,#N/A