 ,Link,%Rareza
,,
An Insurmountable Skullfort,https://www.light.gg/db/items/197761153,#N/A
An Insurmountable Skullfort,https://www.light.gg/db/items/3216110440,75.87%
Eternal Warrior,https://www.light.gg/db/items/1643575148,#N/A
Eternal Warrior,https://www.light.gg/db/items/2808156426,72.23%
Helm of Saint-14,https://www.light.gg/db/items/1362342075,#N/A
Helm of Saint-14,https://www.light.gg/db/items/106575079,70.37%
Khepri's Horn,https://www.light.gg/db/items/2384488862,68.69%
Khepri's Horn,https://www.light.gg/db/items/510504540,#N/A
Loreley Splendor Helm,https://www.light.gg/db/items/3316517958,43.39%
Mask of the Quiet One,https://www.light.gg/db/items/3883866764,73.9%
Mask of the Quiet One,https://www.light.gg/db/items/197761152,#N/A
One-Eyed Mask,https://www.light.gg/db/items/2578771006,71.14%
One-Eyed Mask,https://www.light.gg/db/items/3918600864,#N/A
Precious Scars,https://www.light.gg/db/items/3974038291,38.12%
ACD/0 Feedback Fence,https://www.light.gg/db/items/1035680664,#N/A
ACD/0 Feedback Fence,https://www.light.gg/db/items/2563444729,74.15%
Aeon Safe,https://www.light.gg/db/items/1654461647,74.72%
Aeon Safe,https://www.light.gg/db/items/1906855381,#N/A
Ashen Wake,https://www.light.gg/db/items/809007410,#N/A
Ashen Wake,https://www.light.gg/db/items/1734844650,71.56%
Citan's Ramparts,https://www.light.gg/db/items/1190497097,66.55%
Doom Fang Pauldron,https://www.light.gg/db/items/1035680665,#N/A
Doom Fang Pauldron,https://www.light.gg/db/items/241462141,74%
Icefall Mantle,https://www.light.gg/db/items/1467044898,32.87%
No Backup Plans,https://www.light.gg/db/items/3267996858,29.32%
Point-Contact Cannon Brace,https://www.light.gg/db/items/1703598057,16.11%
Second Chance,https://www.light.gg/db/items/1443166262,21.64%
Stronghold,https://www.light.gg/db/items/576499615,#N/A
Stronghold,https://www.light.gg/db/items/2240152949,66.58%
Synthoceps,https://www.light.gg/db/items/1035680666,#N/A
Synthoceps,https://www.light.gg/db/items/241462142,74.25%
Ursa Furiosa,https://www.light.gg/db/items/1484674161,#N/A
Ursa Furiosa,https://www.light.gg/db/items/1848640623,68.28%
Wormgod Caress,https://www.light.gg/db/items/809007411,#N/A
Wormgod Caress,https://www.light.gg/db/items/1734844651,72.85%
Actium War Rig,https://www.light.gg/db/items/1591207518,73.97%
Actium War Rig,https://www.light.gg/db/items/458095281,#N/A
Armamentarium,https://www.light.gg/db/items/3874247549,72.19%
Armamentarium,https://www.light.gg/db/items/2829609851,#N/A
Crest of Alpha Lupi,https://www.light.gg/db/items/1591207519,70.41%
Crest of Alpha Lupi,https://www.light.gg/db/items/458095280,#N/A
Cuirass of the Falling Star,https://www.light.gg/db/items/2321120637,72.42%
Hallowfire Heart,https://www.light.gg/db/items/1192890598,75.73%
Hallowfire Heart,https://www.light.gg/db/items/458095282,#N/A
Heart of Inmost Light,https://www.light.gg/db/items/1462291111,#N/A
Heart of Inmost Light,https://www.light.gg/db/items/1341951177,67.48%
Hoarfrost-Z,https://www.light.gg/db/items/1322544481,29.03%
Severance Enclosure,https://www.light.gg/db/items/2326396534,65.04%
Antaeus Wards,https://www.light.gg/db/items/2423243921,67.45%
Antaeus Wards,https://www.light.gg/db/items/1315823811,#N/A
Dunemarchers,https://www.light.gg/db/items/3790373072,#N/A
Dunemarchers,https://www.light.gg/db/items/1160559849,74.53%
Lion Rampant,https://www.light.gg/db/items/3790373074,#N/A
Lion Rampant,https://www.light.gg/db/items/3539357318,76.1%
Mk. 44 Stand Asides,https://www.light.gg/db/items/136355432,71.43%
Mk. 44 Stand Asides,https://www.light.gg/db/items/1902412292,#N/A
Peacekeepers,https://www.light.gg/db/items/3790373075,#N/A
Peacekeepers,https://www.light.gg/db/items/3539357319,71.51%
Peregrine Greaves,https://www.light.gg/db/items/2255796155,66.63%
Peregrine Greaves,https://www.light.gg/db/items/3257252969,#N/A
Phoenix Cradle,https://www.light.gg/db/items/1537074069,47.1%
The Path of Burning Steps,https://www.light.gg/db/items/1453120846,34.48%
Ancient Apocalypse Helm,https://www.light.gg/db/items/3664007718,#N/A
Ancient Apocalypse Helm,https://www.light.gg/db/items/2002452096,42.84%
Ancient Apocalypse Helm,https://www.light.gg/db/items/3031848199,#N/A
Ancient Apocalypse Helm,https://www.light.gg/db/items/2512196373,#N/A
Ancient Apocalypse Helm,https://www.light.gg/db/items/3825427923,#N/A
Annihilating Helm,https://www.light.gg/db/items/2391227800,1.61%
Annihilating Helm,https://www.light.gg/db/items/1929400866,#N/A
Anti-Extinction Helm,https://www.light.gg/db/items/1978760489,#N/A
Anti-Extinction Helm,https://www.light.gg/db/items/669535051,50.49%
Atavistic Idol Helmet,https://www.light.gg/db/items/486861531,16.56%
BrayTech Sn0Helm,https://www.light.gg/db/items/1751069659,#N/A
BrayTech Sn0Helm,https://www.light.gg/db/items/3240387365,34.36%
Bulletsmith's Ire Helm,https://www.light.gg/db/items/2921334134,#N/A
Bulletsmith's Ire Helm,https://www.light.gg/db/items/2719710110,16.9%
Calamity Rig Helm,https://www.light.gg/db/items/1896287986,21.47%
Candescent Helm,https://www.light.gg/db/items/3967067356,37.52%
Cinder Pinion Helm,https://www.light.gg/db/items/3991622471,26.07%
Clutch Extol Helmet,https://www.light.gg/db/items/2102025592,43.61%
Crushing Helm,https://www.light.gg/db/items/2391227801,#N/A
Crushing Helm,https://www.light.gg/db/items/1929400867,#N/A
Crushing Helm (CODA),https://www.light.gg/db/items/3976073347,36.62%
Crystocrene Helm,https://www.light.gg/db/items/903627726,43.11%
Deep Explorer Helmet,https://www.light.gg/db/items/2610749098,29.21%
Deep Explorer Helmet,https://www.light.gg/db/items/3270955774,#N/A
Descending Echo Helm,https://www.light.gg/db/items/3871537958,#N/A
Descending Echo Helm,https://www.light.gg/db/items/3473581026,37.82%
Devastation Complex,https://www.light.gg/db/items/3434301337,71.83%
Devastation Complex,https://www.light.gg/db/items/433294875,#N/A
Devastation Complex,https://www.light.gg/db/items/3725654227,#N/A
Dragonfly Regalia Helm,https://www.light.gg/db/items/1961788365,22.13%
Dreambane Helm,https://www.light.gg/db/items/272413517,#N/A
Dreambane Helm,https://www.light.gg/db/items/2813078109,50.2%
Eidolon Pursuant Helm,https://www.light.gg/db/items/527342912,50.56%
Exodus Down Helm,https://www.light.gg/db/items/582151075,#N/A
Exodus Down Helm,https://www.light.gg/db/items/413767702,11.47%
Exodus Down Helm,https://www.light.gg/db/items/1010733668,#N/A
Exodus Down Helm,https://www.light.gg/db/items/2736812653,#N/A
Exodus Down Helm,https://www.light.gg/db/items/1439502385,#N/A
Forged Machinist Helm,https://www.light.gg/db/items/524862116,#N/A
Forged Machinist Helm,https://www.light.gg/db/items/1497164220,#N/A
Forged Machinist Helm,https://www.light.gg/db/items/578189287,40.18%
Froststrike Helm,https://www.light.gg/db/items/437421244,9.75%
Gensym Knight Helm,https://www.light.gg/db/items/1447990748,35.39%
Gensym Knight Helm,https://www.light.gg/db/items/2085635022,#N/A
Gensym Knight Helm,https://www.light.gg/db/items/1370341044,#N/A
Hardy's Calm,https://www.light.gg/db/items/2881907522,18.79%
Helm of Optimacy,https://www.light.gg/db/items/138961800,#N/A
Helm of Optimacy,https://www.light.gg/db/items/3938714858,20.32%
Helm of Optimacy,https://www.light.gg/db/items/1638376198,12.78%
Helm of Righteousness,https://www.light.gg/db/items/959087754,17.67%
Helm of Righteousness,https://www.light.gg/db/items/519078295,#N/A
Helm of the Emperor's Champion,https://www.light.gg/db/items/1413589587,9.98%
Helm of the Emperor's Champion,https://www.light.gg/db/items/455108040,#N/A
Helm of the Emperor's Champion,https://www.light.gg/db/items/2913992255,#N/A
Helm of the Exile,https://www.light.gg/db/items/435339366,6.58%
Helm of the Exile,https://www.light.gg/db/items/1164471069,#N/A
Helm of the Great Hunt,https://www.light.gg/db/items/2274520361,#N/A
Helm of the Great Hunt,https://www.light.gg/db/items/3868637058,#N/A
Helm of the Great Hunt,https://www.light.gg/db/items/3546379828,35.93%
Helm of the Great Hunt,https://www.light.gg/db/items/4219088013,#N/A
Holdfast Helm,https://www.light.gg/db/items/1214477175,55.84%
Illicit Collector Helm,https://www.light.gg/db/items/975478396,#N/A
Illicit Collector Helm,https://www.light.gg/db/items/2525623542,#N/A
Illicit Collector Helm,https://www.light.gg/db/items/1266712686,8.93%
Illicit Invader Helm,https://www.light.gg/db/items/200738236,#N/A
Illicit Invader Helm,https://www.light.gg/db/items/1854337492,18.25%
Illicit Invader Helm,https://www.light.gg/db/items/3636943394,#N/A
Illicit Reaper Helm,https://www.light.gg/db/items/360521696,#N/A
Illicit Reaper Helm,https://www.light.gg/db/items/223681334,#N/A
Illicit Reaper Helm,https://www.light.gg/db/items/1909470440,18.85%
Illicit Sentry Helm,https://www.light.gg/db/items/417977312,8.76%
Illicit Sentry Helm,https://www.light.gg/db/items/2187982746,#N/A
Illicit Sentry Helm,https://www.light.gg/db/items/1698832196,#N/A
Inaugural Revelry Helm,https://www.light.gg/db/items/438524081,10.77%
Inaugural Revelry Helm,https://www.light.gg/db/items/2328435454,#N/A
Insight Unyielding Helm,https://www.light.gg/db/items/2996100508,69.83%
Insight Unyielding Helm,https://www.light.gg/db/items/2112821379,#N/A
Insight Unyielding Helm,https://www.light.gg/db/items/1293868684,#N/A
Insight Unyielding Helm,https://www.light.gg/db/items/1192751404,#N/A
Intrepid Exploit Helm,https://www.light.gg/db/items/2882705174,6.22%
Iron Fellowship Helm,https://www.light.gg/db/items/2017059966,#N/A
Iron Fellowship Helm,https://www.light.gg/db/items/3018777825,#N/A
Iron Fellowship Helm,https://www.light.gg/db/items/892360677,#N/A
Iron Fellowship Helm,https://www.light.gg/db/items/391384020,21.02%
Iron Forerunner Helm,https://www.light.gg/db/items/3106439832,42.97%
Iron Remembrance Helm,https://www.light.gg/db/items/1882457108,#N/A
Iron Remembrance Helm,https://www.light.gg/db/items/485774636,#N/A
Iron Remembrance Helm,https://www.light.gg/db/items/2368311917,18.56%
Iron Remembrance Helm,https://www.light.gg/db/items/1675022998,#N/A
Iron Symmachy Helm,https://www.light.gg/db/items/1127757814,#N/A
Iron Symmachy Helm,https://www.light.gg/db/items/198946996,#N/A
Iron Symmachy Helm,https://www.light.gg/db/items/4161524635,7.94%
Iron Truage Helm,https://www.light.gg/db/items/1105558158,#N/A
Iron Truage Helm,https://www.light.gg/db/items/739655237,#N/A
Iron Truage Helm,https://www.light.gg/db/items/682107058,27.22%
Iron Truage Helm,https://www.light.gg/db/items/1804445917,#N/A
Iron Truage Helm,https://www.light.gg/db/items/3379235805,#N/A
Iron Truage Helm,https://www.light.gg/db/items/2914695209,#N/A
Iron Truage Helm,https://www.light.gg/db/items/2203751966,19.62%
Iron Will Helm,https://www.light.gg/db/items/2105414511,24.96%
Iron Will Helm,https://www.light.gg/db/items/1895324274,#N/A
Kabr's Battlecage,https://www.light.gg/db/items/4029224226,34.64%
Kairos Function Helm,https://www.light.gg/db/items/1768175752,#N/A
Kairos Function Helm,https://www.light.gg/db/items/4182737364,37.74%
Kairos Function Helm,https://www.light.gg/db/items/3333954498,#N/A
Kerak Type 2,https://www.light.gg/db/items/1091190365,73.94%
Kerak Type 2,https://www.light.gg/db/items/160388292,#N/A
Kerak Type 2,https://www.light.gg/db/items/2332398934,#N/A
Ketchkiller's Helmet,https://www.light.gg/db/items/859087913,43.53%
Legacy's Oath Helm,https://www.light.gg/db/items/3015085684,27.9%
Lightkin Helm,https://www.light.gg/db/items/4129456190,37.2%
Lost Pacific Helm,https://www.light.gg/db/items/1558884814,#N/A
Lost Pacific Helm,https://www.light.gg/db/items/2930137294,#N/A
Lost Pacific Helm,https://www.light.gg/db/items/2717194152,34.76%
Lustrous Chromite Helm,https://www.light.gg/db/items/2253976433,9.99%
Mask of Nohr,https://www.light.gg/db/items/3731175213,11.48%
Mask of Nohr,https://www.light.gg/db/items/1991039861,#N/A
Mask of Nohr,https://www.light.gg/db/items/3359121706,#N/A
Mask of Rull,https://www.light.gg/db/items/1413589586,#N/A
Mask of Rull,https://www.light.gg/db/items/455108041,#N/A
Mask of Rull,https://www.light.gg/db/items/2913992254,24.07%
Midnight Exigent Helm,https://www.light.gg/db/items/508035927,17.48%
Midnight Exigent Helm,https://www.light.gg/db/items/2193087628,#N/A
Mimetic Savior Helm,https://www.light.gg/db/items/3839471140,#N/A
Mimetic Savior Helm,https://www.light.gg/db/items/2193432605,#N/A
Mimetic Savior Helm,https://www.light.gg/db/items/343027757,70.42%
Moonfang-X7 Helm,https://www.light.gg/db/items/2234240008,31.59%
Noble Constant Type 2,https://www.light.gg/db/items/4081859017,#N/A
Noble Constant Type 2,https://www.light.gg/db/items/2066872758,64.58%
Noble Constant Type 2,https://www.light.gg/db/items/4225579453,#N/A
Notorious Collector Helm,https://www.light.gg/db/items/975478398,#N/A
Notorious Collector Helm,https://www.light.gg/db/items/2525623540,3.92%
Notorious Invader Helm,https://www.light.gg/db/items/200738238,4.33%
Notorious Invader Helm,https://www.light.gg/db/items/3636943392,#N/A
Notorious Reaper Helm,https://www.light.gg/db/items/360521698,6.09%
Notorious Reaper Helm,https://www.light.gg/db/items/223681332,#N/A
Notorious Sentry Helm,https://www.light.gg/db/items/2187982744,#N/A
Notorious Sentry Helm,https://www.light.gg/db/items/1698832198,4.15%
Omega Mechanos Helm,https://www.light.gg/db/items/3838590505,9.94%
Opulent Duelist Helm,https://www.light.gg/db/items/1420117606,#N/A
Opulent Duelist Helm,https://www.light.gg/db/items/1194507306,#N/A
Opulent Duelist Helm,https://www.light.gg/db/items/2450046452,28.01%
Outlawed Collector Helm,https://www.light.gg/db/items/975478397,#N/A
Outlawed Collector Helm,https://www.light.gg/db/items/2525623543,4.42%
Outlawed Invader Helm,https://www.light.gg/db/items/200738237,4.97%
Outlawed Invader Helm,https://www.light.gg/db/items/3636943395,#N/A
Outlawed Reaper Helm,https://www.light.gg/db/items/360521697,8.6%
Outlawed Reaper Helm,https://www.light.gg/db/items/223681335,#N/A
Outlawed Sentry Helm,https://www.light.gg/db/items/2187982747,#N/A
Outlawed Sentry Helm,https://www.light.gg/db/items/1698832197,4.89%
Pathfinder's Helm,https://www.light.gg/db/items/430504837,38.51%
Phobos Warden Helm,https://www.light.gg/db/items/1884301546,29.1%
Phoenix Strife Type 0,https://www.light.gg/db/items/2191401041,#N/A
Phoenix Strife Type 0,https://www.light.gg/db/items/388771599,#N/A
Phoenix Strife Type 0,https://www.light.gg/db/items/1727248109,45.46%
Phoenix Strife Type 0,https://www.light.gg/db/items/3315265682,#N/A
Phoenix Strife Type 0,https://www.light.gg/db/items/2670393359,#N/A
Photosuede Helmet,https://www.light.gg/db/items/1537128821,45.36%
Praefectus Helm,https://www.light.gg/db/items/4003170632,45.7%
Prodigal Helm,https://www.light.gg/db/items/2143887570,70.48%
Prodigal Helm,https://www.light.gg/db/items/2753581141,#N/A
Prodigal Helm,https://www.light.gg/db/items/3691737472,#N/A
Pyrrhic Ascent Helm,https://www.light.gg/db/items/1260563064,22.1%
Resonant Fury Helm,https://www.light.gg/db/items/362541459,20.96%
Retro-Grade TG2,https://www.light.gg/db/items/2561056920,#N/A
Retro-Grade TG2,https://www.light.gg/db/items/2525344810,#N/A
Retro-Grade TG2,https://www.light.gg/db/items/2783831726,69.99%
Reverie Dawn Helm,https://www.light.gg/db/items/4097166900,#N/A
Reverie Dawn Helm,https://www.light.gg/db/items/99549082,#N/A
Reverie Dawn Helm,https://www.light.gg/db/items/1472713738,72.07%
Righteous Helm,https://www.light.gg/db/items/3491384606,46.57%
Righteous Helm,https://www.light.gg/db/items/238618947,#N/A
Righteous Helm,https://www.light.gg/db/items/238618945,#N/A
Righteous Helm,https://www.light.gg/db/items/238618944,#N/A
Scatterhorn Helm,https://www.light.gg/db/items/1862088022,#N/A
Scatterhorn Helm,https://www.light.gg/db/items/822537185,38.88%
Scatterhorn Helm,https://www.light.gg/db/items/3971250660,#N/A
Seventh Seraph Helmet,https://www.light.gg/db/items/2021231310,45.51%
Shadow's Helm,https://www.light.gg/db/items/1129634130,11.51%
Shadow's Helm,https://www.light.gg/db/items/325125949,#N/A
Shadow's Helm,https://www.light.gg/db/items/1434870610,#N/A
Simulator Helm,https://www.light.gg/db/items/1607585295,48.61%
Simulator Helm,https://www.light.gg/db/items/1187431263,#N/A
Solstice Helm (Magnificent),https://www.light.gg/db/items/3081894763,13.19%
Solstice Helm (Majestic),https://www.light.gg/db/items/536106547,11.03%
Solstice Helm (Majestic),https://www.light.gg/db/items/4116309852,17.34%
Solstice Helm (Majestic),https://www.light.gg/db/items/1510405477,#N/A
Solstice Helm (Resplendent),https://www.light.gg/db/items/3915635973,10.52%
Solstice Helm (Resplendent),https://www.light.gg/db/items/830497630,#N/A
Sovereign Helm,https://www.light.gg/db/items/4119718816,47.78%
Sovereign Helm,https://www.light.gg/db/items/3059968532,#N/A
Star-Crossed Helm,https://www.light.gg/db/items/2613761000,19.29%
Substitutional Alloy Helm,https://www.light.gg/db/items/2903026874,#N/A
Substitutional Alloy Helm,https://www.light.gg/db/items/2903026873,#N/A
Substitutional Alloy Helm,https://www.light.gg/db/items/2903026872,#N/A
Substitutional Alloy Helm,https://www.light.gg/db/items/695795213,47.08%
Sunbreak Helm,https://www.light.gg/db/items/2001565587,16.59%
Sunstead Helm (Magnificent),https://www.light.gg/db/items/2809967987,18.2%
Sunstead Helm (Majestic),https://www.light.gg/db/items/2809967986,21.42%
Tangled Web Helm,https://www.light.gg/db/items/2982412348,#N/A
Tangled Web Helm,https://www.light.gg/db/items/2483687741,70.33%
Tangled Web Helm,https://www.light.gg/db/items/2148295091,#N/A
Terra Concord Helm,https://www.light.gg/db/items/178467806,69.88%
Terra Concord Helm,https://www.light.gg/db/items/635809934,#N/A
Terra Concord Helm,https://www.light.gg/db/items/881579413,#N/A
Terra Concord Helm,https://www.light.gg/db/items/690335398,#N/A
The Shelter in Place,https://www.light.gg/db/items/4038429998,38.05%
The Shelter in Place,https://www.light.gg/db/items/3873435116,#N/A
The Shelter in Place,https://www.light.gg/db/items/3375632008,#N/A
Torobatl Celebration Mask,https://www.light.gg/db/items/2007698582,#N/A
Torobatl Celebration Mask,https://www.light.gg/db/items/64566999,69.94%
Torobatl Celebration Mask,https://www.light.gg/db/items/1407026808,#N/A
Turris Shade Helm,https://www.light.gg/db/items/1178920188,7.07%
Turris Shade Helm,https://www.light.gg/db/items/1339632007,#N/A
Turris Shade Helm,https://www.light.gg/db/items/855363300,#N/A
Tusked Allegiance Helmet,https://www.light.gg/db/items/2240729575,47.22%
Veritas Helm,https://www.light.gg/db/items/2126560579,23.07%
Vernal Growth Helm,https://www.light.gg/db/items/1821343040,6.43%
Vigil of Heroes,https://www.light.gg/db/items/1130203390,#N/A
Vigil of Heroes,https://www.light.gg/db/items/1514863327,#N/A
Vigil of Heroes,https://www.light.gg/db/items/1405063395,#N/A
Vigil of Heroes,https://www.light.gg/db/items/1392054568,42.09%
Viperidax Helmet,https://www.light.gg/db/items/371726421,32.68%
War Numen's Crown,https://www.light.gg/db/items/26254737,23.62%
Wild Hunt Helm,https://www.light.gg/db/items/3887272785,54.44%
Wildwood Helm,https://www.light.gg/db/items/3080875433,#N/A
Wildwood Helm,https://www.light.gg/db/items/2747681397,28.77%
Wing Discipline,https://www.light.gg/db/items/3483546829,#N/A
Wing Discipline,https://www.light.gg/db/items/2124666626,#N/A
Wing Discipline,https://www.light.gg/db/items/3818803676,#N/A
Wing Discipline,https://www.light.gg/db/items/657606375,47.67%
Winterhart Helm,https://www.light.gg/db/items/3956230125,6.36%
Winterhart Helm,https://www.light.gg/db/items/2828252061,#N/A
Ancient Apocalypse Gauntlets,https://www.light.gg/db/items/1359908066,#N/A
Ancient Apocalypse Gauntlets,https://www.light.gg/db/items/2677967607,#N/A
Ancient Apocalypse Gauntlets,https://www.light.gg/db/items/978447246,#N/A
Ancient Apocalypse Gauntlets,https://www.light.gg/db/items/1188039652,#N/A
Ancient Apocalypse Gauntlets,https://www.light.gg/db/items/3863492689,42.42%
Annihilating Guard,https://www.light.gg/db/items/1863012881,1.47%
Annihilating Guard,https://www.light.gg/db/items/3025466099,#N/A
Anti-Extinction Gauntlets,https://www.light.gg/db/items/4065136800,#N/A
Anti-Extinction Gauntlets,https://www.light.gg/db/items/2862198970,48.37%
Arms of Optimacy,https://www.light.gg/db/items/3781263385,#N/A
Arms of Optimacy,https://www.light.gg/db/items/652336087,13.2%
Arms of Optimacy,https://www.light.gg/db/items/3519818547,20.39%
Atavistic Idol Gauntlets,https://www.light.gg/db/items/1987616650,16.47%
BrayTech Thermal Grips,https://www.light.gg/db/items/3979487476,34.18%
BrayTech Thermal Grips,https://www.light.gg/db/items/3251824778,#N/A
Bulletsmith's Ire Gauntlets,https://www.light.gg/db/items/4125324487,#N/A
Bulletsmith's Ire Gauntlets,https://www.light.gg/db/items/1989682895,17%
Calamity Rig Gauntlets,https://www.light.gg/db/items/2321064411,21.43%
Candescent Gauntlets,https://www.light.gg/db/items/1068450901,37.49%
Cinder Pinion Gauntlets,https://www.light.gg/db/items/1938324686,26.59%
Clutch Extol Gauntlets,https://www.light.gg/db/items/2565829065,43.01%
Crushing Guard,https://www.light.gg/db/items/1863012880,#N/A
Crushing Guard,https://www.light.gg/db/items/3025466098,#N/A
Crushing Guard (CODA),https://www.light.gg/db/items/818644818,39.73%
Crystocrene Gauntlets,https://www.light.gg/db/items/1928831167,44.78%
Deep Explorer Gauntlets,https://www.light.gg/db/items/2616310259,29.28%
Deep Explorer Gauntlets,https://www.light.gg/db/items/2499351855,#N/A
Descending Echo Gauntlets,https://www.light.gg/db/items/2771648715,36.28%
Descending Echo Gauntlets,https://www.light.gg/db/items/2885497847,#N/A
Devastation Complex,https://www.light.gg/db/items/1892576458,#N/A
Devastation Complex,https://www.light.gg/db/items/2906086416,71.49%
Devastation Complex,https://www.light.gg/db/items/1260134370,#N/A
Dragonfly Regalia Gauntlets,https://www.light.gg/db/items/2614454204,22.36%
Dreambane Gauntlets,https://www.light.gg/db/items/1699964364,50.51%
Dreambane Gauntlets,https://www.light.gg/db/items/925079356,#N/A
Eidolon Pursuant Gauntlets,https://www.light.gg/db/items/2388383505,51.7%
Exodus Down Gauntlets,https://www.light.gg/db/items/1617861351,12.03%
Exodus Down Gauntlets,https://www.light.gg/db/items/56157064,#N/A
Exodus Down Gauntlets,https://www.light.gg/db/items/1678216306,#N/A
Exodus Down Gauntlets,https://www.light.gg/db/items/957928253,#N/A
Exodus Down Gauntlets,https://www.light.gg/db/items/3855512540,#N/A
Forged Machinist Gauntlets,https://www.light.gg/db/items/89175933,#N/A
Forged Machinist Gauntlets,https://www.light.gg/db/items/2819858798,41.16%
Forged Machinist Gauntlets,https://www.light.gg/db/items/2851938357,#N/A
Froststrike Gauntlets,https://www.light.gg/db/items/1792195381,10.14%
Gauntlets of Exaltation,https://www.light.gg/db/items/3887559710,#N/A
Gauntlets of Exaltation,https://www.light.gg/db/items/964752083,19.48%
Gauntlets of Nohr,https://www.light.gg/db/items/88873628,12.99%
Gauntlets of Nohr,https://www.light.gg/db/items/666883012,#N/A
Gauntlets of Nohr,https://www.light.gg/db/items/3364682867,#N/A
Gauntlets of Rull,https://www.light.gg/db/items/2158603584,#N/A
Gauntlets of Rull,https://www.light.gg/db/items/1879942843,#N/A
Gauntlets of Rull,https://www.light.gg/db/items/2183861871,23.08%
Gauntlets of the Emperor's Champion,https://www.light.gg/db/items/2158603585,#N/A
Gauntlets of the Emperor's Champion,https://www.light.gg/db/items/1879942842,10.04%
Gauntlets of the Emperor's Champion,https://www.light.gg/db/items/2183861870,#N/A
Gauntlets of the Exile,https://www.light.gg/db/items/3702689847,6.39%
Gauntlets of the Exile,https://www.light.gg/db/items/3921970316,#N/A
Gauntlets of the Great Hunt,https://www.light.gg/db/items/1952647501,35.38%
Gauntlets of the Great Hunt,https://www.light.gg/db/items/576683388,#N/A
Gauntlets of the Great Hunt,https://www.light.gg/db/items/3208178411,#N/A
Gauntlets of the Great Hunt,https://www.light.gg/db/items/65929376,#N/A
Gensym Knight Gauntlets,https://www.light.gg/db/items/2844341589,34.66%
Gensym Knight Gauntlets,https://www.light.gg/db/items/4071576013,#N/A
Gensym Knight Gauntlets,https://www.light.gg/db/items/3110838463,#N/A
Hardy's Control,https://www.light.gg/db/items/2221552043,18.77%
Holdfast Gauntlets,https://www.light.gg/db/items/287888126,56.37%
Illicit Collector Gauntlets,https://www.light.gg/db/items/2371932405,#N/A
Illicit Collector Gauntlets,https://www.light.gg/db/items/3729613895,#N/A
Illicit Collector Gauntlets,https://www.light.gg/db/items/2716373471,9.01%
Illicit Invader Gauntlets,https://www.light.gg/db/items/1555512373,#N/A
Illicit Invader Gauntlets,https://www.light.gg/db/items/2976484619,#N/A
Illicit Invader Gauntlets,https://www.light.gg/db/items/685165933,19.36%
Illicit Reaper Gauntlets,https://www.light.gg/db/items/1256804729,16.8%
Illicit Reaper Gauntlets,https://www.light.gg/db/items/2263035825,#N/A
Illicit Reaper Gauntlets,https://www.light.gg/db/items/1386198151,#N/A
Illicit Sentry Gauntlets,https://www.light.gg/db/items/1646026781,#N/A
Illicit Sentry Gauntlets,https://www.light.gg/db/items/2320491441,9.13%
Illicit Sentry Gauntlets,https://www.light.gg/db/items/130287075,#N/A
Inaugural Revelry Gauntlets,https://www.light.gg/db/items/1556831535,#N/A
Inaugural Revelry Gauntlets,https://www.light.gg/db/items/3350146056,8.22%
Insight Unyielding Gauntlets,https://www.light.gg/db/items/489743173,#N/A
Insight Unyielding Gauntlets,https://www.light.gg/db/items/56010517,69.68%
Insight Unyielding Gauntlets,https://www.light.gg/db/items/388625893,#N/A
Insight Unyielding Gauntlets,https://www.light.gg/db/items/3250360146,#N/A
Intrepid Exploit Gauntlets,https://www.light.gg/db/items/4086798823,6.62%
Iron Fellowship Gauntlets,https://www.light.gg/db/items/1245456047,#N/A
Iron Fellowship Gauntlets,https://www.light.gg/db/items/3517179757,21.45%
Iron Fellowship Gauntlets,https://www.light.gg/db/items/1673037492,#N/A
Iron Fellowship Gauntlets,https://www.light.gg/db/items/3856697336,#N/A
Iron Forerunner Gauntlets,https://www.light.gg/db/items/3570243433,43.16%
Iron Remembrance Gauntlets,https://www.light.gg/db/items/3487011804,19.44%
Iron Remembrance Gauntlets,https://www.light.gg/db/items/713182381,#N/A
Iron Remembrance Gauntlets,https://www.light.gg/db/items/2879116647,#N/A
Iron Remembrance Gauntlets,https://www.light.gg/db/items/3976616421,#N/A
Iron Symmachy Gauntlets,https://www.light.gg/db/items/1325838922,7.94%
Iron Symmachy Gauntlets,https://www.light.gg/db/items/2900181965,#N/A
Iron Symmachy Gauntlets,https://www.light.gg/db/items/2331748167,#N/A
Iron Truage Gauntlets,https://www.light.gg/db/items/706104224,#N/A
Iron Truage Gauntlets,https://www.light.gg/db/items/2266122060,#N/A
Iron Truage Gauntlets,https://www.light.gg/db/items/2555322239,#N/A
Iron Truage Gauntlets,https://www.light.gg/db/items/1148460187,30.1%
Iron Truage Gauntlets,https://www.light.gg/db/items/691332172,#N/A
Iron Truage Gauntlets,https://www.light.gg/db/items/1478755348,#N/A
Iron Truage Gauntlets,https://www.light.gg/db/items/1473724751,20.56%
Iron Will Gauntlets,https://www.light.gg/db/items/2320100699,#N/A
Iron Will Gauntlets,https://www.light.gg/db/items/390139894,25.52%
Kabr's Brazen Grips,https://www.light.gg/db/items/3368765451,36.91%
Kairos Function Gauntlets,https://www.light.gg/db/items/1115510041,#N/A
Kairos Function Gauntlets,https://www.light.gg/db/items/3013565805,38.14%
Kairos Function Gauntlets,https://www.light.gg/db/items/2673599019,#N/A
Kerak Type 2,https://www.light.gg/db/items/107582877,#N/A
Kerak Type 2,https://www.light.gg/db/items/4273043916,74.28%
Kerak Type 2,https://www.light.gg/db/items/3536492583,#N/A
Ketchkiller's Gauntlets,https://www.light.gg/db/items/2945464224,44.15%
Legacy's Oath Gauntlets,https://www.light.gg/db/items/1887490701,29.86%
Lightkin Gauntlets,https://www.light.gg/db/items/3399325807,37.82%
Lost Pacific Gauntlets,https://www.light.gg/db/items/3955340735,#N/A
Lost Pacific Gauntlets,https://www.light.gg/db/items/1598597433,34.12%
Lost Pacific Gauntlets,https://www.light.gg/db/items/2584088255,#N/A
Lustrous Chromite Gauntlets,https://www.light.gg/db/items/870527944,10.19%
Midnight Exigent Gauntlets,https://www.light.gg/db/items/3876414174,22.12%
Midnight Exigent Gauntlets,https://www.light.gg/db/items/1388962117,#N/A
Mimetic Savior Gauntlets,https://www.light.gg/db/items/3403784957,#N/A
Mimetic Savior Gauntlets,https://www.light.gg/db/items/995693468,72.56%
Mimetic Savior Gauntlets,https://www.light.gg/db/items/655964556,#N/A
Moonfang-X7 Gauntlets,https://www.light.gg/db/items/1581574297,31.54%
Noble Constant Type 2,https://www.light.gg/db/items/1490387264,#N/A
Noble Constant Type 2,https://www.light.gg/db/items/3229389575,66.26%
Noble Constant Type 2,https://www.light.gg/db/items/2688111404,#N/A
Notorious Collector Gauntlets,https://www.light.gg/db/items/2371932407,#N/A
Notorious Collector Gauntlets,https://www.light.gg/db/items/3729613893,5.06%
Notorious Invader Gauntlets,https://www.light.gg/db/items/1555512375,5.4%
Notorious Invader Gauntlets,https://www.light.gg/db/items/2976484617,#N/A
Notorious Reaper Gauntlets,https://www.light.gg/db/items/2263035827,6.24%
Notorious Reaper Gauntlets,https://www.light.gg/db/items/1386198149,#N/A
Notorious Sentry Gauntlets,https://www.light.gg/db/items/1646026783,5.12%
Notorious Sentry Gauntlets,https://www.light.gg/db/items/130287073,#N/A
Omega Mechanos Gauntlets,https://www.light.gg/db/items/1629999520,11.74%
Opulent Duelist Gauntlets,https://www.light.gg/db/items/1322451469,28.46%
Opulent Duelist Gauntlets,https://www.light.gg/db/items/1200068467,#N/A
Opulent Duelist Gauntlets,https://www.light.gg/db/items/392500791,#N/A
Outlawed Collector Gauntlets,https://www.light.gg/db/items/2371932404,#N/A
Outlawed Collector Gauntlets,https://www.light.gg/db/items/3729613894,3.78%
Outlawed Invader Gauntlets,https://www.light.gg/db/items/1555512372,3.96%
Outlawed Invader Gauntlets,https://www.light.gg/db/items/2976484618,#N/A
Outlawed Reaper Gauntlets,https://www.light.gg/db/items/2263035824,6.6%
Outlawed Reaper Gauntlets,https://www.light.gg/db/items/1386198150,#N/A
Outlawed Sentry Gauntlets,https://www.light.gg/db/items/1646026780,4.9%
Outlawed Sentry Gauntlets,https://www.light.gg/db/items/130287074,#N/A
Pathfinder's Gauntlets,https://www.light.gg/db/items/1211181652,38.8%
Phobos Warden Gauntlets,https://www.light.gg/db/items/1465405235,29.12%
Phoenix Strife Type 0,https://www.light.gg/db/items/530558102,#N/A
Phoenix Strife Type 0,https://www.light.gg/db/items/3781722107,#N/A
Phoenix Strife Type 0,https://www.light.gg/db/items/2543903638,#N/A
Phoenix Strife Type 0,https://www.light.gg/db/items/2845947996,44.9%
Phoenix Strife Type 0,https://www.light.gg/db/items/849529384,#N/A
Photosuede Gauntlets,https://www.light.gg/db/items/212971972,44.85%
Praefectus Gauntlets,https://www.light.gg/db/items/3350504921,46.47%
Prodigal Gauntlets,https://www.light.gg/db/items/1429424420,#N/A
Prodigal Gauntlets,https://www.light.gg/db/items/2610240827,70.64%
Prodigal Gauntlets,https://www.light.gg/db/items/1257810769,#N/A
Pyrrhic Ascent Gauntlets,https://www.light.gg/db/items/1724366537,22.73%
Resonant Fury Gauntlets,https://www.light.gg/db/items/2150515362,22.71%
Retro-Grade TG2,https://www.light.gg/db/items/3809138207,70.69%
Retro-Grade TG2,https://www.light.gg/db/items/3024860521,#N/A
Retro-Grade TG2,https://www.light.gg/db/items/2530905971,#N/A
Reverie Dawn Gauntlets,https://www.light.gg/db/items/2503434573,#N/A
Reverie Dawn Gauntlets,https://www.light.gg/db/items/2336820707,#N/A
Reverie Dawn Gauntlets,https://www.light.gg/db/items/1478378067,71.99%
Righteous Gauntlets,https://www.light.gg/db/items/1076538458,#N/A
Righteous Gauntlets,https://www.light.gg/db/items/1076538457,#N/A
Righteous Gauntlets,https://www.light.gg/db/items/1076538456,#N/A
Righteous Gauntlets,https://www.light.gg/db/items/2761357391,46.63%
Scatterhorn Gauntlets,https://www.light.gg/db/items/1660456696,39.33%
Scatterhorn Gauntlets,https://www.light.gg/db/items/3918445245,#N/A
Scatterhorn Gauntlets,https://www.light.gg/db/items/3066181671,#N/A
Seventh Seraph Gauntlets,https://www.light.gg/db/items/3046434751,46.74%
Shadow's Gauntlets,https://www.light.gg/db/items/1901223867,#N/A
Shadow's Gauntlets,https://www.light.gg/db/items/1595987387,11.64%
Shadow's Gauntlets,https://www.light.gg/db/items/3082625196,#N/A
Simulator Gauntlets,https://www.light.gg/db/items/3762717334,49.01%
Simulator Gauntlets,https://www.light.gg/db/items/1162875302,#N/A
Solstice Gauntlets (Magnificent),https://www.light.gg/db/items/1404151898,13.21%
Solstice Gauntlets (Majestic),https://www.light.gg/db/items/2291082292,#N/A
Solstice Gauntlets (Majestic),https://www.light.gg/db/items/2790011330,11.19%
Solstice Gauntlets (Majestic),https://www.light.gg/db/items/1217693397,17.33%
Solstice Gauntlets (Resplendent),https://www.light.gg/db/items/401345492,10.23%
Solstice Gauntlets (Resplendent),https://www.light.gg/db/items/3929403535,#N/A
Sovereign Gauntlets,https://www.light.gg/db/items/1890693805,#N/A
Sovereign Gauntlets,https://www.light.gg/db/items/1685792113,48.33%
Star-Crossed Fists,https://www.light.gg/db/items/1961095289,19.63%
Substitutional Alloy Gauntlets,https://www.light.gg/db/items/1348357884,48.37%
Substitutional Alloy Gauntlets,https://www.light.gg/db/items/2942269707,#N/A
Substitutional Alloy Gauntlets,https://www.light.gg/db/items/2942269705,#N/A
Substitutional Alloy Gauntlets,https://www.light.gg/db/items/2942269704,#N/A
Sunbreak Gauntlets,https://www.light.gg/db/items/3789539490,16.51%
Sunstead Gauntlets (Magnificent),https://www.light.gg/db/items/3234744410,18.21%
Sunstead Gauntlets (Majestic),https://www.light.gg/db/items/3234744411,21.4%
Tangled Web Gauntlets,https://www.light.gg/db/items/107232578,#N/A
Tangled Web Gauntlets,https://www.light.gg/db/items/42219189,#N/A
Tangled Web Gauntlets,https://www.light.gg/db/items/946219692,70.71%
Terra Concord Fists,https://www.light.gg/db/items/3852389988,#N/A
Terra Concord Fists,https://www.light.gg/db/items/2085574015,#N/A
Terra Concord Fists,https://www.light.gg/db/items/3999262583,#N/A
Terra Concord Fists,https://www.light.gg/db/items/3277373711,71.34%
The Shelter in Place,https://www.light.gg/db/items/3027732901,#N/A
The Shelter in Place,https://www.light.gg/db/items/768769183,38.33%
The Shelter in Place,https://www.light.gg/db/items/2722966297,#N/A
Turris Shade Gauntlets,https://www.light.gg/db/items/3581198350,#N/A
Turris Shade Gauntlets,https://www.light.gg/db/items/802557885,#N/A
Turris Shade Gauntlets,https://www.light.gg/db/items/2575374197,10.14%
Tusked Allegiance Gauntlets,https://www.light.gg/db/items/187431790,47.6%
Veritas Gauntlets,https://www.light.gg/db/items/2798065170,29.06%
Vernal Growth Gauntlets,https://www.light.gg/db/items/3682383633,7.03%
Vigil of Heroes,https://www.light.gg/db/items/2076567986,#N/A
Vigil of Heroes,https://www.light.gg/db/items/1490307366,#N/A
Vigil of Heroes,https://www.light.gg/db/items/358599471,#N/A
Vigil of Heroes,https://www.light.gg/db/items/273457849,41.19%
Viperidax Gauntlets,https://www.light.gg/db/items/3342536996,33.22%
War Numen's Fist,https://www.light.gg/db/items/2937773672,25.03%
Wild Hunt Gauntlets,https://www.light.gg/db/items/2545401128,54.44%
Wildwood Gauntlets,https://www.light.gg/db/items/1423524548,28.72%
Wildwood Gauntlets,https://www.light.gg/db/items/872284448,#N/A
Wing Discipline,https://www.light.gg/db/items/4136212668,#N/A
Wing Discipline,https://www.light.gg/db/items/2899275886,47.89%
Wing Discipline,https://www.light.gg/db/items/1464207979,#N/A
Wing Discipline,https://www.light.gg/db/items/920187221,#N/A
Winterhart Gauntlets,https://www.light.gg/db/items/1290784012,#N/A
Winterhart Gauntlets,https://www.light.gg/db/items/779962716,5.78%
Ancient Apocalypse Plate,https://www.light.gg/db/items/191247558,#N/A
Ancient Apocalypse Plate,https://www.light.gg/db/items/4115739810,#N/A
Ancient Apocalypse Plate,https://www.light.gg/db/items/1811579911,42.2%
Ancient Apocalypse Plate,https://www.light.gg/db/items/1237661249,#N/A
Ancient Apocalypse Plate,https://www.light.gg/db/items/2518527196,#N/A
Annihilating Plate,https://www.light.gg/db/items/934145081,1.14%
Annihilating Plate,https://www.light.gg/db/items/784751927,#N/A
Anti-Extinction Plate,https://www.light.gg/db/items/1557512974,48.95%
Anti-Extinction Plate,https://www.light.gg/db/items/387100392,#N/A
Atavistic Idol Plate,https://www.light.gg/db/items/2627533758,16.42%
BrayTech Iron-Heart Engine,https://www.light.gg/db/items/3484179468,34.82%
BrayTech Iron-Heart Engine,https://www.light.gg/db/items/1002301118,#N/A
Bulletsmith's Ire Plate,https://www.light.gg/db/items/3491990569,17.2%
Bulletsmith's Ire Plate,https://www.light.gg/db/items/2530113265,#N/A
Calamity Rig Plate,https://www.light.gg/db/items/777526069,21.12%
Candescent Plate,https://www.light.gg/db/items/58945355,37.03%
Chassis of Rull,https://www.light.gg/db/items/1876645653,#N/A
Chassis of Rull,https://www.light.gg/db/items/3292127945,24.13%
Chassis of Rull,https://www.light.gg/db/items/1390282760,#N/A
Cinder Pinion Plate,https://www.light.gg/db/items/3601794530,26.02%
Clutch Extol Plate,https://www.light.gg/db/items/2478547407,43.18%
Crushing Plate,https://www.light.gg/db/items/934145080,#N/A
Crushing Plate,https://www.light.gg/db/items/784751926,#N/A
Crushing Plate (CODA),https://www.light.gg/db/items/2570653206,36.5%
Crystocrene Plate,https://www.light.gg/db/items/1208040825,46.06%
Cuirass of the Emperor's Champion,https://www.light.gg/db/items/1876645652,10.55%
Cuirass of the Emperor's Champion,https://www.light.gg/db/items/3292127944,#N/A
Cuirass of the Emperor's Champion,https://www.light.gg/db/items/1390282761,#N/A
Deep Explorer Plate,https://www.light.gg/db/items/3570529565,28.64%
Deep Explorer Plate,https://www.light.gg/db/items/2935559305,#N/A
Descending Echo Cage,https://www.light.gg/db/items/549825413,36.57%
Descending Echo Cage,https://www.light.gg/db/items/3267969345,#N/A
Devastation Complex,https://www.light.gg/db/items/1865671934,#N/A
Devastation Complex,https://www.light.gg/db/items/385985080,69.65%
Devastation Complex,https://www.light.gg/db/items/2932121030,#N/A
Dragonfly Regalia Plate,https://www.light.gg/db/items/2634286116,22.79%
Dreambane Plate,https://www.light.gg/db/items/175015316,50.04%
Dreambane Plate,https://www.light.gg/db/items/2568538788,#N/A
Eidolon Pursuant Plate,https://www.light.gg/db/items/2288543943,51.44%
Exodus Down Plate,https://www.light.gg/db/items/1092747537,10.48%
Exodus Down Plate,https://www.light.gg/db/items/177493699,#N/A
Exodus Down Plate,https://www.light.gg/db/items/3654781892,#N/A
Exodus Down Plate,https://www.light.gg/db/items/1316205184,#N/A
Exodus Down Plate,https://www.light.gg/db/items/1156448694,#N/A
Forged Machinist Plate,https://www.light.gg/db/items/449270146,39.73%
Forged Machinist Plate,https://www.light.gg/db/items/3155412907,#N/A
Forged Machinist Plate,https://www.light.gg/db/items/866063619,#N/A
Froststrike Plate,https://www.light.gg/db/items/1280755883,9.83%
Gensym Knight Plate,https://www.light.gg/db/items/815611257,#N/A
Gensym Knight Plate,https://www.light.gg/db/items/2523633779,#N/A
Gensym Knight Plate,https://www.light.gg/db/items/2778321483,35.92%
Hardy's Journey,https://www.light.gg/db/items/4234287845,20.19%
Holdfast Plate,https://www.light.gg/db/items/1585947570,55.56%
Illicit Collector Plate,https://www.light.gg/db/items/274659609,7.3%
Illicit Collector Plate,https://www.light.gg/db/items/4120018289,#N/A
Illicit Collector Plate,https://www.light.gg/db/items/4060232811,#N/A
Illicit Invader Plate,https://www.light.gg/db/items/420625861,#N/A
Illicit Invader Plate,https://www.light.gg/db/items/386784171,#N/A
Illicit Invader Plate,https://www.light.gg/db/items/2731689491,16.11%
Illicit Reaper Plate,https://www.light.gg/db/items/1744000487,#N/A
Illicit Reaper Plate,https://www.light.gg/db/items/1148781279,15.83%
Illicit Reaper Plate,https://www.light.gg/db/items/2334120369,#N/A
Illicit Sentry Plate,https://www.light.gg/db/items/2066422691,#N/A
Illicit Sentry Plate,https://www.light.gg/db/items/3423777255,8.06%
Illicit Sentry Plate,https://www.light.gg/db/items/759881005,#N/A
Inaugural Revelry Plate,https://www.light.gg/db/items/1056992393,#N/A
Inaugural Revelry Plate,https://www.light.gg/db/items/3796358144,8.14%
Insight Unyielding Plate,https://www.light.gg/db/items/4227656459,69.02%
Insight Unyielding Plate,https://www.light.gg/db/items/3299386902,#N/A
Insight Unyielding Plate,https://www.light.gg/db/items/2185500219,#N/A
Insight Unyielding Plate,https://www.light.gg/db/items/854373147,#N/A
Intrepid Exploit Plate,https://www.light.gg/db/items/3937103377,8.54%
Iron Fellowship Plate,https://www.light.gg/db/items/3661959184,#N/A
Iron Fellowship Plate,https://www.light.gg/db/items/2274205961,#N/A
Iron Fellowship Plate,https://www.light.gg/db/items/1571959827,20.83%
Iron Fellowship Plate,https://www.light.gg/db/items/3472216012,#N/A
Iron Forerunner Plate,https://www.light.gg/db/items/2344353519,43.52%
Iron Remembrance Plate,https://www.light.gg/db/items/741704251,#N/A
Iron Remembrance Plate,https://www.light.gg/db/items/1177873348,18.66%
Iron Remembrance Plate,https://www.light.gg/db/items/63725907,#N/A
Iron Remembrance Plate,https://www.light.gg/db/items/425007249,#N/A
Iron Symmachy Plate,https://www.light.gg/db/items/3420845681,#N/A
Iron Symmachy Plate,https://www.light.gg/db/items/2898234995,#N/A
Iron Symmachy Plate,https://www.light.gg/db/items/3251195262,8.07%
Iron Truage Plate,https://www.light.gg/db/items/1779796469,27.07%
Iron Truage Plate,https://www.light.gg/db/items/3906637800,#N/A
Iron Truage Plate,https://www.light.gg/db/items/4096639276,#N/A
Iron Truage Plate,https://www.light.gg/db/items/3866772393,19.81%
Iron Truage Plate,https://www.light.gg/db/items/3865618708,#N/A
Iron Truage Plate,https://www.light.gg/db/items/1313089081,#N/A
Iron Truage Plate,https://www.light.gg/db/items/2850783764,#N/A
Iron Will Plate,https://www.light.gg/db/items/230314682,24.5%
Iron Will Plate,https://www.light.gg/db/items/2536633781,#N/A
Kabr's Wrath,https://www.light.gg/db/items/3890978501,36.09%
Kairos Function Plate,https://www.light.gg/db/items/479000083,37.18%
Kairos Function Plate,https://www.light.gg/db/items/578519423,Cargando...
Kairos Function Plate,https://www.light.gg/db/items/3873109093,#N/A
Kerak Type 2,https://www.light.gg/db/items/2038956436,73.58%
Kerak Type 2,https://www.light.gg/db/items/2696303651,#N/A
Kerak Type 2,https://www.light.gg/db/items/133227345,#N/A
Ketchkiller's Plate,https://www.light.gg/db/items/130618344,43.92%
Legacy's Oath Plate,https://www.light.gg/db/items/751162931,31.65%
Lightkin Plate,https://www.light.gg/db/items/3497822409,38.62%
Lost Pacific Plate,https://www.light.gg/db/items/3283642233,#N/A
Lost Pacific Plate,https://www.light.gg/db/items/1847610489,#N/A
Lost Pacific Plate,https://www.light.gg/db/items/1317716127,33.81%
Lustrous Chromite Plate,https://www.light.gg/db/items/2800372416,9.94%
Midnight Exigent Plate,https://www.light.gg/db/items/2462354715,#N/A
Midnight Exigent Plate,https://www.light.gg/db/items/3691605010,19.62%
Mimetic Savior Plate,https://www.light.gg/db/items/639670612,Cargando...
Mimetic Savior Plate,https://www.light.gg/db/items/3066154883,#N/A
Mimetic Savior Plate,https://www.light.gg/db/items/3314301316,71.45%
Moonfang-X7 Chassis,https://www.light.gg/db/items/1571337215,31.59%
Noble Constant Type 2,https://www.light.gg/db/items/4258405681,64.93%
Noble Constant Type 2,https://www.light.gg/db/items/1940451444,#N/A
Noble Constant Type 2,https://www.light.gg/db/items/2682045448,#N/A
Notorious Collector Plate,https://www.light.gg/db/items/4120018291,4.56%
Notorious Collector Plate,https://www.light.gg/db/items/4060232809,#N/A
Notorious Invader Plate,https://www.light.gg/db/items/420625863,#N/A
Notorious Invader Plate,https://www.light.gg/db/items/386784169,5.28%
Notorious Reaper Plate,https://www.light.gg/db/items/1744000485,6.23%
Notorious Reaper Plate,https://www.light.gg/db/items/2334120371,#N/A
Notorious Sentry Plate,https://www.light.gg/db/items/2066422689,4.82%
Notorious Sentry Plate,https://www.light.gg/db/items/759881007,#N/A
Omega Mechanos Plate,https://www.light.gg/db/items/2574287336,10.05%
Opulent Duelist Plate,https://www.light.gg/db/items/2821102771,28.87%
Opulent Duelist Plate,https://www.light.gg/db/items/1908254109,#N/A
Opulent Duelist Plate,https://www.light.gg/db/items/2856582785,#N/A
Outlawed Collector Plate,https://www.light.gg/db/items/4120018288,3.38%
Outlawed Collector Plate,https://www.light.gg/db/items/4060232810,#N/A
Outlawed Invader Plate,https://www.light.gg/db/items/420625860,#N/A
Outlawed Invader Plate,https://www.light.gg/db/items/386784170,3.55%
Outlawed Reaper Plate,https://www.light.gg/db/items/1744000486,5.87%
Outlawed Reaper Plate,https://www.light.gg/db/items/2334120368,#N/A
Outlawed Sentry Plate,https://www.light.gg/db/items/2066422690,4.35%
Outlawed Sentry Plate,https://www.light.gg/db/items/759881004,#N/A
Pathfinder's Chestplate,https://www.light.gg/db/items/2606405484,38.81%
Phobos Warden Plate,https://www.light.gg/db/items/2072548445,29.59%
Phoenix Strife Type 0,https://www.light.gg/db/items/2674680132,46.29%
Phoenix Strife Type 0,https://www.light.gg/db/items/820446170,#N/A
Phoenix Strife Type 0,https://www.light.gg/db/items/449878234,#N/A
Phoenix Strife Type 0,https://www.light.gg/db/items/2815422368,#N/A
Phoenix Strife Type 0,https://www.light.gg/db/items/1548928853,#N/A
Photosuede Plate,https://www.light.gg/db/items/2999584444,45.06%
Plate of Nohr,https://www.light.gg/db/items/1242139836,#N/A
Plate of Nohr,https://www.light.gg/db/items/2369496221,#N/A
Plate of Nohr,https://www.light.gg/db/items/2938125956,13.29%
Plate of Optimacy,https://www.light.gg/db/items/1135293055,#N/A
Plate of Optimacy,https://www.light.gg/db/items/1072425053,20.59%
Plate of Optimacy,https://www.light.gg/db/items/415074081,12.49%
Plate of the Exile,https://www.light.gg/db/items/1127943297,6.78%
Plate of the Exile,https://www.light.gg/db/items/2579999316,#N/A
Plate of the Great Hunt,https://www.light.gg/db/items/1656835365,#N/A
Plate of the Great Hunt,https://www.light.gg/db/items/3614211816,#N/A
Plate of the Great Hunt,https://www.light.gg/db/items/1146451699,35.56%
Plate of the Great Hunt,https://www.light.gg/db/items/3143067364,#N/A
Plate of Transcendence,https://www.light.gg/db/items/3876398589,19.34%
Plate of Transcendence,https://www.light.gg/db/items/3939809874,#N/A
Praefectus Plate,https://www.light.gg/db/items/412014143,44.65%
Prodigal Cuirass,https://www.light.gg/db/items/1981473429,70.07%
Prodigal Cuirass,https://www.light.gg/db/items/3988753671,#N/A
Prodigal Cuirass,https://www.light.gg/db/items/3850634012,#N/A
Pyrrhic Ascent Plate,https://www.light.gg/db/items/2671565007,22.34%
Resonant Fury Plate,https://www.light.gg/db/items/1627640710,20.95%
Retro-Grade TG2,https://www.light.gg/db/items/1598372079,#N/A
Retro-Grade TG2,https://www.light.gg/db/items/1364856221,#N/A
Retro-Grade TG2,https://www.light.gg/db/items/331602521,69.29%
Reverie Dawn Plate,https://www.light.gg/db/items/934704429,#N/A
Reverie Dawn Plate,https://www.light.gg/db/items/4070309619,#N/A
Reverie Dawn Plate,https://www.light.gg/db/items/2561756285,71.73%
Righteous Plate,https://www.light.gg/db/items/1560040306,#N/A
Righteous Plate,https://www.light.gg/db/items/1560040305,#N/A
Righteous Plate,https://www.light.gg/db/items/1560040304,#N/A
Righteous Plate,https://www.light.gg/db/items/3091683497,46.54%
Scatterhorn Plate,https://www.light.gg/db/items/3871458129,#N/A
Scatterhorn Plate,https://www.light.gg/db/items/1412416835,#N/A
Scatterhorn Plate,https://www.light.gg/db/items/3340244240,35.01%
Scorned Baron Plate,https://www.light.gg/db/items/1349281425,#N/A
Scorned Baron Plate,https://www.light.gg/db/items/1566911695,#N/A
Scorned Baron Plate,https://www.light.gg/db/items/3214769810,70.59%
Seventh Seraph Plate,https://www.light.gg/db/items/630719097,45.17%
Shadow's Plate,https://www.light.gg/db/items/1862963733,#N/A
Shadow's Plate,https://www.light.gg/db/items/3759659288,#N/A
Shadow's Plate,https://www.light.gg/db/items/3406713877,11.32%
Simulator Plate,https://www.light.gg/db/items/2005525978,48.63%
Simulator Plate,https://www.light.gg/db/items/3671665226,#N/A
Solstice Plate (Magnificent),https://www.light.gg/db/items/3654315694,13.2%
Solstice Plate (Majestic),https://www.light.gg/db/items/778247590,11.26%
Solstice Plate (Majestic),https://www.light.gg/db/items/2221612747,17.29%
Solstice Plate (Majestic),https://www.light.gg/db/items/1288683596,#N/A
Solstice Plate (Resplendent),https://www.light.gg/db/items/512463852,10.23%
Solstice Plate (Resplendent),https://www.light.gg/db/items/335763433,#N/A
Sovereign Plate,https://www.light.gg/db/items/2154427219,#N/A
Sovereign Plate,https://www.light.gg/db/items/908447143,48.65%
Star-Crossed Heart,https://www.light.gg/db/items/1510035423,20.84%
Substitutional Alloy Plate,https://www.light.gg/db/items/2468603407,#N/A
Substitutional Alloy Plate,https://www.light.gg/db/items/2468603406,#N/A
Substitutional Alloy Plate,https://www.light.gg/db/items/2468603405,#N/A
Substitutional Alloy Plate,https://www.light.gg/db/items/2742760292,47.41%
Sunbreak Plate,https://www.light.gg/db/items/729400710,16.83%
Sunstead Plate (Magnificent),https://www.light.gg/db/items/1770862260,18.16%
Sunstead Plate (Majestic),https://www.light.gg/db/items/1770862261,21.39%
Tangled Web Plate,https://www.light.gg/db/items/4097652774,#N/A
Tangled Web Plate,https://www.light.gg/db/items/2185244404,70.09%
Tangled Web Plate,https://www.light.gg/db/items/2562470699,#N/A
Terra Concord Plate,https://www.light.gg/db/items/983115833,#N/A
Terra Concord Plate,https://www.light.gg/db/items/362404956,#N/A
Terra Concord Plate,https://www.light.gg/db/items/3291075521,#N/A
Terra Concord Plate,https://www.light.gg/db/items/1708233065,70.94%
The Shelter in Place,https://www.light.gg/db/items/4138296191,#N/A
The Shelter in Place,https://www.light.gg/db/items/1276048857,38.17%
The Shelter in Place,https://www.light.gg/db/items/1667528443,#N/A
Turris Shade Plate,https://www.light.gg/db/items/4135228483,#N/A
Turris Shade Plate,https://www.light.gg/db/items/2904930850,#N/A
Turris Shade Plate,https://www.light.gg/db/items/2295412715,9.62%
Tusked Allegiance Plate,https://www.light.gg/db/items/438108034,46.74%
Veritas Plate,https://www.light.gg/db/items/1320143318,35.41%
Vernal Growth Plate,https://www.light.gg/db/items/4079552711,6.27%
Vigil of Heroes,https://www.light.gg/db/items/2009892127,41.55%
Vigil of Heroes,https://www.light.gg/db/items/1003941622,#N/A
Vigil of Heroes,https://www.light.gg/db/items/335317194,#N/A
Vigil of Heroes,https://www.light.gg/db/items/3500775049,#N/A
Viperidax Plate,https://www.light.gg/db/items/1740888860,33.05%
War Numen's Chest,https://www.light.gg/db/items/1066132704,25.88%
Wild Hunt Plate,https://www.light.gg/db/items/3351935136,53.13%
Wildwood Plate,https://www.light.gg/db/items/10307688,#N/A
Wildwood Plate,https://www.light.gg/db/items/1226000828,28.41%
Wing Discipline,https://www.light.gg/db/items/438224459,#N/A
Wing Discipline,https://www.light.gg/db/items/1722623780,#N/A
Wing Discipline,https://www.light.gg/db/items/1063904165,#N/A
Wing Discipline,https://www.light.gg/db/items/2389585538,47.33%
Winterhart Plate,https://www.light.gg/db/items/3306267716,6.04%
Winterhart Plate,https://www.light.gg/db/items/921357268,#N/A
Ancient Apocalypse Greaves,https://www.light.gg/db/items/3486086024,#N/A
Ancient Apocalypse Greaves,https://www.light.gg/db/items/3404053788,#N/A
Ancient Apocalypse Greaves,https://www.light.gg/db/items/191535001,#N/A
Ancient Apocalypse Greaves,https://www.light.gg/db/items/2694124942,#N/A
Ancient Apocalypse Greaves,https://www.light.gg/db/items/3694642467,42.53%
Annihilating Greaves,https://www.light.gg/db/items/3426704397,#N/A
Annihilating Greaves,https://www.light.gg/db/items/2221648235,1.48%
Anti-Extinction Greaves,https://www.light.gg/db/items/2760076378,#N/A
Anti-Extinction Greaves,https://www.light.gg/db/items/248161012,48.64%
Atavistic Idol Greaves,https://www.light.gg/db/items/1026828708,16.2%
BrayTech Sn0Boots,https://www.light.gg/db/items/2291036836,#N/A
BrayTech Sn0Boots,https://www.light.gg/db/items/4267226110,34.96%
Bulletsmith's Ire Greaves,https://www.light.gg/db/items/2878130185,#N/A
Bulletsmith's Ire Greaves,https://www.light.gg/db/items/2564183153,16.9%
Calamity Rig Greaves,https://www.light.gg/db/items/771104589,21.38%
Candescent Greaves,https://www.light.gg/db/items/2644573111,37.32%
Cinder Pinion Greaves,https://www.light.gg/db/items/4021402824,26.01%
Clutch Extol Greaves,https://www.light.gg/db/items/2857770907,43.48%
Crushing Greaves,https://www.light.gg/db/items/3426704396,#N/A
Crushing Greaves,https://www.light.gg/db/items/2221648234,#N/A
Crushing Greaves (CODA),https://www.light.gg/db/items/1219883244,36.96%
Crystocrene Greaves,https://www.light.gg/db/items/850081281,49.79%
Deep Explorer Greaves,https://www.light.gg/db/items/2649394513,#N/A
Deep Explorer Greaves,https://www.light.gg/db/items/2351264197,29.25%
Descending Echo Greaves,https://www.light.gg/db/items/399065241,#N/A
Descending Echo Greaves,https://www.light.gg/db/items/4287863773,#N/A
Devastation Complex,https://www.light.gg/db/items/3304280092,#N/A
Devastation Complex,https://www.light.gg/db/items/548907748,#N/A
Devastation Complex,https://www.light.gg/db/items/3264721770,71.09%
Dragonfly Regalia Greaves,https://www.light.gg/db/items/2000262854,22.83%
Dreambane Greaves,https://www.light.gg/db/items/310888006,#N/A
Dreambane Greaves,https://www.light.gg/db/items/2345799798,52.16%
Eidolon Pursuant Greaves,https://www.light.gg/db/items/1795075811,51.52%
Exodus Down Greaves,https://www.light.gg/db/items/2079454604,#N/A
Exodus Down Greaves,https://www.light.gg/db/items/370667049,17.53%
Exodus Down Greaves,https://www.light.gg/db/items/2816760678,#N/A
Exodus Down Greaves,https://www.light.gg/db/items/1157496418,#N/A
Exodus Down Greaves,https://www.light.gg/db/items/3323553887,#N/A
Forged Machinist Greaves,https://www.light.gg/db/items/607969640,40.92%
Forged Machinist Greaves,https://www.light.gg/db/items/2413328031,#N/A
Forged Machinist Greaves,https://www.light.gg/db/items/133093143,#N/A
Froststrike Greaves,https://www.light.gg/db/items/3368317463,8.04%
Gensym Knight Greaves,https://www.light.gg/db/items/2032088577,#N/A
Gensym Knight Greaves,https://www.light.gg/db/items/447407759,#N/A
Gensym Knight Greaves,https://www.light.gg/db/items/125496503,33.73%
Greaves of Ascendancy,https://www.light.gg/db/items/275145509,20.22%
Greaves of Ascendancy,https://www.light.gg/db/items/11974904,#N/A
Greaves of Nohr,https://www.light.gg/db/items/3386768934,13.62%
Greaves of Nohr,https://www.light.gg/db/items/3099636805,#N/A
Greaves of Nohr,https://www.light.gg/db/items/2597529070,#N/A
Greaves of Rull,https://www.light.gg/db/items/2758465169,23.11%
Greaves of Rull,https://www.light.gg/db/items/853543290,#N/A
Greaves of Rull,https://www.light.gg/db/items/288406317,#N/A
Greaves of the Emperor's Champion,https://www.light.gg/db/items/2758465168,#N/A
Greaves of the Emperor's Champion,https://www.light.gg/db/items/853543291,#N/A
Greaves of the Emperor's Champion,https://www.light.gg/db/items/288406316,10.23%
Greaves of the Exile,https://www.light.gg/db/items/791799769,5.87%
Greaves of the Exile,https://www.light.gg/db/items/272735286,#N/A
Greaves of the Great Hunt,https://www.light.gg/db/items/2623446543,35.66%
Greaves of the Great Hunt,https://www.light.gg/db/items/4968701,#N/A
Greaves of the Great Hunt,https://www.light.gg/db/items/3874578566,#N/A
Greaves of the Great Hunt,https://www.light.gg/db/items/3055836250,#N/A
Hardy's Steps,https://www.light.gg/db/items/3696190397,19.13%
Holdfast Greaves,https://www.light.gg/db/items/1131831128,56.64%
Illicit Collector Greaves,https://www.light.gg/db/items/3948054487,#N/A
Illicit Collector Greaves,https://www.light.gg/db/items/1637623713,9.68%
Illicit Collector Greaves,https://www.light.gg/db/items/2482419593,#N/A
Illicit Invader Greaves,https://www.light.gg/db/items/931507503,16.8%
Illicit Invader Greaves,https://www.light.gg/db/items/3131634455,#N/A
Illicit Invader Greaves,https://www.light.gg/db/items/4026665501,#N/A
Illicit Reaper Greaves,https://www.light.gg/db/items/2094288643,#N/A
Illicit Reaper Greaves,https://www.light.gg/db/items/563461321,#N/A
Illicit Reaper Greaves,https://www.light.gg/db/items/4148887147,16.54%
Illicit Sentry Greaves,https://www.light.gg/db/items/2151744259,9.32%
Illicit Sentry Greaves,https://www.light.gg/db/items/3587195071,#N/A
Illicit Sentry Greaves,https://www.light.gg/db/items/2051266837,#N/A
Inaugural Revelry Greaves,https://www.light.gg/db/items/1706874193,#N/A
Inaugural Revelry Greaves,https://www.light.gg/db/items/156518114,8.88%
Insight Unyielding Greaves,https://www.light.gg/db/items/2098166903,70.74%
Insight Unyielding Greaves,https://www.light.gg/db/items/836969671,#N/A
Insight Unyielding Greaves,https://www.light.gg/db/items/311394919,#N/A
Insight Unyielding Greaves,https://www.light.gg/db/items/3651598572,#N/A
Intrepid Exploit Greaves,https://www.light.gg/db/items/2839604521,5.68%
Iron Fellowship Greaves,https://www.light.gg/db/items/1960776126,#N/A
Iron Fellowship Greaves,https://www.light.gg/db/items/1891964978,#N/A
Iron Fellowship Greaves,https://www.light.gg/db/items/3763521327,21.67%
Iron Fellowship Greaves,https://www.light.gg/db/items/1395498705,#N/A
Iron Forerunner Greaves,https://www.light.gg/db/items/3862185275,43.24%
Iron Remembrance Greaves,https://www.light.gg/db/items/1425558127,#N/A
Iron Remembrance Greaves,https://www.light.gg/db/items/3899385447,#N/A
Iron Remembrance Greaves,https://www.light.gg/db/items/1631922345,#N/A
Iron Remembrance Greaves,https://www.light.gg/db/items/2448259942,18.89%
Iron Symmachy Greaves,https://www.light.gg/db/items/1084553865,#N/A
Iron Symmachy Greaves,https://www.light.gg/db/items/3570981007,#N/A
Iron Symmachy Greaves,https://www.light.gg/db/items/4277137508,8.03%
Iron Truage Greaves,https://www.light.gg/db/items/23061005,29.59%
Iron Truage Greaves,https://www.light.gg/db/items/3696011098,#N/A
Iron Truage Greaves,https://www.light.gg/db/items/2048225009,20.03%
Iron Truage Greaves,https://www.light.gg/db/items/1342036510,#N/A
Iron Truage Greaves,https://www.light.gg/db/items/1337167606,#N/A
Iron Truage Greaves,https://www.light.gg/db/items/2911957494,#N/A
Iron Truage Greaves,https://www.light.gg/db/items/1476572353,#N/A
Iron Will Greaves,https://www.light.gg/db/items/770140877,#N/A
Iron Will Greaves,https://www.light.gg/db/items/1602419024,25.3%
Kabr's Forceful Greaves,https://www.light.gg/db/items/123979037,32.29%
Kairos Function Greaves,https://www.light.gg/db/items/4148237373,#N/A
Kairos Function Greaves,https://www.light.gg/db/items/4007592459,#N/A
Kairos Function Greaves,https://www.light.gg/db/items/3259907375,37.48%
Kerak Type 2,https://www.light.gg/db/items/2048751167,#N/A
Kerak Type 2,https://www.light.gg/db/items/2713755753,#N/A
Kerak Type 2,https://www.light.gg/db/items/623912054,73.19%
Ketchkiller's Greaves,https://www.light.gg/db/items/1640403802,46.01%
Legacy's Oath Greaves,https://www.light.gg/db/items/2558289743,29.89%
Legs of Optimacy,https://www.light.gg/db/items/2460870905,13.09%
Legs of Optimacy,https://www.light.gg/db/items/2378378507,#N/A
Legs of Optimacy,https://www.light.gg/db/items/3254669317,20.06%
Lightkin Greaves,https://www.light.gg/db/items/3973929105,37.51%
Lost Pacific Greaves,https://www.light.gg/db/items/237289259,33.67%
Lost Pacific Greaves,https://www.light.gg/db/items/1505338369,#N/A
Lost Pacific Greaves,https://www.light.gg/db/items/2876590849,#N/A
Lustrous Chromite Greaves,https://www.light.gg/db/items/1547512994,9.84%
Midnight Exigent Greaves,https://www.light.gg/db/items/425390008,25.53%
Midnight Exigent Greaves,https://www.light.gg/db/items/1736188615,#N/A
Mimetic Savior Greaves,https://www.light.gg/db/items/1301696822,#N/A
Mimetic Savior Greaves,https://www.light.gg/db/items/4293588774,71.63%
Mimetic Savior Greaves,https://www.light.gg/db/items/1432969759,#N/A
Moonfang-X7 Greaves,https://www.light.gg/db/items/178689419,30.67%
Noble Constant Type 2,https://www.light.gg/db/items/2406652745,66.17%
Noble Constant Type 2,https://www.light.gg/db/items/185326970,#N/A
Noble Constant Type 2,https://www.light.gg/db/items/3758301014,#N/A
Notorious Collector Greaves,https://www.light.gg/db/items/3948054485,#N/A
Notorious Collector Greaves,https://www.light.gg/db/items/2482419595,5.09%
Notorious Invader Greaves,https://www.light.gg/db/items/3131634453,5.24%
Notorious Invader Greaves,https://www.light.gg/db/items/4026665503,#N/A
Notorious Reaper Greaves,https://www.light.gg/db/items/2094288641,6.3%
Notorious Reaper Greaves,https://www.light.gg/db/items/563461323,Cargando...
Notorious Sentry Greaves,https://www.light.gg/db/items/3587195069,5.16%
Notorious Sentry Greaves,https://www.light.gg/db/items/2051266839,#N/A
Omega Mechanos Greaves,https://www.light.gg/db/items/324939098,10.22%
Opulent Duelist Greaves,https://www.light.gg/db/items/1776578009,#N/A
Opulent Duelist Greaves,https://www.light.gg/db/items/935022405,#N/A
Opulent Duelist Greaves,https://www.light.gg/db/items/1993250511,27.52%
Outlawed Collector Greaves,https://www.light.gg/db/items/3948054486,#N/A
Outlawed Collector Greaves,https://www.light.gg/db/items/2482419592,3.94%
Outlawed Invader Greaves,https://www.light.gg/db/items/4026665500,#N/A
Outlawed Invader Greaves,https://www.light.gg/db/items/3131634454,3.79%
Outlawed Reaper Greaves,https://www.light.gg/db/items/2094288642,6.22%
Outlawed Reaper Greaves,https://www.light.gg/db/items/563461320,#N/A
Outlawed Sentry Greaves,https://www.light.gg/db/items/3587195070,5.02%
Outlawed Sentry Greaves,https://www.light.gg/db/items/2051266836,#N/A
Pathfinder's Greaves,https://www.light.gg/db/items/1457343582,38.28%
Phobos Warden Greaves,https://www.light.gg/db/items/1200256005,29.25%
Phoenix Strife Type 0,https://www.light.gg/db/items/1742940528,#N/A
Phoenix Strife Type 0,https://www.light.gg/db/items/1484937602,#N/A
Phoenix Strife Type 0,https://www.light.gg/db/items/1807196134,45.57%
Phoenix Strife Type 0,https://www.light.gg/db/items/3756286064,#N/A
Phoenix Strife Type 0,https://www.light.gg/db/items/2231762285,#N/A
Photosuede Greaves,https://www.light.gg/db/items/2143618030,45.23%
Praefectus Greaves,https://www.light.gg/db/items/1947723211,45.58%
Prodigal Greaves,https://www.light.gg/db/items/1088960547,#N/A
Prodigal Greaves,https://www.light.gg/db/items/1018704301,70.42%
Prodigal Greaves,https://www.light.gg/db/items/3360070350,#N/A
Pyrrhic Ascent Greaves,https://www.light.gg/db/items/2016308379,22.15%
Resonant Fury Greaves,https://www.light.gg/db/items/365727964,20.83%
Retro-Grade TG2,https://www.light.gg/db/items/2265859909,#N/A
Retro-Grade TG2,https://www.light.gg/db/items/2730285281,70.5%
Retro-Grade TG2,https://www.light.gg/db/items/3316802363,#N/A
Reverie Dawn Greaves,https://www.light.gg/db/items/4257800469,#N/A
Reverie Dawn Greaves,https://www.light.gg/db/items/3174233615,#N/A
Reverie Dawn Greaves,https://www.light.gg/db/items/788771493,72.41%
Righteous Greaves,https://www.light.gg/db/items/3406670227,#N/A
Righteous Greaves,https://www.light.gg/db/items/3406670226,#N/A
Righteous Greaves,https://www.light.gg/db/items/3406670224,#N/A
Righteous Greaves,https://www.light.gg/db/items/3335857649,46.85%
Scatterhorn Greaves,https://www.light.gg/db/items/3990691634,36.45%
Scatterhorn Greaves,https://www.light.gg/db/items/2243444841,#N/A
Scatterhorn Greaves,https://www.light.gg/db/items/1989103583,#N/A
Seventh Seraph Greaves,https://www.light.gg/db/items/1967684865,46.55%
Shadow's Greaves,https://www.light.gg/db/items/309687341,#N/A
Shadow's Greaves,https://www.light.gg/db/items/4152814806,#N/A
Shadow's Greaves,https://www.light.gg/db/items/4450861,11.34%
Simulator Greaves,https://www.light.gg/db/items/680327840,#N/A
Simulator Greaves,https://www.light.gg/db/items/680132464,48.86%
Solstice Greaves (Magnificent),https://www.light.gg/db/items/2660623764,13.16%
Solstice Greaves (Majestic),https://www.light.gg/db/items/539189884,11.03%
Solstice Greaves (Majestic),https://www.light.gg/db/items/2578820926,#N/A
Solstice Greaves (Majestic),https://www.light.gg/db/items/2793815607,17.25%
Solstice Greaves (Resplendent),https://www.light.gg/db/items/647507422,10.42%
Solstice Greaves (Resplendent),https://www.light.gg/db/items/250513201,#N/A
Sovereign Greaves,https://www.light.gg/db/items/1516941763,48.44%
Sovereign Greaves,https://www.light.gg/db/items/2603069551,#N/A
Star-Crossed Footsteps,https://www.light.gg/db/items/558210411,19.38%
Substitutional Alloy Greaves,https://www.light.gg/db/items/351285766,47.57%
Substitutional Alloy Greaves,https://www.light.gg/db/items/3192738011,#N/A
Substitutional Alloy Greaves,https://www.light.gg/db/items/3192738010,#N/A
Substitutional Alloy Greaves,https://www.light.gg/db/items/3192738009,#N/A
Sunbreak Greaves,https://www.light.gg/db/items/2004752092,16.74%
Sunstead Greaves (Magnificent),https://www.light.gg/db/items/1684784588,18.19%
Sunstead Greaves (Majestic),https://www.light.gg/db/items/1684784589,21.39%
Tangled Web Greaves,https://www.light.gg/db/items/2016409302,70.75%
Tangled Web Greaves,https://www.light.gg/db/items/1618341271,#N/A
Tangled Web Greaves,https://www.light.gg/db/items/2151378428,#N/A
Terra Concord Greaves,https://www.light.gg/db/items/1063507982,#N/A
Terra Concord Greaves,https://www.light.gg/db/items/1512829977,#N/A
Terra Concord Greaves,https://www.light.gg/db/items/1006824129,#N/A
Terra Concord Greaves,https://www.light.gg/db/items/3893450673,71.21%
The Shelter in Place,https://www.light.gg/db/items/3984883553,38.59%
The Shelter in Place,https://www.light.gg/db/items/3375062567,#N/A
The Shelter in Place,https://www.light.gg/db/items/1320081419,#N/A
Turris Shade Greaves,https://www.light.gg/db/items/4151496279,10.23%
Turris Shade Greaves,https://www.light.gg/db/items/3168183519,#N/A
Turris Shade Greaves,https://www.light.gg/db/items/1793869832,#N/A
Tusked Allegiance Greaves,https://www.light.gg/db/items/2270509928,47.99%
Veritas Greaves,https://www.light.gg/db/items/3199406764,47.85%
Vernal Growth Greaves,https://www.light.gg/db/items/3089075939,6.59%
Vigil of Heroes,https://www.light.gg/db/items/2902263756,#N/A
Vigil of Heroes,https://www.light.gg/db/items/508642129,#N/A
Vigil of Heroes,https://www.light.gg/db/items/3207116971,42.1%
Vigil of Heroes,https://www.light.gg/db/items/1007759904,#N/A
Viperidax Greaves,https://www.light.gg/db/items/978215630,32.84%
War Numen's Boots,https://www.light.gg/db/items/4039112898,19.67%
Wild Hunt Greaves,https://www.light.gg/db/items/3180809346,53.88%
Wildwood Greaves,https://www.light.gg/db/items/3862191322,#N/A
Wildwood Greaves,https://www.light.gg/db/items/3354170606,29.53%
Wing Discipline,https://www.light.gg/db/items/2496309431,#N/A
Wing Discipline,https://www.light.gg/db/items/3522021318,#N/A
Wing Discipline,https://www.light.gg/db/items/2555965565,#N/A
Wing Discipline,https://www.light.gg/db/items/687386728,47.69%
Winterhart Greaves,https://www.light.gg/db/items/4036178150,5.81%
Winterhart Greaves,https://www.light.gg/db/items/1936516278,#N/A
Ancient Apocalypse Mark,https://www.light.gg/db/items/2020166300,#N/A
Ancient Apocalypse Mark,https://www.light.gg/db/items/3804360785,#N/A
Ancient Apocalypse Mark,https://www.light.gg/db/items/509238959,#N/A
Ancient Apocalypse Mark,https://www.light.gg/db/items/2993008662,42.44%
Ancient Apocalypse Mark,https://www.light.gg/db/items/3339632627,#N/A
Anti-Hero Victory,https://www.light.gg/db/items/3008933410,67.82%
Anti-Hero Victory,https://www.light.gg/db/items/3506159922,#N/A
Anti-Hero Victory,https://www.light.gg/db/items/966777042,#N/A
Anti-Hero Victory,https://www.light.gg/db/items/2629014079,#N/A
Atavistic Idol Mark,https://www.light.gg/db/items/2381515079,16.15%
Be Thy Champion,https://www.light.gg/db/items/3076446677,69.51%
Be Thy Champion,https://www.light.gg/db/items/1195298951,#N/A
Be Thy Champion,https://www.light.gg/db/items/3250112431,#N/A
Binary Phoenix Mark,https://www.light.gg/db/items/1742680797,#N/A
Binary Phoenix Mark,https://www.light.gg/db/items/670877864,#N/A
Binary Phoenix Mark,https://www.light.gg/db/items/468899627,#N/A
Binary Phoenix Mark,https://www.light.gg/db/items/3884544409,45.88%
Binary Phoenix Mark,https://www.light.gg/db/items/98331691,#N/A
BrayTech Absolute Zero Mark,https://www.light.gg/db/items/1421936449,34.49%
BrayTech Absolute Zero Mark,https://www.light.gg/db/items/756282439,#N/A
Bulletsmith's Ire Mark,https://www.light.gg/db/items/977326564,16.51%
Bulletsmith's Ire Mark,https://www.light.gg/db/items/388999052,#N/A
Calamity Rig Mark,https://www.light.gg/db/items/3770087944,21.19%
Candescent Mark,https://www.light.gg/db/items/2710628962,37.34%
Cinder Pinion Mark,https://www.light.gg/db/items/3250247987,26.14%
Clutch Extol Mark,https://www.light.gg/db/items/4150060382,42.76%
Coronation Mark,https://www.light.gg/db/items/2048299190,46.76%
Coronation Mark,https://www.light.gg/db/items/106359434,#N/A
Crystocrene Mark,https://www.light.gg/db/items/2946767412,47.75%
Deep Explorer Mark,https://www.light.gg/db/items/737550160,25.07%
Deep Explorer Mark,https://www.light.gg/db/items/420895300,#N/A
Descending Echo Mark,https://www.light.gg/db/items/4050474396,#N/A
Descending Echo Mark,https://www.light.gg/db/items/3500810712,36.51%
Dragonfly Regalia Mark,https://www.light.gg/db/items/3378116217,22.74%
Dreambane Mark,https://www.light.gg/db/items/1343302889,55.28%
Dreambane Mark,https://www.light.gg/db/items/3312368889,#N/A
Eidolon Pursuant Mark,https://www.light.gg/db/items/3004041686,51.15%
Entanglement Mark,https://www.light.gg/db/items/1653979435,46.93%
Entanglement Mark,https://www.light.gg/db/items/3842448731,#N/A
Ere the End,https://www.light.gg/db/items/1809381922,#N/A
Ere the End,https://www.light.gg/db/items/1700762222,#N/A
Ere the End,https://www.light.gg/db/items/249698875,#N/A
Exodus Down Mark,https://www.light.gg/db/items/569678873,#N/A
Exodus Down Mark,https://www.light.gg/db/items/527652447,#N/A
Exodus Down Mark,https://www.light.gg/db/items/3288177452,14.83%
Exodus Down Mark,https://www.light.gg/db/items/3754164794,#N/A
Exodus Down Mark,https://www.light.gg/db/items/667921213,#N/A
Forged Machinist Mark,https://www.light.gg/db/items/1512129090,#N/A
Forged Machinist Mark,https://www.light.gg/db/items/4059853946,#N/A
Forged Machinist Mark,https://www.light.gg/db/items/3968233427,38.81%
Froststrike Mark,https://www.light.gg/db/items/3932439362,9.68%
Gensym Knight Mark,https://www.light.gg/db/items/1135037794,34.76%
Gensym Knight Mark,https://www.light.gg/db/items/2554337844,#N/A
Gensym Knight Mark,https://www.light.gg/db/items/434092458,#N/A
Hardy's Orders,https://www.light.gg/db/items/2890202680,18.84%
Holdfast Mark,https://www.light.gg/db/items/1756730947,54.6%
Illicit Collector Mark,https://www.light.gg/db/items/1978904076,#N/A
Illicit Collector Mark,https://www.light.gg/db/items/2799932930,#N/A
Illicit Collector Mark,https://www.light.gg/db/items/1630402260,8.96%
Illicit Invader Mark,https://www.light.gg/db/items/1066605642,16.52%
Illicit Invader Mark,https://www.light.gg/db/items/3038467650,#N/A
Illicit Invader Mark,https://www.light.gg/db/items/3837542168,#N/A
Illicit Reaper Mark,https://www.light.gg/db/items/2459498230,#N/A
Illicit Reaper Mark,https://www.light.gg/db/items/2395939950,16.61%
Illicit Reaper Mark,https://www.light.gg/db/items/234582860,#N/A
Illicit Sentry Mark,https://www.light.gg/db/items/4139274998,9.49%
Illicit Sentry Mark,https://www.light.gg/db/items/1348229530,#N/A
Illicit Sentry Mark,https://www.light.gg/db/items/3168759584,#N/A
Inaugural Revelry Mark,https://www.light.gg/db/items/2837295684,#N/A
Inaugural Revelry Mark,https://www.light.gg/db/items/3148074173,8.35%
Intrepid Exploit Mark,https://www.light.gg/db/items/1837565996,6.59%
Iron Fellowship Mark,https://www.light.gg/db/items/1876007169,#N/A
Iron Fellowship Mark,https://www.light.gg/db/items/4201843274,21.08%
Iron Fellowship Mark,https://www.light.gg/db/items/4054509252,#N/A
Iron Fellowship Mark,https://www.light.gg/db/items/2589114445,#N/A
Iron Forerunner Mark,https://www.light.gg/db/items/3591512190,44.18%
Iron Symmachy Mark,https://www.light.gg/db/items/1279731468,#N/A
Iron Symmachy Mark,https://www.light.gg/db/items/808693674,#N/A
Iron Symmachy Mark,https://www.light.gg/db/items/2580822279,7.79%
Iron Will Mark,https://www.light.gg/db/items/1234228360,#N/A
Iron Will Mark,https://www.light.gg/db/items/3749277835,25.82%
Kairos Function Mark,https://www.light.gg/db/items/2250032270,#N/A
Kairos Function Mark,https://www.light.gg/db/items/3108883530,36.9%
Kairos Function Mark,https://www.light.gg/db/items/2529023928,#N/A
Ketchkiller's Mark,https://www.light.gg/db/items/1832715717,45.36%
Legacy's Oath Mark,https://www.light.gg/db/items/2956588906,28.97%
Light of the Great Prism,https://www.light.gg/db/items/3012927512,28.22%
Lightkin Mark,https://www.light.gg/db/items/517124228,34.29%
Lion's Pride,https://www.light.gg/db/items/3371868783,24.59%
Lost Pacific Mark,https://www.light.gg/db/items/3030805806,33.78%
Lost Pacific Mark,https://www.light.gg/db/items/3586337076,#N/A
Lost Pacific Mark,https://www.light.gg/db/items/727401524,#N/A
Lustrous Chromite Mark,https://www.light.gg/db/items/1727527805,9.78%
Mark Judgment,https://www.light.gg/db/items/3624606677,#N/A
Mark Judgment,https://www.light.gg/db/items/155955679,#N/A
Mark Judgment (CODA),https://www.light.gg/db/items/1900280383,36.82%
Mark of Medal,https://www.light.gg/db/items/617617371,29.56%
Mark of Nohr,https://www.light.gg/db/items/2994007601,#N/A
Mark of Nohr,https://www.light.gg/db/items/3831484112,#N/A
Mark of Nohr,https://www.light.gg/db/items/3681852889,13.45%
Mark of Optimacy,https://www.light.gg/db/items/1197579132,13.15%
Mark of Optimacy,https://www.light.gg/db/items/2958870416,20.33%
Mark of Optimacy,https://www.light.gg/db/items/2806805902,#N/A
Mark of Remembrance,https://www.light.gg/db/items/2620437164,#N/A
Mark of Remembrance,https://www.light.gg/db/items/2387737625,20.54%
Mark of Remembrance,https://www.light.gg/db/items/3817948370,#N/A
Mark of Remembrance,https://www.light.gg/db/items/2310625418,#N/A
Mark of Shelter,https://www.light.gg/db/items/24244626,#N/A
Mark of Shelter,https://www.light.gg/db/items/3014775444,37.64%
Mark of Shelter,https://www.light.gg/db/items/1514841742,#N/A
Mark of the Colliders,https://www.light.gg/db/items/1809381923,#N/A
Mark of the Colliders,https://www.light.gg/db/items/1700762223,#N/A
Mark of the Colliders,https://www.light.gg/db/items/249698874,#N/A
Mark of the Emperor's Champion,https://www.light.gg/db/items/574137193,10.08%
Mark of the Emperor's Champion,https://www.light.gg/db/items/311429765,#N/A
Mark of the Emperor's Champion,https://www.light.gg/db/items/3092380260,#N/A
Mark of the Exile,https://www.light.gg/db/items/2376585692,5.09%
Mark of the Exile,https://www.light.gg/db/items/3365406121,#N/A
Mark of the Great Hunt,https://www.light.gg/db/items/1021341893,#N/A
Mark of the Great Hunt,https://www.light.gg/db/items/778784376,#N/A
Mark of the Great Hunt,https://www.light.gg/db/items/16387641,#N/A
Mark of the Great Hunt,https://www.light.gg/db/items/3351877674,34.39%
Mark of the Unassailable,https://www.light.gg/db/items/1978110490,#N/A
Mark of the Unassailable,https://www.light.gg/db/items/3207244009,71.95%
Mark of the Unassailable,https://www.light.gg/db/items/1904199788,#N/A
Mark Relentless,https://www.light.gg/db/items/3624606676,1.18%
Mark Relentless,https://www.light.gg/db/items/155955678,#N/A
Memory of Cayde Mark,https://www.light.gg/db/items/3544711340,#N/A
Memory of Cayde Mark,https://www.light.gg/db/items/3810010787,71.17%
Memory of Cayde Mark,https://www.light.gg/db/items/3238424670,#N/A
Midnight Exigent Mark,https://www.light.gg/db/items/4286845987,32.06%
Midnight Exigent Mark,https://www.light.gg/db/items/819174194,#N/A
Mighty Rivalry Mark,https://www.light.gg/db/items/967781090,21.25%
Mimetic Savior Mark,https://www.light.gg/db/items/1964977914,#N/A
Mimetic Savior Mark,https://www.light.gg/db/items/1425077417,#N/A
Mimetic Savior Mark,https://www.light.gg/db/items/4058028249,69.29%
Moonfang-X7 Mark,https://www.light.gg/db/items/3242850062,31.43%
Noble Constant Mark,https://www.light.gg/db/items/89175653,#N/A
Noble Constant Mark,https://www.light.gg/db/items/2684281417,#N/A
Noble Constant Mark,https://www.light.gg/db/items/2158868172,62.35%
Notorious Collector Mark,https://www.light.gg/db/items/1978904078,4.87%
Notorious Collector Mark,https://www.light.gg/db/items/2799932928,#N/A
Notorious Invader Mark,https://www.light.gg/db/items/3038467648,5.35%
Notorious Invader Mark,https://www.light.gg/db/items/3837542170,#N/A
Notorious Reaper Mark,https://www.light.gg/db/items/2459498228,6.28%
Notorious Reaper Mark,https://www.light.gg/db/items/234582862,#N/A
Notorious Sentry Mark,https://www.light.gg/db/items/1348229528,5.23%
Notorious Sentry Mark,https://www.light.gg/db/items/3168759586,#N/A
Omega Mechanos Mark,https://www.light.gg/db/items/4276384709,10.37%
Opulent Duelist Mark,https://www.light.gg/db/items/4105225180,#N/A
Opulent Duelist Mark,https://www.light.gg/db/items/731561450,28.03%
Opulent Duelist Mark,https://www.light.gg/db/items/3370242000,#N/A
Outlawed Collector Mark,https://www.light.gg/db/items/1978904077,3.73%
Outlawed Collector Mark,https://www.light.gg/db/items/2799932931,#N/A
Outlawed Invader Mark,https://www.light.gg/db/items/3038467651,3.86%
Outlawed Invader Mark,https://www.light.gg/db/items/3837542169,#N/A
Outlawed Reaper Mark,https://www.light.gg/db/items/2459498231,6.44%
Outlawed Reaper Mark,https://www.light.gg/db/items/234582861,#N/A
Outlawed Sentry Mark,https://www.light.gg/db/items/1348229531,5.03%
Outlawed Sentry Mark,https://www.light.gg/db/items/3168759585,#N/A
Pathfinder's Mark,https://www.light.gg/db/items/1010196641,37.11%
Penumbral Mark,https://www.light.gg/db/items/2104205416,11.59%
Penumbral Mark,https://www.light.gg/db/items/612065993,#N/A
Penumbral Mark,https://www.light.gg/db/items/560455272,#N/A
Phobos Warden Mark,https://www.light.gg/db/items/3958993808,29.1%
Photosuede Mark,https://www.light.gg/db/items/456484913,44.4%
Praefectus Mark,https://www.light.gg/db/items/1659172686,45.35%
Prodigal Mark,https://www.light.gg/db/items/678964968,68.38%
Prodigal Mark,https://www.light.gg/db/items/1266060945,#N/A
Prodigal Mark,https://www.light.gg/db/items/875215126,#N/A
Pyrrhic Ascent Mark,https://www.light.gg/db/items/48110686,21.56%
Quilted Winter Mark,https://www.light.gg/db/items/221164696,7.32%
Quilted Winter Mark,https://www.light.gg/db/items/1706764072,#N/A
Radegast's Iron Sash,https://www.light.gg/db/items/738938985,#N/A
Radegast's Iron Sash,https://www.light.gg/db/items/4019071337,#N/A
Radegast's Iron Sash,https://www.light.gg/db/items/1352108388,20.03%
Radegast's Iron Sash,https://www.light.gg/db/items/2627255028,#N/A
Radegast's Iron Sash,https://www.light.gg/db/items/2500327265,#N/A
Radegast's Iron Sash,https://www.light.gg/db/items/860168648,28.63%
Radegast's Iron Sash,https://www.light.gg/db/items/1313767877,#N/A
Resonant Fury Mark,https://www.light.gg/db/items/2370089583,22.77%
Retro-Grade Mark,https://www.light.gg/db/items/2070329108,68.1%
Retro-Grade Mark,https://www.light.gg/db/items/2845530750,#N/A
Retro-Grade Mark,https://www.light.gg/db/items/2826844112,#N/A
Reverie Dawn Mark,https://www.light.gg/db/items/1980768298,#N/A
Reverie Dawn Mark,https://www.light.gg/db/items/4023744176,70.17%
Reverie Dawn Mark,https://www.light.gg/db/items/3343583008,#N/A
Righteous Mark,https://www.light.gg/db/items/445618863,#N/A
Righteous Mark,https://www.light.gg/db/items/445618861,#N/A
Righteous Mark,https://www.light.gg/db/items/445618860,#N/A
Righteous Mark,https://www.light.gg/db/items/577019492,44.44%
Scatterhorn Mark,https://www.light.gg/db/items/1347463276,#N/A
Scatterhorn Mark,https://www.light.gg/db/items/2267399501,33.62%
Scatterhorn Mark,https://www.light.gg/db/items/694120634,#N/A
Seventh Seraph Mark,https://www.light.gg/db/items/2369445684,44.78%
Shadow's Mark,https://www.light.gg/db/items/574137192,#N/A
Shadow's Mark,https://www.light.gg/db/items/311429764,23.9%
Shadow's Mark,https://www.light.gg/db/items/3092380261,#N/A
Solstice Mark (Magnificent),https://www.light.gg/db/items/3972410231,13.19%
Solstice Mark (Majestic),https://www.light.gg/db/items/3987442049,#N/A
Solstice Mark (Majestic),https://www.light.gg/db/items/1520696335,11.25%
Solstice Mark (Majestic),https://www.light.gg/db/items/578329058,Cargando...
Solstice Mark (Resplendent),https://www.light.gg/db/items/1649929380,#N/A
Solstice Mark (Resplendent),https://www.light.gg/db/items/3211222305,10.53%
Star-Crossed Mark,https://www.light.gg/db/items/2757194094,20.73%
Stella Incognita Mark,https://www.light.gg/db/items/1875607511,47.29%
Stella Incognita Mark,https://www.light.gg/db/items/2089197765,#N/A
Substitutional Alloy Mark,https://www.light.gg/db/items/3911047865,47.2%
Substitutional Alloy Mark,https://www.light.gg/db/items/3757338783,#N/A
Substitutional Alloy Mark,https://www.light.gg/db/items/3757338782,#N/A
Substitutional Alloy Mark,https://www.light.gg/db/items/3757338780,#N/A
Sunbreak Mark,https://www.light.gg/db/items/1471849583,16.74%
Sunstead Mark (Magnificent),https://www.light.gg/db/items/468456841,17.92%
Sunstead Mark (Majestic),https://www.light.gg/db/items/468456840,21.1%
Tangled Web Mark,https://www.light.gg/db/items/545134223,#N/A
Tangled Web Mark,https://www.light.gg/db/items/919186882,#N/A
Tangled Web Mark,https://www.light.gg/db/items/2929074377,68.29%
Temptation's Mark,https://www.light.gg/db/items/1043419184,17.27%
Temptation's Mark,https://www.light.gg/db/items/281660259,#N/A
Terra Concord Mark,https://www.light.gg/db/items/1648238545,#N/A
Terra Concord Mark,https://www.light.gg/db/items/3022399012,68.7%
Terra Concord Mark,https://www.light.gg/db/items/2297281780,#N/A
Terra Concord Mark,https://www.light.gg/db/items/4073580572,#N/A
Turris Shade Mark,https://www.light.gg/db/items/1035112834,9.95%
Turris Shade Mark,https://www.light.gg/db/items/3416932282,#N/A
Turris Shade Mark,https://www.light.gg/db/items/2128823667,#N/A
Tusked Allegiance Mark,https://www.light.gg/db/items/3957071315,47.64%
Veritas Mark,https://www.light.gg/db/items/649770495,25.29%
Vernal Growth Mark,https://www.light.gg/db/items/500083158,6.74%
Vigil of Heroes,https://www.light.gg/db/items/986111044,#N/A
Vigil of Heroes,https://www.light.gg/db/items/506100699,#N/A
Vigil of Heroes,https://www.light.gg/db/items/758026143,#N/A
Vigil of Heroes,https://www.light.gg/db/items/3722981806,41.64%
Viperidax Mark,https://www.light.gg/db/items/3451283089,32.17%
War Numen's Mark,https://www.light.gg/db/items/376168733,29.01%
Wild Hunt Mark,https://www.light.gg/db/items/2279193565,51.48%
Wildwood Mark,https://www.light.gg/db/items/1712405061,#N/A
Wildwood Mark,https://www.light.gg/db/items/2977868593,29.63%
Wing Discipline,https://www.light.gg/db/items/2466453881,#N/A
Wing Discipline,https://www.light.gg/db/items/1613581523,46.52%
Wing Discipline,https://www.light.gg/db/items/185853176,#N/A
Wing Discipline,https://www.light.gg/db/items/3089908066,#N/A
Winterhart Mark,https://www.light.gg/db/items/221164697,5.52%
Winterhart Mark,https://www.light.gg/db/items/1706764073,#N/A
Hardcase Helm,https://www.light.gg/db/items/1070180272,#N/A
Hardcase Helm,https://www.light.gg/db/items/549246985,98.14%
Hardcase Helm,https://www.light.gg/db/items/3962776002,#N/A
Hardcase Helm,https://www.light.gg/db/items/1933944659,#N/A
Legion-Bane,https://www.light.gg/db/items/1365979278,#N/A
Legion-Bane,https://www.light.gg/db/items/4069941456,#N/A
Legion-Bane,https://www.light.gg/db/items/3968319087,#N/A
Legion-Bane,https://www.light.gg/db/items/2923601949,98.62%
Midnight Oil Helmet,https://www.light.gg/db/items/2474203178,51.44%
Primal Siege Type 1,https://www.light.gg/db/items/2102523394,99.46%
Primal Siege Type 1,https://www.light.gg/db/items/2983961673,#N/A
Primal Siege Type 1,https://www.light.gg/db/items/461025654,#N/A
Primal Siege Type 1,https://www.light.gg/db/items/4166795065,#N/A
RPC Valiant,https://www.light.gg/db/items/733635242,#N/A
RPC Valiant,https://www.light.gg/db/items/2638921950,99.41%
RPC Valiant,https://www.light.gg/db/items/2994740249,#N/A
RPC Valiant,https://www.light.gg/db/items/2803481901,#N/A
Solstice Helm (Rekindled),https://www.light.gg/db/items/4142792564,#N/A
Solstice Helm (Rekindled),https://www.light.gg/db/items/2897466191,11.71%
Solstice Helm (Renewed),https://www.light.gg/db/items/1651275175,#N/A
Solstice Helm (Renewed),https://www.light.gg/db/items/1292425061,28.85%
Solstice Helm (Renewed),https://www.light.gg/db/items/808331801,13.1%
Solstice Helm (Renewed),https://www.light.gg/db/items/4153787689,24.18%
Gearhead Gauntlets,https://www.light.gg/db/items/2486041712,#N/A
Gearhead Gauntlets,https://www.light.gg/db/items/1589569998,62.91%
Hardcase Brawlers,https://www.light.gg/db/items/3302420523,#N/A
Hardcase Brawlers,https://www.light.gg/db/items/3763392098,#N/A
Hardcase Brawlers,https://www.light.gg/db/items/2252742528,99.48%
Hardcase Brawlers,https://www.light.gg/db/items/867963905,#N/A
Legion-Bane,https://www.light.gg/db/items/3867725217,#N/A
Legion-Bane,https://www.light.gg/db/items/1386133900,99.63%
Legion-Bane,https://www.light.gg/db/items/2815743359,#N/A
Legion-Bane,https://www.light.gg/db/items/2253044470,#N/A
Midnight Oil Gauntlets,https://www.light.gg/db/items/2479764339,48.49%
Primal Siege Type 1,https://www.light.gg/db/items/1665016007,#N/A
Primal Siege Type 1,https://www.light.gg/db/items/392489920,#N/A
Primal Siege Type 1,https://www.light.gg/db/items/4062934448,#N/A
Primal Siege Type 1,https://www.light.gg/db/items/1442064747,99.5%
RPC Valiant,https://www.light.gg/db/items/739196403,#N/A
RPC Valiant,https://www.light.gg/db/items/2466525328,#N/A
RPC Valiant,https://www.light.gg/db/items/3456147612,#N/A
RPC Valiant,https://www.light.gg/db/items/1442860559,99.57%
Solstice Gauntlets (Rekindled),https://www.light.gg/db/items/3015197581,#N/A
Solstice Gauntlets (Rekindled),https://www.light.gg/db/items/757630934,11.64%
Solstice Gauntlets (Renewed),https://www.light.gg/db/items/2073101876,25.32%
Solstice Gauntlets (Renewed),https://www.light.gg/db/items/1945196704,20.86%
Solstice Gauntlets (Renewed),https://www.light.gg/db/items/280116880,12.85%
Solstice Gauntlets (Renewed),https://www.light.gg/db/items/3892841518,#N/A
Songbreaker Gauntlets,https://www.light.gg/db/items/2486041713,#N/A
Songbreaker Gauntlets,https://www.light.gg/db/items/1589569999,64.01%
Hardcase Battleplate,https://www.light.gg/db/items/3885104741,#N/A
Hardcase Battleplate,https://www.light.gg/db/items/201644247,#N/A
Hardcase Battleplate,https://www.light.gg/db/items/280187206,#N/A
Hardcase Battleplate,https://www.light.gg/db/items/3152414792,99.95%
Legion-Bane,https://www.light.gg/db/items/1775818231,#N/A
Legion-Bane,https://www.light.gg/db/items/2840140116,99.87%
Legion-Bane,https://www.light.gg/db/items/3656549306,#N/A
Legion-Bane,https://www.light.gg/db/items/3183585337,#N/A
Midnight Oil Plate,https://www.light.gg/db/items/2229615005,50.28%
Primal Siege Type 1,https://www.light.gg/db/items/3163241201,#N/A
Primal Siege Type 1,https://www.light.gg/db/items/463563656,#N/A
Primal Siege Type 1,https://www.light.gg/db/items/1912568536,#N/A
Primal Siege Type 1,https://www.light.gg/db/items/730116261,99.75%
RPC Valiant,https://www.light.gg/db/items/1133807721,99.69%
RPC Valiant,https://www.light.gg/db/items/1484009400,#N/A
RPC Valiant,https://www.light.gg/db/items/3007889693,#N/A
RPC Valiant,https://www.light.gg/db/items/2739875972,#N/A
Shieldbreaker Plate,https://www.light.gg/db/items/1286488743,#N/A
Shieldbreaker Plate,https://www.light.gg/db/items/1160283433,64.97%
Solstice Plate (Rekindled),https://www.light.gg/db/items/1021217306,11.64%
Solstice Plate (Rekindled),https://www.light.gg/db/items/4245469491,#N/A
Solstice Plate (Renewed),https://www.light.gg/db/items/829700536,13.1%
Solstice Plate (Renewed),https://www.light.gg/db/items/749733608,20.93%
Solstice Plate (Renewed),https://www.light.gg/db/items/143299650,#N/A
Solstice Plate (Renewed),https://www.light.gg/db/items/3636889164,25.33%
Hardcase Stompers,https://www.light.gg/db/items/482091581,#N/A
Hardcase Stompers,https://www.light.gg/db/items/2362809459,#N/A
Hardcase Stompers,https://www.light.gg/db/items/1512570524,#N/A
Hardcase Stompers,https://www.light.gg/db/items/1330563002,99.67%
Legion-Bane,https://www.light.gg/db/items/2031866166,99.51%
Legion-Bane,https://www.light.gg/db/items/1736993473,#N/A
Legion-Bane,https://www.light.gg/db/items/643145875,#N/A
Legion-Bane,https://www.light.gg/db/items/3465323600,#N/A
Midnight Oil Greaves,https://www.light.gg/db/items/2214718277,49.93%
Mindbreaker Boots,https://www.light.gg/db/items/2317191363,#N/A
Mindbreaker Boots,https://www.light.gg/db/items/2164070257,63.44%
Primal Siege Type 1,https://www.light.gg/db/items/2533822333,99.52%
Primal Siege Type 1,https://www.light.gg/db/items/417821705,#N/A
Primal Siege Type 1,https://www.light.gg/db/items/126602378,#N/A
Primal Siege Type 1,https://www.light.gg/db/items/3382396922,#N/A
RPC Valiant,https://www.light.gg/db/items/474150341,#N/A
RPC Valiant,https://www.light.gg/db/items/2459075622,#N/A
RPC Valiant,https://www.light.gg/db/items/2058937521,99.46%
RPC Valiant,https://www.light.gg/db/items/2825160682,#N/A
Solstice Greaves (Rekindled),https://www.light.gg/db/items/1969910192,11.59%
Solstice Greaves (Rekindled),https://www.light.gg/db/items/3685996623,#N/A
Solstice Greaves (Renewed),https://www.light.gg/db/items/2105409832,#N/A
Solstice Greaves (Renewed),https://www.light.gg/db/items/640136282,Cargando...
Solstice Greaves (Renewed),https://www.light.gg/db/items/638752234,12.85%
Solstice Greaves (Renewed),https://www.light.gg/db/items/2360840510,25.3%
Baseline Mark,https://www.light.gg/db/items/1022126988,#N/A
Baseline Mark,https://www.light.gg/db/items/732520437,#N/A
Baseline Mark,https://www.light.gg/db/items/2165661157,#N/A
Baseline Mark,https://www.light.gg/db/items/4147032568,99.51%
Black Shield Mark,https://www.light.gg/db/items/3625546921,99.81%
Black Shield Mark,https://www.light.gg/db/items/3438103366,#N/A
Black Shield Mark,https://www.light.gg/db/items/202783988,#N/A
Black Shield Mark,https://www.light.gg/db/items/2880545163,#N/A
Mark of Confrontation,https://www.light.gg/db/items/984002469,99.73%
Mark of Confrontation,https://www.light.gg/db/items/598178607,#N/A
Mark of Confrontation,https://www.light.gg/db/items/2329963686,#N/A
Mark of Confrontation,https://www.light.gg/db/items/2541019576,#N/A
Mark of Inquisition,https://www.light.gg/db/items/174910288,#N/A
Mark of Inquisition,https://www.light.gg/db/items/3483602905,#N/A
Mark of Inquisition,https://www.light.gg/db/items/4174470997,#N/A
Mark of Inquisition,https://www.light.gg/db/items/2447973668,99.44%
Midnight Oil Mark,https://www.light.gg/db/items/3691602896,47.68%
Orobas Vectura Mark,https://www.light.gg/db/items/2426340788,#N/A
Orobas Vectura Mark,https://www.light.gg/db/items/2940586726,62.53%
Solstice Mark (Rekindled),https://www.light.gg/db/items/245110123,11.45%
Solstice Mark (Rekindled),https://www.light.gg/db/items/2155928170,#N/A
Solstice Mark (Renewed),https://www.light.gg/db/items/4128297107,#N/A
Solstice Mark (Renewed),https://www.light.gg/db/items/2451830981,20.86%
Solstice Mark (Renewed),https://www.light.gg/db/items/2040680321,25.33%
Solstice Mark (Renewed),https://www.light.gg/db/items/3520162133,13%
Unethical Experiments Mark,https://www.light.gg/db/items/2426340791,#N/A
Unethical Experiments Mark,https://www.light.gg/db/items/2940586725,61.65%
Atgeir 2T1,https://www.light.gg/db/items/739406993,#N/A
Atgeir 2T1,https://www.light.gg/db/items/3267437183,99.76%
Fieldplate Type 10,https://www.light.gg/db/items/933345182,#N/A
Fieldplate Type 10,https://www.light.gg/db/items/3255228714,99.77%
Firebreak Field,https://www.light.gg/db/items/3123203109,99.89%
Firebreak Field,https://www.light.gg/db/items/1443091319,#N/A
Fortress Field,https://www.light.gg/db/items/1279721672,#N/A
Fortress Field,https://www.light.gg/db/items/1688240188,99.48%
Solstice Helm (Drained),https://www.light.gg/db/items/3039687635,#N/A
Solstice Helm (Drained),https://www.light.gg/db/items/132648577,20.79%
Solstice Helm (Scorched),https://www.light.gg/db/items/677939288,#N/A
Solstice Helm (Scorched),https://www.light.gg/db/items/1174021263,16.84%
Atgeir 2T1,https://www.light.gg/db/items/3650925928,#N/A
Atgeir 2T1,https://www.light.gg/db/items/3201304390,99.84%
Fieldplate Type 10,https://www.light.gg/db/items/203317967,#N/A
Fieldplate Type 10,https://www.light.gg/db/items/3260789875,99.77%
Firebreak Field,https://www.light.gg/db/items/516502270,#N/A
Firebreak Field,https://www.light.gg/db/items/3862303220,99.66%
Fortress Field,https://www.light.gg/db/items/627055961,#N/A
Fortress Field,https://www.light.gg/db/items/3043014325,99.83%
Solstice Gauntlets (Drained),https://www.light.gg/db/items/574167778,#N/A
Solstice Gauntlets (Drained),https://www.light.gg/db/items/970568088,18.01%
Solstice Gauntlets (Scorched),https://www.light.gg/db/items/1141639721,#N/A
Solstice Gauntlets (Scorched),https://www.light.gg/db/items/3329153302,17.1%
Atgeir 2T1,https://www.light.gg/db/items/703683040,#N/A
Atgeir 2T1,https://www.light.gg/db/items/595755242,98.14%
Fieldplate Type 10,https://www.light.gg/db/items/3450293405,99.75%
Fieldplate Type 10,https://www.light.gg/db/items/846463017,#N/A
Firebreak Field,https://www.light.gg/db/items/3523134386,#N/A
Firebreak Field,https://www.light.gg/db/items/3503564556,99.71%
Fortress Field,https://www.light.gg/db/items/702133035,99.72%
Fortress Field,https://www.light.gg/db/items/226227391,#N/A
Solstice Plate (Drained),https://www.light.gg/db/items/1365491398,#N/A
Solstice Plate (Drained),https://www.light.gg/db/items/4282498224,17.91%
Solstice Plate (Scorched),https://www.light.gg/db/items/3943394479,#N/A
Solstice Plate (Scorched),https://www.light.gg/db/items/1225396570,16.84%
Atgeir 2T1,https://www.light.gg/db/items/457297858,#N/A
Atgeir 2T1,https://www.light.gg/db/items/3184791104,99.84%
Fieldplate Type 10,https://www.light.gg/db/items/777818225,#N/A
Fieldplate Type 10,https://www.light.gg/db/items/2995743813,98.58%
Firebreak Field,https://www.light.gg/db/items/1360445272,#N/A
Firebreak Field,https://www.light.gg/db/items/4150041854,99.51%
Fortress Field,https://www.light.gg/db/items/324169111,98.24%
Fortress Field,https://www.light.gg/db/items/3519241547,#N/A
Solstice Greaves (Drained),https://www.light.gg/db/items/2618313500,#N/A
Solstice Greaves (Drained),https://www.light.gg/db/items/3725260498,17.98%
Solstice Greaves (Scorched),https://www.light.gg/db/items/246568432,16.58%
Solstice Greaves (Scorched),https://www.light.gg/db/items/967650555,#N/A
Atgeir Mark,https://www.light.gg/db/items/13719069,#N/A
Atgeir Mark,https://www.light.gg/db/items/1232572923,99.7%
Mark of the Fire,https://www.light.gg/db/items/3693917763,#N/A
Mark of the Fire,https://www.light.gg/db/items/1441321537,99.62%
Mark of the Golden Citadel,https://www.light.gg/db/items/3353816514,99.87%
Mark of the Golden Citadel,https://www.light.gg/db/items/1473385934,#N/A
Mark of the Longest Line,https://www.light.gg/db/items/617314000,98.18%
Mark of the Longest Line,https://www.light.gg/db/items/2626766308,#N/A
Solstice Mark (Drained),https://www.light.gg/db/items/3634214125,17.96%
Solstice Mark (Drained),https://www.light.gg/db/items/1683482799,#N/A
Solstice Mark (Scorched),https://www.light.gg/db/items/1361620030,#N/A
Solstice Mark (Scorched),https://www.light.gg/db/items/873850027,16.85%
Brave Titan Helm,https://www.light.gg/db/items/1514122509,#N/A
Brave Titan Helm,https://www.light.gg/db/items/660037107,#N/A
Helmet,https://www.light.gg/db/items/2359657268,#N/A
Refugee Helm,https://www.light.gg/db/items/2169286143,99.48%
Refugee Helm,https://www.light.gg/db/items/1378545975,#N/A
Renegade Helm,https://www.light.gg/db/items/590089148,98.19%
Renegade Helm,https://www.light.gg/db/items/868799838,#N/A
Wrecked Titan Helm,https://www.light.gg/db/items/141761093,#N/A
Wrecked Titan Helm,https://www.light.gg/db/items/697099357,#N/A
Brave Titan Gauntlets,https://www.light.gg/db/items/2166685180,#N/A
Brave Titan Gauntlets,https://www.light.gg/db/items/2448010882,#N/A
Gauntlets,https://www.light.gg/db/items/765924941,#N/A
Refugee Gloves,https://www.light.gg/db/items/2103153350,99.5%
Refugee Gloves,https://www.light.gg/db/items/452060094,#N/A
Renegade Gauntlets,https://www.light.gg/db/items/1944863285,99.46%
Renegade Gauntlets,https://www.light.gg/db/items/3967705743,#N/A
Wrecked Titan Gauntlets,https://www.light.gg/db/items/3878952908,#N/A
Wrecked Titan Gauntlets,https://www.light.gg/db/items/880861204,#N/A
Brave Titan Plate,https://www.light.gg/db/items/1816178788,#N/A
Brave Titan Plate,https://www.light.gg/db/items/722380134,#N/A
Chest Armor,https://www.light.gg/db/items/3933597171,#N/A
Refugee Plate,https://www.light.gg/db/items/2570001258,99.46%
Refugee Plate,https://www.light.gg/db/items/59990642,#N/A
Renegade Plate,https://www.light.gg/db/items/2676379051,99.47%
Renegade Plate,https://www.light.gg/db/items/2886651369,#N/A
Wrecked Titan Plate,https://www.light.gg/db/items/3663467820,#N/A
Wrecked Titan Plate,https://www.light.gg/db/items/2134070164,#N/A
Brave Titan Greaves,https://www.light.gg/db/items/1169613062,#N/A
Brave Titan Greaves,https://www.light.gg/db/items/238766140,#N/A
Leg Armor,https://www.light.gg/db/items/1436723983,#N/A
Refugee Boots,https://www.light.gg/db/items/2086640064,99.5%
Refugee Boots,https://www.light.gg/db/items/871442456,#N/A
Renegade Greaves,https://www.light.gg/db/items/3520985367,99.82%
Renegade Greaves,https://www.light.gg/db/items/288815409,#N/A
Wrecked Titan Greaves,https://www.light.gg/db/items/744142366,#N/A
Wrecked Titan Greaves,https://www.light.gg/db/items/229821046,#N/A
Brave Titan's Mark,https://www.light.gg/db/items/1040474575,#N/A
Brave Titan's Mark,https://www.light.gg/db/items/2984466361,#N/A
Brave Titan's Mark,https://www.light.gg/db/items/4124310928,#N/A
Brave Titan's Mark,https://www.light.gg/db/items/3538928634,#N/A
Dreamer's Mark,https://www.light.gg/db/items/2426340790,#N/A
Dreamer's Mark,https://www.light.gg/db/items/2940586724,99.91%
Mark of the Renegade,https://www.light.gg/db/items/1033095234,99.73%
Mark of the Renegade,https://www.light.gg/db/items/4200817316,#N/A
Refugee Mark,https://www.light.gg/db/items/3206818939,99.83%
Refugee Mark,https://www.light.gg/db/items/696808195,#N/A
Tattered Titan Mark,https://www.light.gg/db/items/2067155809,#N/A
Tattered Titan Mark,https://www.light.gg/db/items/3302357737,#N/A
Titan Mark,https://www.light.gg/db/items/1844055850,#N/A