text-exotic,item href,%rarity
,,
Apotheosis Veil,https://www.light.gg/db/items/1096253259,73.1%
Apotheosis Veil,https://www.light.gg/db/items/3897389303,#N/A
Astrocyte Verse,https://www.light.gg/db/items/3948284065,71%
Astrocyte Verse,https://www.light.gg/db/items/866590993,#N/A
Crown of Tempests,https://www.light.gg/db/items/3381022969,77.76%
Crown of Tempests,https://www.light.gg/db/items/2523259395,#N/A
Dawn Chorus,https://www.light.gg/db/items/2316914168,35.95%
Eye of Another World,https://www.light.gg/db/items/3381022970,77.49%
Eye of Another World,https://www.light.gg/db/items/2523259392,#N/A
Fallen Sunstar,https://www.light.gg/db/items/1849149215,25.06%
Felwinter's Helm,https://www.light.gg/db/items/2822465023,69.14%
Nezarec's Sin,https://www.light.gg/db/items/3381022971,77.91%
Nezarec's Sin,https://www.light.gg/db/items/2523259393,#N/A
Skull of Dire Ahamkara,https://www.light.gg/db/items/1030017949,79.81%
Skull of Dire Ahamkara,https://www.light.gg/db/items/2523259394,#N/A
The Stag,https://www.light.gg/db/items/2177524718,75.04%
The Stag,https://www.light.gg/db/items/3008550972,#N/A
Verity's Brow,https://www.light.gg/db/items/2428181146,75.87%
Verity's Brow,https://www.light.gg/db/items/2897117448,#N/A
Aeon Soul,https://www.light.gg/db/items/2076339106,#N/A
Aeon Soul,https://www.light.gg/db/items/2950045886,77.87%
Claws of Ahamkara,https://www.light.gg/db/items/2970800254,#N/A
Claws of Ahamkara,https://www.light.gg/db/items/3288917178,73.03%
Contraverse Hold,https://www.light.gg/db/items/2389062558,#N/A
Contraverse Hold,https://www.light.gg/db/items/1906093346,74.45%
Getaway Artist,https://www.light.gg/db/items/3070357340,#N/A
Getaway Artist,https://www.light.gg/db/items/3084282676,83.01%
Karnstein Armlets,https://www.light.gg/db/items/1862800746,#N/A
Karnstein Armlets,https://www.light.gg/db/items/3844826440,77.32%
Necrotic Grip,https://www.light.gg/db/items/2780717641,41.09%
Nothing Manacles,https://www.light.gg/db/items/300502917,33.26%
Ophidian Aspect,https://www.light.gg/db/items/3627185503,73.21%
Ophidian Aspect,https://www.light.gg/db/items/68357813,#N/A
Osmiomancy Gloves,https://www.light.gg/db/items/3259193988,33.4%
Sunbracers,https://www.light.gg/db/items/1862800747,#N/A
Sunbracers,https://www.light.gg/db/items/3787517196,75.59%
Winter's Guile,https://www.light.gg/db/items/1862800745,#N/A
Winter's Guile,https://www.light.gg/db/items/3844826443,74.64%
Chromatic Fire,https://www.light.gg/db/items/3488362706,#N/A
Chromatic Fire,https://www.light.gg/db/items/4057299718,71.91%
Mantle of Battle Harmony,https://www.light.gg/db/items/3301944824,36.23%
Phoenix Protocol,https://www.light.gg/db/items/3488362707,#N/A
Phoenix Protocol,https://www.light.gg/db/items/4057299719,72.36%
Sanguine Alchemy,https://www.light.gg/db/items/2422973183,#N/A
Sanguine Alchemy,https://www.light.gg/db/items/3070555693,72.49%
Starfire Protocol,https://www.light.gg/db/items/2082483156,74.82%
Starfire Protocol,https://www.light.gg/db/items/2782999717,#N/A
Stormdancer's Brace,https://www.light.gg/db/items/1996008488,49.92%
Vesper of Radius,https://www.light.gg/db/items/1799380614,#N/A
Vesper of Radius,https://www.light.gg/db/items/1725917554,74.55%
Wings of Sacred Dawn,https://www.light.gg/db/items/370930766,75.87%
Wings of Sacred Dawn,https://www.light.gg/db/items/2782999716,#N/A
Boots of the Assembler,https://www.light.gg/db/items/3045642045,35.74%
Geomag Stabilizers,https://www.light.gg/db/items/121305948,69.82%
Geomag Stabilizers,https://www.light.gg/db/items/2808445048,#N/A
Lunafaction Boots,https://www.light.gg/db/items/4136768282,76.74%
Lunafaction Boots,https://www.light.gg/db/items/2954558332,#N/A
Promethium Spur,https://www.light.gg/db/items/235591051,67.29%
Rain of Fire,https://www.light.gg/db/items/1624882687,23.92%
Secant Filaments,https://www.light.gg/db/items/511888814,33.15%
Transversive Steps,https://www.light.gg/db/items/2954558333,#N/A
Transversive Steps,https://www.light.gg/db/items/138282166,78.46%
Ancient Apocalypse Hood,https://www.light.gg/db/items/4255727106,#N/A
Ancient Apocalypse Hood,https://www.light.gg/db/items/754069623,45.86%
Ancient Apocalypse Hood,https://www.light.gg/db/items/3925589496,#N/A
Ancient Apocalypse Hood,https://www.light.gg/db/items/1236746902,#N/A
Ancient Apocalypse Hood,https://www.light.gg/db/items/1013137701,#N/A
Ankaa Seeker IV,https://www.light.gg/db/items/1764274932,#N/A
Ankaa Seeker IV,https://www.light.gg/db/items/1299272338,45.62%
Ankaa Seeker IV,https://www.light.gg/db/items/761953100,#N/A
Ankaa Seeker IV,https://www.light.gg/db/items/876608500,#N/A
Ankaa Seeker IV,https://www.light.gg/db/items/2775298636,#N/A
Annealed Shaper Crown,https://www.light.gg/db/items/2389815461,#N/A
Annealed Shaper Crown,https://www.light.gg/db/items/2119727155,#N/A
Annealed Shaper Crown,https://www.light.gg/db/items/2668526660,44.61%
Anti-Extinction Hood,https://www.light.gg/db/items/3299588760,#N/A
Anti-Extinction Hood,https://www.light.gg/db/items/245450812,52.51%
Atavistic Idol Hood,https://www.light.gg/db/items/2612856746,17.09%
BrayTech Researcher's Hood,https://www.light.gg/db/items/198099636,#N/A
BrayTech Researcher's Hood,https://www.light.gg/db/items/1991627398,38.37%
Calamity Rig Cover,https://www.light.gg/db/items/3813221631,24.17%
Candescent Hood,https://www.light.gg/db/items/1840892693,39.34%
Celestine Hood (Magnificent),https://www.light.gg/db/items/139281386,18.87%
Celestine Hood (Majestic),https://www.light.gg/db/items/139281387,22.45%
Channeling Cowl,https://www.light.gg/db/items/2964441920,#N/A
Channeling Cowl,https://www.light.gg/db/items/686607148,#N/A
Channeling Cowl (CODA),https://www.light.gg/db/items/2602907742,40.32%
Cinder Pinion Cover,https://www.light.gg/db/items/1346827258,29.69%
Clutch Extol Hood,https://www.light.gg/db/items/1259299553,49.26%
Corrupting Echo Cover,https://www.light.gg/db/items/3171090615,#N/A
Corrupting Echo Cover,https://www.light.gg/db/items/1832715465,43.11%
Crystocrene Hood,https://www.light.gg/db/items/1547733991,47.2%
Deep Explorer Hood,https://www.light.gg/db/items/630469185,28.42%
Deep Explorer Hood,https://www.light.gg/db/items/3326914239,#N/A
Dragonfly Regalia Mandible,https://www.light.gg/db/items/3516622758,21.57%
Dreambane Hood,https://www.light.gg/db/items/1721938300,54.23%
Dreambane Hood,https://www.light.gg/db/items/1528483180,#N/A
Ego Talon IV,https://www.light.gg/db/items/1895532772,#N/A
Ego Talon IV,https://www.light.gg/db/items/2615512594,#N/A
Ego Talon IV,https://www.light.gg/db/items/2612983587,70.54%
Eidolon Pursuant Veil,https://www.light.gg/db/items/217647949,52.95%
Eimin-Tin Ritual Mask,https://www.light.gg/db/items/3523809305,#N/A
Eimin-Tin Ritual Mask,https://www.light.gg/db/items/3858472841,#N/A
Eimin-Tin Ritual Mask,https://www.light.gg/db/items/3634942770,75.14%
Exodus Down Hood,https://www.light.gg/db/items/3660228214,#N/A
Exodus Down Hood,https://www.light.gg/db/items/280471817,18.68%
Exodus Down Hood,https://www.light.gg/db/items/2811068561,#N/A
Exodus Down Hood,https://www.light.gg/db/items/3960258378,#N/A
Exodus Down Hood,https://www.light.gg/db/items/2731698402,#N/A
Facade of the Hezen Lords,https://www.light.gg/db/items/673599343,38.6%
Focusing Cowl,https://www.light.gg/db/items/2964441921,1.52%
Focusing Cowl,https://www.light.gg/db/items/686607149,#N/A
Frostreach Hood,https://www.light.gg/db/items/671247011,12.92%
Gensym Knight Hood,https://www.light.gg/db/items/1980271175,38.07%
Gensym Knight Hood,https://www.light.gg/db/items/1554079989,#N/A
Gensym Knight Hood,https://www.light.gg/db/items/3158739321,#N/A
Gunsmith's Devotion Crown,https://www.light.gg/db/items/583145321,19.69%
Gunsmith's Devotion Crown,https://www.light.gg/db/items/1624906371,#N/A
Headpiece of the Emperor's Minister,https://www.light.gg/db/items/618662448,#N/A
Headpiece of the Emperor's Minister,https://www.light.gg/db/items/748485515,#N/A
Headpiece of the Emperor's Minister,https://www.light.gg/db/items/2700598110,11.57%
Heiro Camo,https://www.light.gg/db/items/2954945607,75.08%
Heiro Camo,https://www.light.gg/db/items/2838060329,#N/A
Heiro Camo,https://www.light.gg/db/items/2791527489,#N/A
High-Minded Complex,https://www.light.gg/db/items/1111042046,#N/A
High-Minded Complex,https://www.light.gg/db/items/1800940324,76.02%
High-Minded Complex,https://www.light.gg/db/items/993844472,#N/A
Holdfast Cover,https://www.light.gg/db/items/1173249516,59.24%
Hood of Optimacy,https://www.light.gg/db/items/979292443,21.61%
Hood of Optimacy,https://www.light.gg/db/items/706111909,#N/A
Hood of Optimacy,https://www.light.gg/db/items/2956899553,11.88%
Hood of the Exile,https://www.light.gg/db/items/495541988,#N/A
Hood of the Exile,https://www.light.gg/db/items/1637326795,7.93%
Hood of the Great Hunt,https://www.light.gg/db/items/1350126011,38.61%
Hood of the Great Hunt,https://www.light.gg/db/items/3445582154,#N/A
Hood of the Great Hunt,https://www.light.gg/db/items/1432728945,#N/A
Hood of the Great Hunt,https://www.light.gg/db/items/3251351304,#N/A
Illicit Collector Hood,https://www.light.gg/db/items/359531057,#N/A
Illicit Collector Hood,https://www.light.gg/db/items/3638406027,10.34%
Illicit Collector Hood,https://www.light.gg/db/items/2565812705,#N/A
Illicit Invader Hood,https://www.light.gg/db/items/3731378629,17.91%
Illicit Invader Hood,https://www.light.gg/db/items/1951201411,#N/A
Illicit Invader Hood,https://www.light.gg/db/items/2342017355,#N/A
Illicit Reaper Hood,https://www.light.gg/db/items/2030998601,#N/A
Illicit Reaper Hood,https://www.light.gg/db/items/2013313923,21.09%
Illicit Reaper Hood,https://www.light.gg/db/items/1208982393,#N/A
Illicit Sentry Hood,https://www.light.gg/db/items/3660501109,#N/A
Illicit Sentry Hood,https://www.light.gg/db/items/1823966645,#N/A
Illicit Sentry Hood,https://www.light.gg/db/items/1262430251,9.65%
Inaugural Revelry Hood,https://www.light.gg/db/items/3738044006,11.97%
Inaugural Revelry Hood,https://www.light.gg/db/items/492834021,#N/A
Insight Vikti Hood,https://www.light.gg/db/items/616641643,73.34%
Insight Vikti Hood,https://www.light.gg/db/items/2478301019,#N/A
Insight Vikti Hood,https://www.light.gg/db/items/2905154661,#N/A
Insight Vikti Hood,https://www.light.gg/db/items/597618504,#N/A
Insigne Shade Cover,https://www.light.gg/db/items/1675393889,#N/A
Insigne Shade Cover,https://www.light.gg/db/items/2305801487,8.47%
Insigne Shade Cover,https://www.light.gg/db/items/1156439528,#N/A
Intrepid Inquiry Hood,https://www.light.gg/db/items/2856645651,5.14%
Iron Fellowship Hood,https://www.light.gg/db/items/2391553724,#N/A
Iron Fellowship Hood,https://www.light.gg/db/items/2055774222,#N/A
Iron Fellowship Hood,https://www.light.gg/db/items/3972479219,#N/A
Iron Fellowship Hood,https://www.light.gg/db/items/2717305289,22.67%
Iron Forerunner Hood,https://www.light.gg/db/items/2217519207,47.64%
Iron Remembrance Hood,https://www.light.gg/db/items/2758933481,#N/A
Iron Remembrance Hood,https://www.light.gg/db/items/1466284308,18.41%
Iron Remembrance Hood,https://www.light.gg/db/items/1233689371,#N/A
Iron Remembrance Hood,https://www.light.gg/db/items/2340483067,#N/A
Iron Symmachy Hood,https://www.light.gg/db/items/3735443949,#N/A
Iron Symmachy Hood,https://www.light.gg/db/items/2645763830,7.89%
Iron Symmachy Hood,https://www.light.gg/db/items/3147146325,#N/A
Iron Truage Hood,https://www.light.gg/db/items/2321258055,28.61%
Iron Truage Hood,https://www.light.gg/db/items/307912519,18.13%
Iron Truage Hood,https://www.light.gg/db/items/197164672,#N/A
Iron Truage Hood,https://www.light.gg/db/items/423204919,#N/A
Iron Truage Hood,https://www.light.gg/db/items/2811201658,#N/A
Iron Truage Hood,https://www.light.gg/db/items/3543922672,#N/A
Iron Truage Hood,https://www.light.gg/db/items/1854612346,#N/A
Iron Will Hood,https://www.light.gg/db/items/2205315921,#N/A
Iron Will Hood,https://www.light.gg/db/items/3598520298,26.58%
Kairos Function Crown,https://www.light.gg/db/items/149949001,43.33%
Kairos Function Crown,https://www.light.gg/db/items/2062911883,#N/A
Kairos Function Crown,https://www.light.gg/db/items/452177303,#N/A
Ketchkiller's Hood,https://www.light.gg/db/items/738153648,46.82%
Legacy's Oath Cowl,https://www.light.gg/db/items/1462908657,29.97%
Lightkin Cover,https://www.light.gg/db/items/1245678091,42.06%
Liminal Voyager Hood,https://www.light.gg/db/items/4044559530,8.64%
Lost Pacific Helmet,https://www.light.gg/db/items/1743790315,#N/A
Lost Pacific Helmet,https://www.light.gg/db/items/2575848725,#N/A
Lost Pacific Helmet,https://www.light.gg/db/items/720513501,37.47%
Mantle of the Cormorant Blade,https://www.light.gg/db/items/1178752364,15.63%
Mask of Righteousness,https://www.light.gg/db/items/3001934726,#N/A
Mask of Righteousness,https://www.light.gg/db/items/2367878193,20.27%
Mask of Sekris,https://www.light.gg/db/items/1756558505,#N/A
Mask of Sekris,https://www.light.gg/db/items/796914932,#N/A
Mask of Sekris,https://www.light.gg/db/items/161336786,12.28%
Mask of the Fulminator,https://www.light.gg/db/items/748485514,#N/A
Mask of the Fulminator,https://www.light.gg/db/items/618662449,25.54%
Mask of the Fulminator,https://www.light.gg/db/items/2700598111,#N/A
Mihaylova's Triumph,https://www.light.gg/db/items/2170939813,17.87%
Moonfang-X7 Crown,https://www.light.gg/db/items/2288398391,34.82%
Mouth of Ur,https://www.light.gg/db/items/1537426592,25.45%
Notorious Collector Hood,https://www.light.gg/db/items/359531059,5.26%
Notorious Collector Hood,https://www.light.gg/db/items/2565812707,#N/A
Notorious Invader Hood,https://www.light.gg/db/items/1951201409,#N/A
Notorious Invader Hood,https://www.light.gg/db/items/2342017353,4.98%
Notorious Reaper Hood,https://www.light.gg/db/items/2030998603,8.24%
Notorious Reaper Hood,https://www.light.gg/db/items/1208982395,#N/A
Notorious Sentry Hood,https://www.light.gg/db/items/3660501111,#N/A
Notorious Sentry Hood,https://www.light.gg/db/items/1823966647,5.13%
Omega Mechanos Crown,https://www.light.gg/db/items/903593458,8.16%
Opulent Scholar Hood,https://www.light.gg/db/items/2245491369,#N/A
Opulent Scholar Hood,https://www.light.gg/db/items/831222279,#N/A
Opulent Scholar Hood,https://www.light.gg/db/items/164194947,30.68%
Outlawed Collector Hood,https://www.light.gg/db/items/359531056,5.78%
Outlawed Collector Hood,https://www.light.gg/db/items/2565812704,#N/A
Outlawed Invader Hood,https://www.light.gg/db/items/1951201410,#N/A
Outlawed Invader Hood,https://www.light.gg/db/items/2342017354,5.47%
Outlawed Reaper Hood,https://www.light.gg/db/items/2030998600,10.54%
Outlawed Reaper Hood,https://www.light.gg/db/items/1208982392,#N/A
Outlawed Sentry Hood,https://www.light.gg/db/items/3660501108,#N/A
Outlawed Sentry Hood,https://www.light.gg/db/items/1823966644,6.05%
Pathfinder's Visor,https://www.light.gg/db/items/3642146012,44.7%
Philomath Cover,https://www.light.gg/db/items/2402435619,#N/A
Philomath Cover,https://www.light.gg/db/items/1196270212,78.53%
Philomath Cover,https://www.light.gg/db/items/2542514983,#N/A
Phobos Warden Cowl,https://www.light.gg/db/items/3074679271,34.38%
Photosuede Hood,https://www.light.gg/db/items/3611754012,51.59%
Praefectus Cover,https://www.light.gg/db/items/3311198527,47.65%
Prodigal Hood,https://www.light.gg/db/items/2012084760,#N/A
Prodigal Hood,https://www.light.gg/db/items/265597079,74.21%
Prodigal Hood,https://www.light.gg/db/items/2734010957,#N/A
Pyrrhic Ascent Hood,https://www.light.gg/db/items/4161591237,26.58%
Resonant Fury Cowl,https://www.light.gg/db/items/2316722050,23.65%
Reverie Dawn Hood,https://www.light.gg/db/items/1076538039,76.91%
Reverie Dawn Hood,https://www.light.gg/db/items/185695659,#N/A
Reverie Dawn Hood,https://www.light.gg/db/items/998096007,#N/A
Righteous Hood,https://www.light.gg/db/items/1557571327,#N/A
Righteous Hood,https://www.light.gg/db/items/1557571326,#N/A
Righteous Hood,https://www.light.gg/db/items/1557571324,#N/A
Righteous Hood,https://www.light.gg/db/items/1259643537,48.27%
Scatterhorn Hood,https://www.light.gg/db/items/2411325265,#N/A
Scatterhorn Hood,https://www.light.gg/db/items/3926141285,#N/A
Scatterhorn Hood,https://www.light.gg/db/items/3682059404,42.05%
Seventh Seraph Hood,https://www.light.gg/db/items/1790943181,48.32%
Shadow's Mind,https://www.light.gg/db/items/2472794149,13.74%
Shadow's Mind,https://www.light.gg/db/items/1481751647,#N/A
Shadow's Mind,https://www.light.gg/db/items/3349283422,#N/A
Simulator Hood,https://www.light.gg/db/items/2401598772,#N/A
Simulator Hood,https://www.light.gg/db/items/2538410394,52.74%
Solstice Hood (Magnificent),https://www.light.gg/db/items/1858878452,14.97%
Solstice Hood (Majestic),https://www.light.gg/db/items/3162915011,19.79%
Solstice Hood (Majestic),https://www.light.gg/db/items/2546370410,#N/A
Solstice Hood (Majestic),https://www.light.gg/db/items/3359671646,12.31%
Solstice Hood (Resplendent),https://www.light.gg/db/items/545021994,9.65%
Solstice Hood (Resplendent),https://www.light.gg/db/items/3748622249,#N/A
Sovereign Hood,https://www.light.gg/db/items/446438979,51.47%
Sovereign Hood,https://www.light.gg/db/items/316745113,#N/A
Substitutional Alloy Hood,https://www.light.gg/db/items/377757362,49.28%
Substitutional Alloy Hood,https://www.light.gg/db/items/2690973103,#N/A
Substitutional Alloy Hood,https://www.light.gg/db/items/2690973102,#N/A
Substitutional Alloy Hood,https://www.light.gg/db/items/2690973101,#N/A
Symmetrists' Mask,https://www.light.gg/db/items/773780651,20.46%
Tangled Web Hood,https://www.light.gg/db/items/1664085089,#N/A
Tangled Web Hood,https://www.light.gg/db/items/553373026,#N/A
Tangled Web Hood,https://www.light.gg/db/items/4113317396,74.69%
Tesseract Trace IV,https://www.light.gg/db/items/1893349933,#N/A
Tesseract Trace IV,https://www.light.gg/db/items/2811180959,#N/A
Tesseract Trace IV,https://www.light.gg/db/items/1292840125,75.8%
Tesseract Trace IV,https://www.light.gg/db/items/2339155434,#N/A
Thorium Holt Hood,https://www.light.gg/db/items/2470746631,#N/A
Thorium Holt Hood,https://www.light.gg/db/items/1592984110,75.8%
Thorium Holt Hood,https://www.light.gg/db/items/1728789982,#N/A
Tusked Allegiance Hood,https://www.light.gg/db/items/849255710,50.48%
Veritas Hood,https://www.light.gg/db/items/1795262004,26.13%
Vernal Growth Hood,https://www.light.gg/db/items/1356657785,7.1%
Vigil of Heroes,https://www.light.gg/db/items/3631862279,44.8%
Vigil of Heroes,https://www.light.gg/db/items/2422319309,#N/A
Vigil of Heroes,https://www.light.gg/db/items/3213912958,#N/A
Vigil of Heroes,https://www.light.gg/db/items/2304309360,#N/A
Viperidax Hood,https://www.light.gg/db/items/4291183556,37.84%
Wild Hunt Hood,https://www.light.gg/db/items/251310542,54.9%
Wildwood Cover,https://www.light.gg/db/items/754826572,28.65%
Wildwood Cover,https://www.light.gg/db/items/3764013786,#N/A
Wing Theorem,https://www.light.gg/db/items/356269375,#N/A
Wing Theorem,https://www.light.gg/db/items/3684978064,49.84%
Wing Theorem,https://www.light.gg/db/items/3724026171,#N/A
Wing Theorem,https://www.light.gg/db/items/874101646,#N/A
Winterhart Cover,https://www.light.gg/db/items/3734501342,7.14%
Winterhart Cover,https://www.light.gg/db/items/2760398988,#N/A
Xenos Vale IV,https://www.light.gg/db/items/417061387,#N/A
Xenos Vale IV,https://www.light.gg/db/items/1702245537,38.63%
Xenos Vale IV,https://www.light.gg/db/items/1540376513,#N/A
Yuga Sundown Helmet,https://www.light.gg/db/items/1612891919,#N/A
Yuga Sundown Helmet,https://www.light.gg/db/items/3126089918,19.64%
Ancient Apocalypse Gloves,https://www.light.gg/db/items/1752237812,#N/A
Ancient Apocalypse Gloves,https://www.light.gg/db/items/2440840551,#N/A
Ancient Apocalypse Gloves,https://www.light.gg/db/items/4122447870,44.95%
Ancient Apocalypse Gloves,https://www.light.gg/db/items/3595268459,#N/A
Ancient Apocalypse Gloves,https://www.light.gg/db/items/94425673,#N/A
Ankaa Seeker IV,https://www.light.gg/db/items/1765728763,45.93%
Ankaa Seeker IV,https://www.light.gg/db/items/636679949,#N/A
Ankaa Seeker IV,https://www.light.gg/db/items/4211218181,#N/A
Ankaa Seeker IV,https://www.light.gg/db/items/4043980813,#N/A
Ankaa Seeker IV,https://www.light.gg/db/items/1929596421,#N/A
Annealed Shaper Gloves,https://www.light.gg/db/items/78664642,#N/A
Annealed Shaper Gloves,https://www.light.gg/db/items/3128915572,#N/A
Annealed Shaper Gloves,https://www.light.gg/db/items/2615721245,45.2%
Anti-Extinction Gloves,https://www.light.gg/db/items/1600224949,53.72%
Anti-Extinction Gloves,https://www.light.gg/db/items/3763392361,#N/A
Arms of Optimacy,https://www.light.gg/db/items/1445212020,#N/A
Arms of Optimacy,https://www.light.gg/db/items/2438574026,21.71%
Arms of Optimacy,https://www.light.gg/db/items/3794819064,11.22%
Atavistic Idol Gloves,https://www.light.gg/db/items/2618417907,16.61%
BrayTech Researcher's Gloves,https://www.light.gg/db/items/2899334605,#N/A
BrayTech Researcher's Gloves,https://www.light.gg/db/items/1005587287,37.88%
Calamity Rig Gloves,https://www.light.gg/db/items/3747088838,24.86%
Candescent Gloves,https://www.light.gg/db/items/516735972,38.94%
Celestine Gloves (Magnificent),https://www.light.gg/db/items/2756505819,#N/A
Celestine Gloves (Majestic),https://www.light.gg/db/items/2756505818,22.91%
Channeling Wraps,https://www.light.gg/db/items/530515217,#N/A
Channeling Wraps,https://www.light.gg/db/items/4177448933,#N/A
Channeling Wraps (CODA),https://www.light.gg/db/items/1406846351,42.84%
Cinder Pinion Gloves,https://www.light.gg/db/items/3118064579,30.05%
Clutch Extol Gloves,https://www.light.gg/db/items/2097219064,48.86%
Corrupting Echo Gloves,https://www.light.gg/db/items/2244604734,#N/A
Corrupting Echo Gloves,https://www.light.gg/db/items/3536211008,41.85%
Crystocrene Gloves,https://www.light.gg/db/items/3789403502,50.83%
Deep Explorer Gloves,https://www.light.gg/db/items/1468388696,28.65%
Deep Explorer Gloves,https://www.light.gg/db/items/3260781446,#N/A
Dragonfly Regalia Reaches,https://www.light.gg/db/items/2530582647,21.74%
Dreambane Gloves,https://www.light.gg/db/items/682780965,#N/A
Dreambane Gloves,https://www.light.gg/db/items/3118392309,53.66%
Ego Talon IV,https://www.light.gg/db/items/3709048818,72.01%
Ego Talon IV,https://www.light.gg/db/items/1842727357,#N/A
Ego Talon IV,https://www.light.gg/db/items/3081969019,#N/A
Eidolon Pursuant Gloves,https://www.light.gg/db/items/870313788,54.2%
Exodus Down Gloves,https://www.light.gg/db/items/2029766091,#N/A
Exodus Down Gloves,https://www.light.gg/db/items/1983967360,19.35%
Exodus Down Gloves,https://www.light.gg/db/items/569251271,#N/A
Exodus Down Gloves,https://www.light.gg/db/items/1427620200,#N/A
Exodus Down Gloves,https://www.light.gg/db/items/4007396243,#N/A
Focusing Wraps,https://www.light.gg/db/items/530515216,1.44%
Focusing Wraps,https://www.light.gg/db/items/4177448932,#N/A
Frostreach Gloves,https://www.light.gg/db/items/1767312242,11.14%
Gensym Knight Gloves,https://www.light.gg/db/items/229923140,#N/A
Gensym Knight Gloves,https://www.light.gg/db/items/4221940686,37.27%
Gensym Knight Gloves,https://www.light.gg/db/items/2672101104,#N/A
Gloves of Exaltation,https://www.light.gg/db/items/2015894615,#N/A
Gloves of Exaltation,https://www.light.gg/db/items/984532872,22.58%
Gloves of the Cormorant Blade,https://www.light.gg/db/items/333050149,15.37%
Gloves of the Exile,https://www.light.gg/db/items/442736573,#N/A
Gloves of the Exile,https://www.light.gg/db/items/3829990714,6.21%
Gloves of the Great Hunt,https://www.light.gg/db/items/3492720019,#N/A
Gloves of the Great Hunt,https://www.light.gg/db/items/49280456,#N/A
Gloves of the Great Hunt,https://www.light.gg/db/items/2850984298,38.82%
Gloves of the Great Hunt,https://www.light.gg/db/items/2598685593,#N/A
Gloves of the Hezen Lords,https://www.light.gg/db/items/3253292022,40.44%
Grasp of Eir,https://www.light.gg/db/items/3398467185,29.19%
Gunsmith's Devotion Gloves,https://www.light.gg/db/items/2762445138,#N/A
Gunsmith's Devotion Gloves,https://www.light.gg/db/items/2286640864,19.49%
Heiro Camo,https://www.light.gg/db/items/3629447000,#N/A
Heiro Camo,https://www.light.gg/db/items/901647822,75.41%
Heiro Camo,https://www.light.gg/db/items/629469344,#N/A
High-Minded Complex,https://www.light.gg/db/items/1365254141,75.55%
High-Minded Complex,https://www.light.gg/db/items/1457647945,#N/A
High-Minded Complex,https://www.light.gg/db/items/339438127,#N/A
Holdfast Gloves,https://www.light.gg/db/items/327547301,59.55%
Illicit Collector Gloves,https://www.light.gg/db/items/1960663290,9.88%
Illicit Collector Gloves,https://www.light.gg/db/items/3403732216,#N/A
Illicit Collector Gloves,https://www.light.gg/db/items/3271153032,#N/A
Illicit Invader Gloves,https://www.light.gg/db/items/175511444,16.31%
Illicit Invader Gloves,https://www.light.gg/db/items/239713978,#N/A
Illicit Invader Gloves,https://www.light.gg/db/items/3088740178,#N/A
Illicit Reaper Gloves,https://www.light.gg/db/items/3734494144,#N/A
Illicit Reaper Gloves,https://www.light.gg/db/items/3150852690,18.14%
Illicit Reaper Gloves,https://www.light.gg/db/items/722344176,#N/A
Illicit Sentry Gloves,https://www.light.gg/db/items/3838077978,9.42%
Illicit Sentry Gloves,https://www.light.gg/db/items/458336260,#N/A
Illicit Sentry Gloves,https://www.light.gg/db/items/2336344260,#N/A
Inaugural Revelry Wraps,https://www.light.gg/db/items/1273510836,#N/A
Inaugural Revelry Wraps,https://www.light.gg/db/items/2710427191,9.33%
Insight Vikti Gloves,https://www.light.gg/db/items/3979056138,#N/A
Insight Vikti Gloves,https://www.light.gg/db/items/3233866074,75.33%
Insight Vikti Gloves,https://www.light.gg/db/items/4239920089,#N/A
Insight Vikti Gloves,https://www.light.gg/db/items/3685831476,#N/A
Insigne Shade Gloves,https://www.light.gg/db/items/165966230,11.31%
Insigne Shade Gloves,https://www.light.gg/db/items/503773817,#N/A
Insigne Shade Gloves,https://www.light.gg/db/items/2513313400,#N/A
Intrepid Inquiry Gloves,https://www.light.gg/db/items/349652258,4.87%
Iron Fellowship Gloves,https://www.light.gg/db/items/125833536,21.94%
Iron Fellowship Gloves,https://www.light.gg/db/items/1465485698,#N/A
Iron Fellowship Gloves,https://www.light.gg/db/items/3746327861,#N/A
Iron Fellowship Gloves,https://www.light.gg/db/items/3505538303,#N/A
Iron Forerunner Gloves,https://www.light.gg/db/items/164221422,47.24%
Iron Remembrance Gloves,https://www.light.gg/db/items/167461728,#N/A
Iron Remembrance Gloves,https://www.light.gg/db/items/3799661482,#N/A
Iron Remembrance Gloves,https://www.light.gg/db/items/2692970954,#N/A
Iron Remembrance Gloves,https://www.light.gg/db/items/297009581,18.91%
Iron Symmachy Gloves,https://www.light.gg/db/items/3849754183,8.02%
Iron Symmachy Gloves,https://www.light.gg/db/items/1822989604,#N/A
Iron Symmachy Gloves,https://www.light.gg/db/items/559176540,#N/A
Iron Truage Gloves,https://www.light.gg/db/items/3625849667,#N/A
Iron Truage Gloves,https://www.light.gg/db/items/267960270,31.02%
Iron Truage Gloves,https://www.light.gg/db/items/3300129601,#N/A
Iron Truage Gloves,https://www.light.gg/db/items/3791686334,#N/A
Iron Truage Gloves,https://www.light.gg/db/items/2549582030,18.94%
Iron Truage Gloves,https://www.light.gg/db/items/2058205265,#N/A
Iron Truage Gloves,https://www.light.gg/db/items/287471683,#N/A
Iron Will Gloves,https://www.light.gg/db/items/863444264,#N/A
Iron Will Gloves,https://www.light.gg/db/items/3179623987,27.88%
Kairos Function Wraps,https://www.light.gg/db/items/385169146,#N/A
Kairos Function Wraps,https://www.light.gg/db/items/1853444544,39.38%
Kairos Function Wraps,https://www.light.gg/db/items/3820658718,#N/A
Ketchkiller's Gloves,https://www.light.gg/db/items/535937281,49.99%
Legacy's Oath Gloves,https://www.light.gg/db/items/79460168,31.86%
Lightkin Gloves,https://www.light.gg/db/items/3862902650,42.21%
Liminal Voyager Gloves,https://www.light.gg/db/items/4050120691,8.67%
Lost Pacific Gloves,https://www.light.gg/db/items/1251692004,#N/A
Lost Pacific Gloves,https://www.light.gg/db/items/66047450,#N/A
Lost Pacific Gloves,https://www.light.gg/db/items/3902367052,37.53%
Mihaylova's Instruments,https://www.light.gg/db/items/2910039924,18.36%
Moonfang-X7 Gloves,https://www.light.gg/db/items/1361912510,34.9%
Notorious Collector Gloves,https://www.light.gg/db/items/3403732218,#N/A
Notorious Collector Gloves,https://www.light.gg/db/items/3271153034,6.87%
Notorious Invader Gloves,https://www.light.gg/db/items/239713976,6.57%
Notorious Invader Gloves,https://www.light.gg/db/items/3088740176,#N/A
Notorious Reaper Gloves,https://www.light.gg/db/items/3734494146,8.72%
Notorious Reaper Gloves,https://www.light.gg/db/items/722344178,#N/A
Notorious Sentry Gloves,https://www.light.gg/db/items/458336262,6.5%
Notorious Sentry Gloves,https://www.light.gg/db/items/2336344262,#N/A
Omega Mechanos Gloves,https://www.light.gg/db/items/1328369883,8%
Opulent Scholar Gloves,https://www.light.gg/db/items/1301733714,30.87%
Opulent Scholar Gloves,https://www.light.gg/db/items/3072788622,#N/A
Opulent Scholar Gloves,https://www.light.gg/db/items/36900384,#N/A
Outlawed Collector Gloves,https://www.light.gg/db/items/3403732217,#N/A
Outlawed Collector Gloves,https://www.light.gg/db/items/3271153033,5.15%
Outlawed Invader Gloves,https://www.light.gg/db/items/239713979,4.42%
Outlawed Invader Gloves,https://www.light.gg/db/items/3088740179,#N/A
Outlawed Reaper Gloves,https://www.light.gg/db/items/3734494145,8.34%
Outlawed Reaper Gloves,https://www.light.gg/db/items/722344177,#N/A
Outlawed Sentry Gloves,https://www.light.gg/db/items/458336261,5.95%
Outlawed Sentry Gloves,https://www.light.gg/db/items/2336344261,#N/A
Pathfinder's Wraps,https://www.light.gg/db/items/743529557,43.83%
Philomath Gloves,https://www.light.gg/db/items/3498500850,#N/A
Philomath Gloves,https://www.light.gg/db/items/489114030,#N/A
Philomath Gloves,https://www.light.gg/db/items/760584029,79.16%
Phobos Warden Gloves,https://www.light.gg/db/items/1021381486,34.28%
Photosuede Gloves,https://www.light.gg/db/items/671664021,52%
Praefectus Gloves,https://www.light.gg/db/items/3245065734,48.71%
Prodigal Gloves,https://www.light.gg/db/items/3634078494,75.42%
Prodigal Gloves,https://www.light.gg/db/items/3386676796,#N/A
Prodigal Gloves,https://www.light.gg/db/items/2475888361,#N/A
Pyrrhic Ascent Gloves,https://www.light.gg/db/items/605724052,26.61%
Resonant Fury Gloves,https://www.light.gg/db/items/1656263403,25.3%
Reverie Dawn Gloves,https://www.light.gg/db/items/150052158,75.66%
Reverie Dawn Gloves,https://www.light.gg/db/items/2761343386,#N/A
Reverie Dawn Gloves,https://www.light.gg/db/items/3239662350,#N/A
Righteous Gloves,https://www.light.gg/db/items/4171162472,48.83%
Righteous Gloves,https://www.light.gg/db/items/785967407,#N/A
Righteous Gloves,https://www.light.gg/db/items/785967406,#N/A
Righteous Gloves,https://www.light.gg/db/items/785967405,#N/A
Scatterhorn Wraps,https://www.light.gg/db/items/1069453608,#N/A
Scatterhorn Wraps,https://www.light.gg/db/items/411850804,#N/A
Scatterhorn Wraps,https://www.light.gg/db/items/2877933893,42.85%
Seventh Seraph Gloves,https://www.light.gg/db/items/2443609020,#N/A
Shadow's Gloves,https://www.light.gg/db/items/2153222031,#N/A
Shadow's Gloves,https://www.light.gg/db/items/1457195686,#N/A
Shadow's Gloves,https://www.light.gg/db/items/3211894260,13.75%
Simulator Gloves,https://www.light.gg/db/items/480714723,52.91%
Simulator Gloves,https://www.light.gg/db/items/807866445,#N/A
Solstice Gloves (Magnificent),https://www.light.gg/db/items/731283469,15%
Solstice Gloves (Majestic),https://www.light.gg/db/items/2163610255,12.32%
Solstice Gloves (Majestic),https://www.light.gg/db/items/3834419602,19.71%
Solstice Gloves (Majestic),https://www.light.gg/db/items/2127474099,#N/A
Solstice Gloves (Resplendent),https://www.light.gg/db/items/550583155,9.65%
Solstice Gloves (Resplendent),https://www.light.gg/db/items/1540031264,#N/A
Sovereign Gloves,https://www.light.gg/db/items/4083497488,#N/A
Sovereign Gloves,https://www.light.gg/db/items/1117943570,52.4%
Substitutional Alloy Gloves,https://www.light.gg/db/items/509561143,#N/A
Substitutional Alloy Gloves,https://www.light.gg/db/items/509561142,#N/A
Substitutional Alloy Gloves,https://www.light.gg/db/items/509561140,#N/A
Substitutional Alloy Gloves,https://www.light.gg/db/items/844110491,50.84%
Symmetrists' Palms,https://www.light.gg/db/items/3349428378,19%
Tangled Web Gloves,https://www.light.gg/db/items/4146408011,#N/A
Tangled Web Gloves,https://www.light.gg/db/items/2944042669,75.71%
Tangled Web Gloves,https://www.light.gg/db/items/2502004600,#N/A
Tesseract Trace IV,https://www.light.gg/db/items/2546015644,#N/A
Tesseract Trace IV,https://www.light.gg/db/items/4050339372,76%
Tesseract Trace IV,https://www.light.gg/db/items/3169402598,#N/A
Tesseract Trace IV,https://www.light.gg/db/items/1920259123,#N/A
Thorium Holt Gloves,https://www.light.gg/db/items/532728591,#N/A
Thorium Holt Gloves,https://www.light.gg/db/items/2618290591,76.49%
Thorium Holt Gloves,https://www.light.gg/db/items/417345678,#N/A
Tusked Allegiance Gloves,https://www.light.gg/db/items/119228495,51.16%
Veritas Gloves,https://www.light.gg/db/items/201529677,34.48%
Vernal Growth Gloves,https://www.light.gg/db/items/870019568,7.53%
Vigil of Heroes,https://www.light.gg/db/items/3074985148,#N/A
Vigil of Heroes,https://www.light.gg/db/items/2442309039,#N/A
Vigil of Heroes,https://www.light.gg/db/items/2060516289,#N/A
Vigil of Heroes,https://www.light.gg/db/items/1578461326,44.65%
Viperidax Gloves,https://www.light.gg/db/items/4238378141,37.93%
Wild Hunt Gloves,https://www.light.gg/db/items/1276513983,54.96%
Wildwood Gloves,https://www.light.gg/db/items/1664741411,#N/A
Wildwood Gloves,https://www.light.gg/db/items/4204091653,29.36%
Wing Theorem,https://www.light.gg/db/items/929917162,#N/A
Wing Theorem,https://www.light.gg/db/items/2323865727,#N/A
Wing Theorem,https://www.light.gg/db/items/3441081953,49.69%
Wing Theorem,https://www.light.gg/db/items/290136582,#N/A
Winterhart Gloves,https://www.light.gg/db/items/1956273477,#N/A
Winterhart Gloves,https://www.light.gg/db/items/2538439951,6.43%
Wraps of Sekris,https://www.light.gg/db/items/3842934816,#N/A
Wraps of Sekris,https://www.light.gg/db/items/627690043,14.21%
Wraps of Sekris,https://www.light.gg/db/items/3964287245,#N/A
Wraps of the Emperor's Minister,https://www.light.gg/db/items/3530284425,#N/A
Wraps of the Emperor's Minister,https://www.light.gg/db/items/2676042151,11.58%
Wraps of the Emperor's Minister,https://www.light.gg/db/items/754149842,#N/A
Wraps of the Fulminator,https://www.light.gg/db/items/3530284424,25%
Wraps of the Fulminator,https://www.light.gg/db/items/2676042150,#N/A
Wraps of the Fulminator,https://www.light.gg/db/items/754149843,#N/A
Xenos Vale IV,https://www.light.gg/db/items/3034285946,#N/A
Xenos Vale IV,https://www.light.gg/db/items/2498588344,39.77%
Xenos Vale IV,https://www.light.gg/db/items/2378296024,#N/A
Yuga Sundown Gloves,https://www.light.gg/db/items/2395959535,24.42%
Yuga Sundown Gloves,https://www.light.gg/db/items/3768023958,#N/A
Ancient Apocalypse Robes,https://www.light.gg/db/items/4188366993,#N/A
Ancient Apocalypse Robes,https://www.light.gg/db/items/887818405,#N/A
Ancient Apocalypse Robes,https://www.light.gg/db/items/3550729740,#N/A
Ancient Apocalypse Robes,https://www.light.gg/db/items/787909455,#N/A
Ancient Apocalypse Robes,https://www.light.gg/db/items/725297842,46.07%
Ankaa Seeker IV,https://www.light.gg/db/items/85800627,#N/A
Ankaa Seeker IV,https://www.light.gg/db/items/3098458331,#N/A
Ankaa Seeker IV,https://www.light.gg/db/items/1333087155,#N/A
Ankaa Seeker IV,https://www.light.gg/db/items/2727890395,#N/A
Ankaa Seeker IV,https://www.light.gg/db/items/852430165,46.33%
Annealed Shaper Robes,https://www.light.gg/db/items/2153602188,#N/A
Annealed Shaper Robes,https://www.light.gg/db/items/2011267747,45.84%
Annealed Shaper Robes,https://www.light.gg/db/items/3322192806,#N/A
Anti-Extinction Robes,https://www.light.gg/db/items/2873960175,#N/A
Anti-Extinction Robes,https://www.light.gg/db/items/3373566763,53.37%
Atavistic Idol Vestments,https://www.light.gg/db/items/124944413,17.51%
BrayTech Researcher's Robes,https://www.light.gg/db/items/2556748915,#N/A
BrayTech Researcher's Robes,https://www.light.gg/db/items/3188870561,38.3%
Calamity Rig Robes,https://www.light.gg/db/items/3651039338,24.37%
Candescent Robes,https://www.light.gg/db/items/2566083804,39.56%
Celestine Robes (Magnificent),https://www.light.gg/db/items/1044615215,19.13%
Celestine Robes (Majestic),https://www.light.gg/db/items/1044615214,22.76%
Channeling Robes,https://www.light.gg/db/items/72827963,#N/A
Channeling Robes,https://www.light.gg/db/items/891933383,#N/A
Channeling Robes (CODA),https://www.light.gg/db/items/1652467433,39.67%
Chasm of Yul,https://www.light.gg/db/items/3921733799,28.18%
Cinder Pinion Robes,https://www.light.gg/db/items/539816333,29.16%
Clutch Extol Robes,https://www.light.gg/db/items/3261819408,48.57%
Corrupting Echo Robes,https://www.light.gg/db/items/3048458482,#N/A
Corrupting Echo Robes,https://www.light.gg/db/items/2515293448,41.71%
Crystocrene Robes,https://www.light.gg/db/items/333761922,50.73%
Cuirass of the Hezen Lords,https://www.light.gg/db/items/3029386938,40.4%
Deep Explorer Vestments,https://www.light.gg/db/items/561897072,28.11%
Deep Explorer Vestments,https://www.light.gg/db/items/2057955626,#N/A
Dragonfly Regalia Robes,https://www.light.gg/db/items/4118548161,23.28%
Dreambane Robes,https://www.light.gg/db/items/4235863403,53.69%
Dreambane Robes,https://www.light.gg/db/items/3692187003,#N/A
Duster of the Cormorant Blade,https://www.light.gg/db/items/189621627,15.67%
Ego Talon IV,https://www.light.gg/db/items/2416730691,#N/A
Ego Talon IV,https://www.light.gg/db/items/1390681142,70.32%
Ego Talon IV,https://www.light.gg/db/items/868792277,#N/A
Eidolon Pursuant Robe,https://www.light.gg/db/items/1972851364,53.86%
Exodus Down Robes,https://www.light.gg/db/items/3951684081,#N/A
Exodus Down Robes,https://www.light.gg/db/items/2210204488,18.24%
Exodus Down Robes,https://www.light.gg/db/items/2032811197,#N/A
Exodus Down Robes,https://www.light.gg/db/items/2218838661,#N/A
Exodus Down Robes,https://www.light.gg/db/items/2359639520,#N/A
Focusing Robes,https://www.light.gg/db/items/72827962,#N/A
Focusing Robes,https://www.light.gg/db/items/891933382,1.35%
Frostreach Robes,https://www.light.gg/db/items/2702372534,12.99%
Gensym Knight Robes,https://www.light.gg/db/items/3388454204,#N/A
Gensym Knight Robes,https://www.light.gg/db/items/481073890,37.44%
Gensym Knight Robes,https://www.light.gg/db/items/3356534040,#N/A
Gunsmith's Devotion Robes,https://www.light.gg/db/items/4092373800,19.99%
Gunsmith's Devotion Robes,https://www.light.gg/db/items/4238134294,#N/A
Heiro Camo,https://www.light.gg/db/items/3884999792,#N/A
Heiro Camo,https://www.light.gg/db/items/2432846050,#N/A
Heiro Camo,https://www.light.gg/db/items/3087552232,#N/A
High-Minded Complex,https://www.light.gg/db/items/1876989571,75.35%
High-Minded Complex,https://www.light.gg/db/items/410671183,#N/A
High-Minded Complex,https://www.light.gg/db/items/73720713,#N/A
Holdfast Robes,https://www.light.gg/db/items/119457531,58.27%
Illicit Collector Robes,https://www.light.gg/db/items/2195587150,8.79%
Illicit Collector Robes,https://www.light.gg/db/items/4174424192,#N/A
Illicit Collector Robes,https://www.light.gg/db/items/1505642256,#N/A
Illicit Invader Robes,https://www.light.gg/db/items/1258016014,#N/A
Illicit Invader Robes,https://www.light.gg/db/items/2591049238,#N/A
Illicit Invader Robes,https://www.light.gg/db/items/727872428,16.45%
Illicit Reaper Robes,https://www.light.gg/db/items/3583507224,#N/A
Illicit Reaper Robes,https://www.light.gg/db/items/2966502280,#N/A
Illicit Reaper Robes,https://www.light.gg/db/items/1852587798,18.24%
Illicit Sentry Robes,https://www.light.gg/db/items/4020124604,#N/A
Illicit Sentry Robes,https://www.light.gg/db/items/2765681916,#N/A
Illicit Sentry Robes,https://www.light.gg/db/items/844443758,8.69%
Inaugural Revelry Robes,https://www.light.gg/db/items/678051457,9.34%
Inaugural Revelry Robes,https://www.light.gg/db/items/1376763596,#N/A
Insight Vikti Robes,https://www.light.gg/db/items/2294753710,74.21%
Insight Vikti Robes,https://www.light.gg/db/items/2364041279,#N/A
Insight Vikti Robes,https://www.light.gg/db/items/4166246718,#N/A
Insight Vikti Robes,https://www.light.gg/db/items/731888972,#N/A
Insigne Shade Robes,https://www.light.gg/db/items/1296628624,#N/A
Insigne Shade Robes,https://www.light.gg/db/items/2620001759,#N/A
Insigne Shade Robes,https://www.light.gg/db/items/4213777114,11.35%
Intrepid Inquiry Robes,https://www.light.gg/db/items/3876766470,6.27%
Iron Fellowship Robes,https://www.light.gg/db/items/4196689510,#N/A
Iron Fellowship Robes,https://www.light.gg/db/items/4145557177,#N/A
Iron Fellowship Robes,https://www.light.gg/db/items/2817130155,#N/A
Iron Fellowship Robes,https://www.light.gg/db/items/2522706952,23.16%
Iron Forerunner Vestments,https://www.light.gg/db/items/1821747970,47.12%
Iron Remembrance Vestments,https://www.light.gg/db/items/4144779347,18.71%
Iron Remembrance Vestments,https://www.light.gg/db/items/2614190248,#N/A
Iron Remembrance Vestments,https://www.light.gg/db/items/2302106622,#N/A
Iron Remembrance Vestments,https://www.light.gg/db/items/3974682334,#N/A
Iron Symmachy Robes,https://www.light.gg/db/items/228784708,#N/A
Iron Symmachy Robes,https://www.light.gg/db/items/3543613212,#N/A
Iron Symmachy Robes,https://www.light.gg/db/items/996946801,7.96%
Iron Truage Vestments,https://www.light.gg/db/items/738836759,#N/A
Iron Truage Vestments,https://www.light.gg/db/items/1604601714,#N/A
Iron Truage Vestments,https://www.light.gg/db/items/830400994,18.7%
Iron Truage Vestments,https://www.light.gg/db/items/130221063,#N/A
Iron Truage Vestments,https://www.light.gg/db/items/124696333,#N/A
Iron Truage Vestments,https://www.light.gg/db/items/459833058,28.37%
Iron Truage Vestments,https://www.light.gg/db/items/1166260237,#N/A
Iron Will Vestments,https://www.light.gg/db/items/4128151712,#N/A
Iron Will Vestments,https://www.light.gg/db/items/1412970845,26.27%
Kairos Function Robes,https://www.light.gg/db/items/2748513874,#N/A
Kairos Function Robes,https://www.light.gg/db/items/817757576,44.27%
Kairos Function Robes,https://www.light.gg/db/items/2926606926,#N/A
Ketchkiller's Robes,https://www.light.gg/db/items/3833868247,47.05%
Legacy's Oath Robes,https://www.light.gg/db/items/3975122240,33.74%
Lightkin Robes,https://www.light.gg/db/items/2146386894,42.06%
Liminal Voyager Robes,https://www.light.gg/db/items/1575548701,9.21%
Lost Pacific Robes,https://www.light.gg/db/items/2400621276,#N/A
Lost Pacific Robes,https://www.light.gg/db/items/832551956,37.58%
Lost Pacific Robes,https://www.light.gg/db/items/3416618798,#N/A
Mihaylova's Choice,https://www.light.gg/db/items/4141029260,17.89%
Moonfang-X7 Robe,https://www.light.gg/db/items/1658294130,35.05%
Notorious Collector Robes,https://www.light.gg/db/items/4174424194,6.72%
Notorious Collector Robes,https://www.light.gg/db/items/1505642258,#N/A
Notorious Invader Robes,https://www.light.gg/db/items/1258016012,6.4%
Notorious Invader Robes,https://www.light.gg/db/items/2591049236,#N/A
Notorious Reaper Robes,https://www.light.gg/db/items/3583507226,#N/A
Notorious Reaper Robes,https://www.light.gg/db/items/2966502282,8.27%
Notorious Sentry Robes,https://www.light.gg/db/items/4020124606,#N/A
Notorious Sentry Robes,https://www.light.gg/db/items/2765681918,6.38%
Omega Mechanos Robes,https://www.light.gg/db/items/153589813,8.38%
Opulent Scholar Robes,https://www.light.gg/db/items/2026757026,#N/A
Opulent Scholar Robes,https://www.light.gg/db/items/3981949974,32.59%
Opulent Scholar Robes,https://www.light.gg/db/items/2652946280,#N/A
Outlawed Collector Robes,https://www.light.gg/db/items/4174424193,4.38%
Outlawed Collector Robes,https://www.light.gg/db/items/1505642257,#N/A
Outlawed Invader Robes,https://www.light.gg/db/items/2591049239,#N/A
Outlawed Invader Robes,https://www.light.gg/db/items/1258016015,4.13%
Outlawed Reaper Robes,https://www.light.gg/db/items/3583507225,#N/A
Outlawed Reaper Robes,https://www.light.gg/db/items/2966502281,7.96%
Outlawed Sentry Robes,https://www.light.gg/db/items/4020124605,#N/A
Outlawed Sentry Robes,https://www.light.gg/db/items/2765681917,5.4%
Pathfinder's Robe,https://www.light.gg/db/items/2259629899,44.03%
Philomath Robes,https://www.light.gg/db/items/683173058,#N/A
Philomath Robes,https://www.light.gg/db/items/2439195958,#N/A
Philomath Robes,https://www.light.gg/db/items/282139107,77.15%
Phobos Warden Robes,https://www.light.gg/db/items/1512386434,33.72%
Photosuede Robes,https://www.light.gg/db/items/1080431755,51.6%
Praefectus Robes,https://www.light.gg/db/items/2166974634,47.57%
Prodigal Robes,https://www.light.gg/db/items/571127634,73.77%
Prodigal Robes,https://www.light.gg/db/items/2454861732,#N/A
Prodigal Robes,https://www.light.gg/db/items/1553407343,#N/A
Pyrrhic Ascent Vestment,https://www.light.gg/db/items/2304861612,27.49%
Resonant Fury Robes,https://www.light.gg/db/items/3300312357,23.58%
Reverie Dawn Tabard,https://www.light.gg/db/items/2704876322,#N/A
Reverie Dawn Tabard,https://www.light.gg/db/items/757360370,76.79%
Reverie Dawn Tabard,https://www.light.gg/db/items/2859583726,#N/A
Righteous Robes,https://www.light.gg/db/items/4200580064,48.52%
Righteous Robes,https://www.light.gg/db/items/3931361419,#N/A
Righteous Robes,https://www.light.gg/db/items/3931361417,#N/A
Righteous Robes,https://www.light.gg/db/items/3931361416,#N/A
Robe of the Exile,https://www.light.gg/db/items/2883045518,7.11%
Robe of the Exile,https://www.light.gg/db/items/861160515,#N/A
Robes of Optimacy,https://www.light.gg/db/items/199852048,12%
Robes of Optimacy,https://www.light.gg/db/items/2225903500,#N/A
Robes of Optimacy,https://www.light.gg/db/items/2859359742,21.67%
Robes of Sekris,https://www.light.gg/db/items/1877424533,14.33%
Robes of Sekris,https://www.light.gg/db/items/3181497704,#N/A
Robes of Sekris,https://www.light.gg/db/items/2329031091,#N/A
Robes of the Emperor's Minister,https://www.light.gg/db/items/608074492,#N/A
Robes of the Emperor's Minister,https://www.light.gg/db/items/3592548939,11.9%
Robes of the Emperor's Minister,https://www.light.gg/db/items/1230192769,#N/A
Robes of the Fulminator,https://www.light.gg/db/items/608074493,#N/A
Robes of the Fulminator,https://www.light.gg/db/items/3592548938,#N/A
Robes of the Fulminator,https://www.light.gg/db/items/1230192768,25.89%
Robes of the Great Hunt,https://www.light.gg/db/items/776723133,#N/A
Robes of the Great Hunt,https://www.light.gg/db/items/3445296383,#N/A
Robes of the Great Hunt,https://www.light.gg/db/items/4241329310,38.8%
Robes of the Great Hunt,https://www.light.gg/db/items/2550116544,#N/A
Robes of Transcendence,https://www.light.gg/db/items/2320830625,#N/A
Robes of Transcendence,https://www.light.gg/db/items/1789501056,22.32%
Scatterhorn Robe,https://www.light.gg/db/items/1250571424,#N/A
Scatterhorn Robe,https://www.light.gg/db/items/4167605324,#N/A
Scatterhorn Robe,https://www.light.gg/db/items/1222559003,36.92%
Scorned Baron Robes,https://www.light.gg/db/items/4245441464,#N/A
Scorned Baron Robes,https://www.light.gg/db/items/4214131061,75.1%
Scorned Baron Robes,https://www.light.gg/db/items/3183089352,#N/A
Seventh Seraph Robes,https://www.light.gg/db/items/2503153700,48.65%
Shadow's Robes,https://www.light.gg/db/items/2023695690,#N/A
Shadow's Robes,https://www.light.gg/db/items/3381758732,14.09%
Shadow's Robes,https://www.light.gg/db/items/874272413,#N/A
Simulator Robes,https://www.light.gg/db/items/3656154099,#N/A
Simulator Robes,https://www.light.gg/db/items/248302381,52.23%
Solstice Robes (Magnificent),https://www.light.gg/db/items/803600051,14.99%
Solstice Robes (Majestic),https://www.light.gg/db/items/211668054,19.19%
Solstice Robes (Majestic),https://www.light.gg/db/items/450844637,#N/A
Solstice Robes (Majestic),https://www.light.gg/db/items/1685642729,12.31%
Solstice Robes (Resplendent),https://www.light.gg/db/items/2158678429,9.77%
Solstice Robes (Resplendent),https://www.light.gg/db/items/2824302184,#N/A
Sovereign Robes,https://www.light.gg/db/items/2436244536,#N/A
Sovereign Robes,https://www.light.gg/db/items/2835971286,52.39%
Substitutional Alloy Robes,https://www.light.gg/db/items/3166926331,#N/A
Substitutional Alloy Robes,https://www.light.gg/db/items/3166926330,#N/A
Substitutional Alloy Robes,https://www.light.gg/db/items/3166926328,#N/A
Substitutional Alloy Robes,https://www.light.gg/db/items/3680920565,50.16%
Symmetrists' Habit,https://www.light.gg/db/items/3634634222,19.39%
Tangled Web Robes,https://www.light.gg/db/items/1452257107,74.96%
Tangled Web Robes,https://www.light.gg/db/items/2674524165,#N/A
Tangled Web Robes,https://www.light.gg/db/items/1034149520,#N/A
Tesseract Trace IV,https://www.light.gg/db/items/1028913028,#N/A
Tesseract Trace IV,https://www.light.gg/db/items/4092393610,#N/A
Tesseract Trace IV,https://www.light.gg/db/items/695071581,#N/A
Tesseract Trace IV,https://www.light.gg/db/items/1162508660,75.67%
Thorium Holt Robes,https://www.light.gg/db/items/1330107298,#N/A
Thorium Holt Robes,https://www.light.gg/db/items/3717812073,#N/A
Thorium Holt Robes,https://www.light.gg/db/items/3603834073,75.84%
Tusked Allegiance Robes,https://www.light.gg/db/items/3465627817,50.67%
Veritas Robe,https://www.light.gg/db/items/4115572467,41.05%
Vernal Growth Robes,https://www.light.gg/db/items/2967148056,7.54%
Vigil of Heroes,https://www.light.gg/db/items/3569624585,#N/A
Vigil of Heroes,https://www.light.gg/db/items/1108278178,44.51%
Vigil of Heroes,https://www.light.gg/db/items/3544662820,#N/A
Vigil of Heroes,https://www.light.gg/db/items/1538362007,#N/A
Viperidax Robes,https://www.light.gg/db/items/959484195,37.95%
Wild Hunt Vestment,https://www.light.gg/db/items/317220729,54.35%
Wildwood Robes,https://www.light.gg/db/items/226467547,29.23%
Wildwood Robes,https://www.light.gg/db/items/2724176749,#N/A
Wing Theorem,https://www.light.gg/db/items/1036467370,#N/A
Wing Theorem,https://www.light.gg/db/items/2525395257,#N/A
Wing Theorem,https://www.light.gg/db/items/2286507447,49.98%
Wing Theorem,https://www.light.gg/db/items/997903134,#N/A
Winterhart Robes,https://www.light.gg/db/items/270671209,7.52%
Winterhart Robes,https://www.light.gg/db/items/3455566107,#N/A
Xenos Vale IV,https://www.light.gg/db/items/2454114768,38.41%
Xenos Vale IV,https://www.light.gg/db/items/3221304270,#N/A
Xenos Vale IV,https://www.light.gg/db/items/34846448,#N/A
Yuga Sundown Robes,https://www.light.gg/db/items/4144095450,#N/A
Yuga Sundown Robes,https://www.light.gg/db/items/720656969,21.68%
Ancient Apocalypse Boots,https://www.light.gg/db/items/671423576,44.79%
Ancient Apocalypse Boots,https://www.light.gg/db/items/2039976446,#N/A
Ancient Apocalypse Boots,https://www.light.gg/db/items/1193646249,#N/A
Ancient Apocalypse Boots,https://www.light.gg/db/items/392058749,#N/A
Ancient Apocalypse Boots,https://www.light.gg/db/items/386367515,#N/A
Ankaa Seeker IV,https://www.light.gg/db/items/4134090375,#N/A
Ankaa Seeker IV,https://www.light.gg/db/items/1307478991,#N/A
Ankaa Seeker IV,https://www.light.gg/db/items/419812559,#N/A
Ankaa Seeker IV,https://www.light.gg/db/items/215768941,45.33%
Ankaa Seeker IV,https://www.light.gg/db/items/1852468615,#N/A
Annealed Shaper Boots,https://www.light.gg/db/items/261922239,44.23%
Annealed Shaper Boots,https://www.light.gg/db/items/3416654206,#N/A
Annealed Shaper Boots,https://www.light.gg/db/items/2122810492,#N/A
Anti-Extinction Boots,https://www.light.gg/db/items/3176347031,53.19%
Anti-Extinction Boots,https://www.light.gg/db/items/4055334203,#N/A
Atavistic Idol Boots,https://www.light.gg/db/items/2353371845,16.98%
Boots of Ascendancy,https://www.light.gg/db/items/2085872226,23.93%
Boots of Ascendancy,https://www.light.gg/db/items/3824429433,#N/A
Boots of Sekris,https://www.light.gg/db/items/340118991,#N/A
Boots of Sekris,https://www.light.gg/db/items/3331120813,14.84%
Boots of Sekris,https://www.light.gg/db/items/2537874394,#N/A
Boots of the Cormorant Blade,https://www.light.gg/db/items/680379815,15.69%
Boots of the Emperor's Minister,https://www.light.gg/db/items/64543268,#N/A
Boots of the Emperor's Minister,https://www.light.gg/db/items/336656483,#N/A
Boots of the Emperor's Minister,https://www.light.gg/db/items/2193494689,11.32%
Boots of the Fulminator,https://www.light.gg/db/items/64543269,#N/A
Boots of the Fulminator,https://www.light.gg/db/items/336656482,24.81%
Boots of the Fulminator,https://www.light.gg/db/items/2193494688,#N/A
Boots of the Great Hunt,https://www.light.gg/db/items/1890196228,38.45%
Boots of the Great Hunt,https://www.light.gg/db/items/3227674085,#N/A
Boots of the Great Hunt,https://www.light.gg/db/items/1195800715,#N/A
Boots of the Great Hunt,https://www.light.gg/db/items/726265506,#N/A
BrayTech Researcher's Boots,https://www.light.gg/db/items/3570133647,#N/A
BrayTech Researcher's Boots,https://www.light.gg/db/items/2814122105,39.07%
Calamity Rig Boots,https://www.light.gg/db/items/3730575552,24.65%
Candescent Boots,https://www.light.gg/db/items/2022821262,39.37%
Celestine Boots (Magnificent),https://www.light.gg/db/items/4012977685,19.17%
Celestine Boots (Majestic),https://www.light.gg/db/items/4012977684,22.84%
Channeling Treads,https://www.light.gg/db/items/4232174819,#N/A
Channeling Treads,https://www.light.gg/db/items/4100217959,#N/A
Channeling Treads (CODA),https://www.light.gg/db/items/2022923313,40.02%
Cinder Pinion Boots,https://www.light.gg/db/items/1210111349,29.65%
Clutch Extol Boots,https://www.light.gg/db/items/132486706,47.96%
Corrupting Echo Boots,https://www.light.gg/db/items/2231150714,42.19%
Corrupting Echo Boots,https://www.light.gg/db/items/2663987096,#N/A
Crystocrene Boots,https://www.light.gg/db/items/1577514344,55.86%
Deep Explorer Boots,https://www.light.gg/db/items/3798520466,28.64%
Deep Explorer Boots,https://www.light.gg/db/items/2819810688,#N/A
Dragonfly Regalia Boots,https://www.light.gg/db/items/44150041,21.53%
Dreambane Boots,https://www.light.gg/db/items/1030110631,#N/A
Dreambane Boots,https://www.light.gg/db/items/399547095,55.03%
Ego Talon IV,https://www.light.gg/db/items/1532009197,#N/A
Ego Talon IV,https://www.light.gg/db/items/4208352991,#N/A
Ego Talon IV,https://www.light.gg/db/items/4110287116,71.41%
Eidolon Pursuant Pants,https://www.light.gg/db/items/256122438,53.66%
Exodus Down Boots,https://www.light.gg/db/items/3742350309,#N/A
Exodus Down Boots,https://www.light.gg/db/items/1061787834,14.21%
Exodus Down Boots,https://www.light.gg/db/items/3617024265,#N/A
Exodus Down Boots,https://www.light.gg/db/items/3545981149,#N/A
Exodus Down Boots,https://www.light.gg/db/items/2528959426,#N/A
Focusing Boots,https://www.light.gg/db/items/4232174818,1.23%
Focusing Boots,https://www.light.gg/db/items/4100217958,#N/A
Frostreach Boots,https://www.light.gg/db/items/2168550540,12.18%
Gensym Knight Boots,https://www.light.gg/db/items/2010051528,37.97%
Gensym Knight Boots,https://www.light.gg/db/items/2989159626,#N/A
Gensym Knight Boots,https://www.light.gg/db/items/2160569198,#N/A
Gunsmith's Devotion Boots,https://www.light.gg/db/items/940003738,20.01%
Gunsmith's Devotion Boots,https://www.light.gg/db/items/3163683564,#N/A
Heiro Camo,https://www.light.gg/db/items/1664611474,#N/A
Heiro Camo,https://www.light.gg/db/items/2984725960,76.11%
Heiro Camo,https://www.light.gg/db/items/3619376218,#N/A
High-Minded Complex,https://www.light.gg/db/items/1749589787,#N/A
High-Minded Complex,https://www.light.gg/db/items/489480785,#N/A
High-Minded Complex,https://www.light.gg/db/items/3689406239,75.56%
Holdfast Boots,https://www.light.gg/db/items/674876967,60.25%
Illicit Collector Boots,https://www.light.gg/db/items/77525090,#N/A
Illicit Collector Boots,https://www.light.gg/db/items/3641592628,9.77%
Illicit Collector Boots,https://www.light.gg/db/items/1438999858,#N/A
Illicit Invader Boots,https://www.light.gg/db/items/3489978604,#N/A
Illicit Invader Boots,https://www.light.gg/db/items/1920643316,#N/A
Illicit Invader Boots,https://www.light.gg/db/items/38792606,16.23%
Illicit Reaper Boots,https://www.light.gg/db/items/2429433850,#N/A
Illicit Reaper Boots,https://www.light.gg/db/items/1039402698,#N/A
Illicit Reaper Boots,https://www.light.gg/db/items/3552091116,18.15%
Illicit Sentry Boots,https://www.light.gg/db/items/2005998382,#N/A
Illicit Sentry Boots,https://www.light.gg/db/items/4266990318,#N/A
Illicit Sentry Boots,https://www.light.gg/db/items/1265513556,9.53%
Inaugural Revelry Boots,https://www.light.gg/db/items/1561249470,#N/A
Inaugural Revelry Boots,https://www.light.gg/db/items/4094504409,10.09%
Insight Vikti Boots,https://www.light.gg/db/items/195370644,74.16%
Insight Vikti Boots,https://www.light.gg/db/items/3018268196,#N/A
Insight Vikti Boots,https://www.light.gg/db/items/3973570110,#N/A
Insight Vikti Boots,https://www.light.gg/db/items/2837138379,#N/A
Insigne Shade Boots,https://www.light.gg/db/items/3395856235,#N/A
Insigne Shade Boots,https://www.light.gg/db/items/548581042,#N/A
Insigne Shade Boots,https://www.light.gg/db/items/1378348656,11.76%
Intrepid Inquiry Boots,https://www.light.gg/db/items/2859832156,4.33%
Iron Fellowship Boots,https://www.light.gg/db/items/2426788417,#N/A
Iron Fellowship Boots,https://www.light.gg/db/items/1027482647,#N/A
Iron Fellowship Boots,https://www.light.gg/db/items/3551208252,#N/A
Iron Fellowship Boots,https://www.light.gg/db/items/3115740538,22.92%
Iron Forerunner Boots,https://www.light.gg/db/items/2247299560,47.64%
Iron Remembrance Legs,https://www.light.gg/db/items/2455992644,#N/A
Iron Remembrance Legs,https://www.light.gg/db/items/1349302244,#N/A
Iron Remembrance Legs,https://www.light.gg/db/items/1009385327,18.98%
Iron Remembrance Legs,https://www.light.gg/db/items/3115791898,#N/A
Iron Symmachy Boots,https://www.light.gg/db/items/3815391974,#N/A
Iron Symmachy Boots,https://www.light.gg/db/items/3753635534,#N/A
Iron Symmachy Boots,https://www.light.gg/db/items/2602559881,7.85%
Iron Truage Legs,https://www.light.gg/db/items/1889355043,#N/A
Iron Truage Legs,https://www.light.gg/db/items/1717896437,#N/A
Iron Truage Legs,https://www.light.gg/db/items/2674485749,#N/A
Iron Truage Legs,https://www.light.gg/db/items/4211068696,#N/A
Iron Truage Legs,https://www.light.gg/db/items/2351038408,31.6%
Iron Truage Legs,https://www.light.gg/db/items/75550387,#N/A
Iron Truage Legs,https://www.light.gg/db/items/337692872,18.49%
Iron Will Steps,https://www.light.gg/db/items/1498852482,#N/A
Iron Will Steps,https://www.light.gg/db/items/2914474757,26.76%
Kairos Function Boots,https://www.light.gg/db/items/2066098484,#N/A
Kairos Function Boots,https://www.light.gg/db/items/548384250,40.24%
Kairos Function Boots,https://www.light.gg/db/items/4240041208,#N/A
Ketchkiller's Boots,https://www.light.gg/db/items/2030782835,49.14%
Legacy's Oath Boots,https://www.light.gg/db/items/756445218,32.07%
Legs of Optimacy,https://www.light.gg/db/items/1094905316,22.09%
Legs of Optimacy,https://www.light.gg/db/items/1830086706,11.64%
Legs of Optimacy,https://www.light.gg/db/items/1732950654,#N/A
Legs of the Exile,https://www.light.gg/db/items/2808362207,#N/A
Legs of the Exile,https://www.light.gg/db/items/1215952756,6.24%
Lightkin Boots,https://www.light.gg/db/items/1248864692,41.5%
Liminal Voyager Boots,https://www.light.gg/db/items/3785074629,8.51%
Lost Pacific Boots,https://www.light.gg/db/items/1322519316,#N/A
Lost Pacific Boots,https://www.light.gg/db/items/2757777294,#N/A
Lost Pacific Boots,https://www.light.gg/db/items/253235190,37.95%
Mihaylova's Path,https://www.light.gg/db/items/3197778558,18.44%
Moonfang-X7 Boots,https://www.light.gg/db/items/1781294872,34.63%
Notorious Collector Boots,https://www.light.gg/db/items/77525088,7.01%
Notorious Collector Boots,https://www.light.gg/db/items/1438999856,#N/A
Notorious Invader Boots,https://www.light.gg/db/items/3489978606,#N/A
Notorious Invader Boots,https://www.light.gg/db/items/1920643318,6.64%
Notorious Reaper Boots,https://www.light.gg/db/items/2429433848,8.83%
Notorious Reaper Boots,https://www.light.gg/db/items/1039402696,#N/A
Notorious Sentry Boots,https://www.light.gg/db/items/2005998380,6.87%
Notorious Sentry Boots,https://www.light.gg/db/items/4266990316,#N/A
Omega Mechanos Boots,https://www.light.gg/db/items/4073377357,8.44%
Opulent Scholar Boots,https://www.light.gg/db/items/3026807258,#N/A
Opulent Scholar Boots,https://www.light.gg/db/items/1702972140,29.93%
Opulent Scholar Boots,https://www.light.gg/db/items/1285460104,#N/A
Outlawed Collector Boots,https://www.light.gg/db/items/77525091,5.05%
Outlawed Collector Boots,https://www.light.gg/db/items/1438999859,#N/A
Outlawed Invader Boots,https://www.light.gg/db/items/3489978605,#N/A
Outlawed Invader Boots,https://www.light.gg/db/items/1920643317,4.69%
Outlawed Reaper Boots,https://www.light.gg/db/items/2429433851,8.28%
Outlawed Reaper Boots,https://www.light.gg/db/items/1039402699,#N/A
Outlawed Sentry Boots,https://www.light.gg/db/items/2005998383,6.19%
Outlawed Sentry Boots,https://www.light.gg/db/items/4266990319,#N/A
Path of Xol,https://www.light.gg/db/items/3229616835,22.61%
Pathfinder's Pants,https://www.light.gg/db/items/2319651767,43.61%
Philomath Boots,https://www.light.gg/db/items/2996649640,#N/A
Philomath Boots,https://www.light.gg/db/items/3899739148,#N/A
Philomath Boots,https://www.light.gg/db/items/3084633087,78.59%
Phobos Warden Boots,https://www.light.gg/db/items/3104459624,34.43%
Photosuede Boots,https://www.light.gg/db/items/2713820407,51.94%
Praefectus Boots,https://www.light.gg/db/items/2804094976,48.18%
Prodigal Steps,https://www.light.gg/db/items/2772485446,#N/A
Prodigal Steps,https://www.light.gg/db/items/2767830203,#N/A
Prodigal Steps,https://www.light.gg/db/items/4053460984,75.21%
Pyrrhic Ascent Boots,https://www.light.gg/db/items/469005214,27.48%
Resonant Fury Boots,https://www.light.gg/db/items/2748020989,23.61%
Reverie Dawn Boots,https://www.light.gg/db/items/569434520,75.98%
Reverie Dawn Boots,https://www.light.gg/db/items/1452333832,#N/A
Reverie Dawn Boots,https://www.light.gg/db/items/188778964,#N/A
Righteous Boots,https://www.light.gg/db/items/936010067,#N/A
Righteous Boots,https://www.light.gg/db/items/936010065,#N/A
Righteous Boots,https://www.light.gg/db/items/936010064,#N/A
Righteous Boots,https://www.light.gg/db/items/977534402,49.14%
Scatterhorn Boots,https://www.light.gg/db/items/699589438,#N/A
Scatterhorn Boots,https://www.light.gg/db/items/3225160391,38.32%
Scatterhorn Boots,https://www.light.gg/db/items/1704861826,#N/A
Seventh Seraph Boots,https://www.light.gg/db/items/1829417670,48.43%
Shadow's Boots,https://www.light.gg/db/items/2769298993,#N/A
Shadow's Boots,https://www.light.gg/db/items/3499632894,13.59%
Shadow's Boots,https://www.light.gg/db/items/974648224,#N/A
Simulator Legs,https://www.light.gg/db/items/2401694485,53.16%
Simulator Legs,https://www.light.gg/db/items/1478665487,#N/A
Solstice Boots (Magnificent),https://www.light.gg/db/items/1402082511,14.96%
Solstice Boots (Majestic),https://www.light.gg/db/items/1862324869,#N/A
Solstice Boots (Majestic),https://www.light.gg/db/items/4235761196,19.69%
Solstice Boots (Majestic),https://www.light.gg/db/items/2779687217,12.34%
Solstice Boots (Resplendent),https://www.light.gg/db/items/234970842,#N/A
Solstice Boots (Resplendent),https://www.light.gg/db/items/285537093,9.65%
Sovereign Legs,https://www.light.gg/db/items/1519285164,52.61%
Sovereign Legs,https://www.light.gg/db/items/147165546,#N/A
Substitutional Alloy Boots,https://www.light.gg/db/items/1721943442,#N/A
Substitutional Alloy Boots,https://www.light.gg/db/items/1721943441,#N/A
Substitutional Alloy Boots,https://www.light.gg/db/items/1721943440,#N/A
Substitutional Alloy Boots,https://www.light.gg/db/items/4013678605,50.47%
Symmetrists' Balance,https://www.light.gg/db/items/776863956,19.99%
Tangled Web Boots,https://www.light.gg/db/items/1367655773,#N/A
Tangled Web Boots,https://www.light.gg/db/items/537272242,#N/A
Tangled Web Boots,https://www.light.gg/db/items/3656418415,75.41%
Tesseract Trace IV,https://www.light.gg/db/items/1655109893,#N/A
Tesseract Trace IV,https://www.light.gg/db/items/825561686,76.5%
Tesseract Trace IV,https://www.light.gg/db/items/2728535008,#N/A
Tesseract Trace IV,https://www.light.gg/db/items/1548943654,#N/A
Thorium Holt Boots,https://www.light.gg/db/items/1148805553,#N/A
Thorium Holt Boots,https://www.light.gg/db/items/1539437665,76.12%
Thorium Holt Boots,https://www.light.gg/db/items/2924984456,#N/A
Tread of the Hezen Lords,https://www.light.gg/db/items/170603856,35.8%
Tusked Allegiance Boots,https://www.light.gg/db/items/693728753,51.34%
Veritas Boots,https://www.light.gg/db/items/872328719,52.92%
Vernal Growth Boots,https://www.light.gg/db/items/1187078090,7.21%
Vigil of Heroes,https://www.light.gg/db/items/2460793798,#N/A
Vigil of Heroes,https://www.light.gg/db/items/4086100104,45.01%
Vigil of Heroes,https://www.light.gg/db/items/3130904371,#N/A
Vigil of Heroes,https://www.light.gg/db/items/2592351697,#N/A
Viperidax Boots,https://www.light.gg/db/items/1884579135,38.29%
Wild Hunt Boots,https://www.light.gg/db/items/197764097,54.89%
Wildwood Boots,https://www.light.gg/db/items/4126963847,29.73%
Wildwood Boots,https://www.light.gg/db/items/4051755349,#N/A
Wing Theorem,https://www.light.gg/db/items/1245115841,#N/A
Wing Theorem,https://www.light.gg/db/items/641063251,49.32%
Wing Theorem,https://www.light.gg/db/items/4144133120,#N/A
Wing Theorem,https://www.light.gg/db/items/4264096388,#N/A
Winterhart Boots,https://www.light.gg/db/items/3154516913,6.67%
Winterhart Boots,https://www.light.gg/db/items/2303499975,#N/A
Xenos Vale IV,https://www.light.gg/db/items/533855986,38.75%
Xenos Vale IV,https://www.light.gg/db/items/420247988,#N/A
Xenos Vale IV,https://www.light.gg/db/items/413460498,#N/A
Yuga Sundown Boots,https://www.light.gg/db/items/2970562833,28.88%
Yuga Sundown Boots,https://www.light.gg/db/items/685439088,#N/A
Ancient Apocalypse Bond,https://www.light.gg/db/items/2459422430,#N/A
Ancient Apocalypse Bond,https://www.light.gg/db/items/2088829612,#N/A
Ancient Apocalypse Bond,https://www.light.gg/db/items/1488486721,#N/A
Ancient Apocalypse Bond,https://www.light.gg/db/items/896081219,46%
Ancient Apocalypse Bond,https://www.light.gg/db/items/9767416,#N/A
Annealed Shaper Bond,https://www.light.gg/db/items/4064641551,#N/A
Annealed Shaper Bond,https://www.light.gg/db/items/1293074586,42.13%
Annealed Shaper Bond,https://www.light.gg/db/items/91359169,#N/A
Atavistic Idol Bond,https://www.light.gg/db/items/1586932304,17%
Be Thy Cipher,https://www.light.gg/db/items/775812602,74.72%
Be Thy Cipher,https://www.light.gg/db/items/2082184158,#N/A
Be Thy Cipher,https://www.light.gg/db/items/1854024004,#N/A
Binary Phoenix Bond,https://www.light.gg/db/items/2291226602,#N/A
Binary Phoenix Bond,https://www.light.gg/db/items/1467590642,#N/A
Binary Phoenix Bond,https://www.light.gg/db/items/4269346472,46.67%
Binary Phoenix Bond,https://www.light.gg/db/items/3538513130,#N/A
Binary Phoenix Bond,https://www.light.gg/db/items/1838158578,#N/A
Bond Judgment (CODA),https://www.light.gg/db/items/2966633380,40.31%
Bond of Optimacy,https://www.light.gg/db/items/3421974605,10.97%
Bond of Optimacy,https://www.light.gg/db/items/2188986759,21.53%
Bond of Optimacy,https://www.light.gg/db/items/163660481,#N/A
Bond of Reciprocity,https://www.light.gg/db/items/82115767,19.76%
Bond of Remembrance,https://www.light.gg/db/items/2096711562,20.44%
Bond of Remembrance,https://www.light.gg/db/items/21320325,#N/A
Bond of Remembrance,https://www.light.gg/db/items/1631733639,#N/A
Bond of Remembrance,https://www.light.gg/db/items/3345886183,#N/A
Bond of Sekris,https://www.light.gg/db/items/574916072,14.43%
Bond of Sekris,https://www.light.gg/db/items/588627781,#N/A
Bond of Sekris,https://www.light.gg/db/items/239489770,#N/A
Bond of the Cormorant Blade,https://www.light.gg/db/items/2841305106,15.73%
Bond of the Emperor's Minister,https://www.light.gg/db/items/2070062385,#N/A
Bond of the Emperor's Minister,https://www.light.gg/db/items/581908796,#N/A
Bond of the Emperor's Minister,https://www.light.gg/db/items/3763332442,11.39%
Bond of the Exile,https://www.light.gg/db/items/142864314,#N/A
Bond of the Exile,https://www.light.gg/db/items/3201140055,5.08%
Bond of the Great Hunt,https://www.light.gg/db/items/3570956455,38.02%
Bond of the Great Hunt,https://www.light.gg/db/items/2280287728,#N/A
Bond of the Great Hunt,https://www.light.gg/db/items/821841934,#N/A
Bond of the Great Hunt,https://www.light.gg/db/items/1477271933,#N/A
Bond of the Wormlore,https://www.light.gg/db/items/766618550,31.67%
Bond Relentless,https://www.light.gg/db/items/1607431127,1.26%
Bond Relentless,https://www.light.gg/db/items/3149072083,#N/A
BrayTech Researcher's Bond,https://www.light.gg/db/items/467207594,#N/A
BrayTech Researcher's Bond,https://www.light.gg/db/items/3971375612,37.61%
Calamity Rig Bond,https://www.light.gg/db/items/4287857019,24.04%
Candescent Bond,https://www.light.gg/db/items/3851917393,39.42%
Celestine Bond (Magnificent),https://www.light.gg/db/items/1362709750,19.15%
Celestine Bond (Majestic),https://www.light.gg/db/items/1362709751,22.74%
Cinder Pinion Bond,https://www.light.gg/db/items/3414625920,29.75%
Clutch Extol Bond,https://www.light.gg/db/items/2188974669,49.04%
Coronation Bond,https://www.light.gg/db/items/2165598463,50.93%
Coronation Bond,https://www.light.gg/db/items/831738837,#N/A
Corrupting Echo Bond,https://www.light.gg/db/items/3685276035,#N/A
Corrupting Echo Bond,https://www.light.gg/db/items/4217390949,41.94%
Crystocrene Bond,https://www.light.gg/db/items/3852725203,53.72%
Deep Explorer Bond,https://www.light.gg/db/items/2694773307,#N/A
Deep Explorer Bond,https://www.light.gg/db/items/3742442925,24.36%
Dragonfly Regalia Bond,https://www.light.gg/db/items/606085916,21.48%
Dreambane Bond,https://www.light.gg/db/items/2048903186,#N/A
Dreambane Bond,https://www.light.gg/db/items/2975563522,59.21%
Ego Talon Bond,https://www.light.gg/db/items/4285708584,#N/A
Ego Talon Bond,https://www.light.gg/db/items/1698434490,#N/A
Ego Talon Bond,https://www.light.gg/db/items/761884895,68.95%
Eidolon Pursuant Bond,https://www.light.gg/db/items/2716681465,54.11%
Entanglement Bond,https://www.light.gg/db/items/1566612778,#N/A
Entanglement Bond,https://www.light.gg/db/items/2657180960,51.56%
Exodus Down Bond,https://www.light.gg/db/items/41792165,16.91%
Exodus Down Bond,https://www.light.gg/db/items/1810569868,#N/A
Exodus Down Bond,https://www.light.gg/db/items/1669675549,#N/A
Exodus Down Bond,https://www.light.gg/db/items/3536375792,#N/A
Exodus Down Bond,https://www.light.gg/db/items/874856664,#N/A
Festive Winter Bond,https://www.light.gg/db/items/1812385587,#N/A
Festive Winter Bond,https://www.light.gg/db/items/1584837157,7.13%
Fragment of the Prime,https://www.light.gg/db/items/2253382795,30.83%
Frostreach Bond,https://www.light.gg/db/items/2073576287,12.33%
Gensym Knight Bond,https://www.light.gg/db/items/1752028469,#N/A
Gensym Knight Bond,https://www.light.gg/db/items/129527347,37.16%
Gensym Knight Bond,https://www.light.gg/db/items/845354673,#N/A
Gunsmith's Devotion Bond,https://www.light.gg/db/items/1499503877,19.3%
Gunsmith's Devotion Bond,https://www.light.gg/db/items/3567761471,#N/A
Hodiocentrist Bond,https://www.light.gg/db/items/1772639961,#N/A
Hodiocentrist Bond,https://www.light.gg/db/items/434243995,#N/A
Hodiocentrist Bond,https://www.light.gg/db/items/2581516944,#N/A
Hodiocentrist Bond,https://www.light.gg/db/items/1906338633,73.59%
Holdfast Bond,https://www.light.gg/db/items/2771141010,58.63%
Illicit Collector Bond,https://www.light.gg/db/items/3526140221,#N/A
Illicit Collector Bond,https://www.light.gg/db/items/2938035991,9.91%
Illicit Collector Bond,https://www.light.gg/db/items/432797517,#N/A
Illicit Invader Bond,https://www.light.gg/db/items/3426527713,16.11%
Illicit Invader Bond,https://www.light.gg/db/items/1576110551,#N/A
Illicit Invader Bond,https://www.light.gg/db/items/1920676415,#N/A
Illicit Reaper Bond,https://www.light.gg/db/items/1979001653,#N/A
Illicit Reaper Bond,https://www.light.gg/db/items/1182214975,18.48%
Illicit Reaper Bond,https://www.light.gg/db/items/373632485,#N/A
Illicit Sentry Bond,https://www.light.gg/db/items/4051618673,#N/A
Illicit Sentry Bond,https://www.light.gg/db/items/1586892599,9.37%
Illicit Sentry Bond,https://www.light.gg/db/items/1477025073,#N/A
Inaugural Revelry Bond,https://www.light.gg/db/items/4075522049,#N/A
Inaugural Revelry Bond,https://www.light.gg/db/items/1926693852,9.3%
Insigne Shade Bond,https://www.light.gg/db/items/223783885,#N/A
Insigne Shade Bond,https://www.light.gg/db/items/3867160430,#N/A
Insigne Shade Bond,https://www.light.gg/db/items/3862230571,11.6%
Intrepid Inquiry Bond,https://www.light.gg/db/items/324248047,5.68%
Iron Fellowship Bond,https://www.light.gg/db/items/1173846338,#N/A
Iron Fellowship Bond,https://www.light.gg/db/items/219816655,#N/A
Iron Fellowship Bond,https://www.light.gg/db/items/4224804453,23.02%
Iron Fellowship Bond,https://www.light.gg/db/items/1164755828,#N/A
Iron Forerunner Bond,https://www.light.gg/db/items/1045743955,48.69%
Iron Symmachy Bond,https://www.light.gg/db/items/3150799884,7.83%
Iron Symmachy Bond,https://www.light.gg/db/items/959040145,#N/A
Iron Symmachy Bond,https://www.light.gg/db/items/1438648985,#N/A
Iron Will Bond,https://www.light.gg/db/items/3299416208,27.76%
Iron Will Bond,https://www.light.gg/db/items/3055410141,#N/A
Judgement's Wrap,https://www.light.gg/db/items/1607431126,#N/A
Judgement's Wrap,https://www.light.gg/db/items/3149072082,#N/A
Kairos Function Bond,https://www.light.gg/db/items/3669055767,#N/A
Kairos Function Bond,https://www.light.gg/db/items/3385331555,#N/A
Kairos Function Bond,https://www.light.gg/db/items/2519855077,40%
Ketchkiller's Bond,https://www.light.gg/db/items/1667220390,49%
Legacy's Oath Bond,https://www.light.gg/db/items/2902277629,32.59%
Lightkin Bond,https://www.light.gg/db/items/2888835735,38.69%
Liminal Voyager Bond,https://www.light.gg/db/items/3037536592,8.74%
Lost Pacific Bond,https://www.light.gg/db/items/3734713335,#N/A
Lost Pacific Bond,https://www.light.gg/db/items/3686454865,#N/A
Lost Pacific Bond,https://www.light.gg/db/items/2000839529,38.19%
Massyrian's Draw,https://www.light.gg/db/items/2081299507,73.47%
Massyrian's Draw,https://www.light.gg/db/items/2770578349,#N/A
Massyrian's Draw,https://www.light.gg/db/items/494682309,#N/A
Medal Bond,https://www.light.gg/db/items/1599443272,36.39%
Memory of Cayde,https://www.light.gg/db/items/2640935765,#N/A
Memory of Cayde,https://www.light.gg/db/items/3294503240,76.07%
Memory of Cayde,https://www.light.gg/db/items/1014677029,#N/A
Mihaylova's Tale,https://www.light.gg/db/items/2078786241,17.85%
Moonfang-X7 Bond,https://www.light.gg/db/items/2295111683,34.72%
Notorious Collector Bond,https://www.light.gg/db/items/3526140223,7.18%
Notorious Collector Bond,https://www.light.gg/db/items/432797519,#N/A
Notorious Invader Bond,https://www.light.gg/db/items/1576110549,6.57%
Notorious Invader Bond,https://www.light.gg/db/items/1920676413,#N/A
Notorious Reaper Bond,https://www.light.gg/db/items/1979001655,#N/A
Notorious Reaper Bond,https://www.light.gg/db/items/373632487,8.77%
Notorious Sentry Bond,https://www.light.gg/db/items/4051618675,6.85%
Notorious Sentry Bond,https://www.light.gg/db/items/1477025075,#N/A
Omega Mechanos Bond,https://www.light.gg/db/items/3146151688,8.74%
Opulent Scholar Bond,https://www.light.gg/db/items/1250649843,#N/A
Opulent Scholar Bond,https://www.light.gg/db/items/60076357,#N/A
Opulent Scholar Bond,https://www.light.gg/db/items/3311577151,30.58%
Outlawed Collector Bond,https://www.light.gg/db/items/3526140220,5.11%
Outlawed Collector Bond,https://www.light.gg/db/items/432797516,#N/A
Outlawed Invader Bond,https://www.light.gg/db/items/1576110550,4.62%
Outlawed Invader Bond,https://www.light.gg/db/items/1920676414,#N/A
Outlawed Reaper Bond,https://www.light.gg/db/items/1979001652,#N/A
Outlawed Reaper Bond,https://www.light.gg/db/items/373632484,8.39%
Outlawed Sentry Bond,https://www.light.gg/db/items/4051618672,5.87%
Outlawed Sentry Bond,https://www.light.gg/db/items/1477025072,#N/A
Pathfinder's Bond,https://www.light.gg/db/items/616346210,41.73%
Penumbral Bond,https://www.light.gg/db/items/2194479195,#N/A
Penumbral Bond,https://www.light.gg/db/items/3108321700,#N/A
Penumbral Bond,https://www.light.gg/db/items/1319515713,13.32%
Philomath Bond,https://www.light.gg/db/items/373203219,#N/A
Philomath Bond,https://www.light.gg/db/items/3475929306,76.06%
Philomath Bond,https://www.light.gg/db/items/1810399711,#N/A
Phobos Warden Bond,https://www.light.gg/db/items/736382419,34.01%
Phoenix's Fire,https://www.light.gg/db/items/3628145148,26.63%
Photosuede Bond,https://www.light.gg/db/items/4156676002,51.17%
Praefectus Bond,https://www.light.gg/db/items/2803792315,47.98%
Prodigal Bond,https://www.light.gg/db/items/1207945315,73.27%
Prodigal Bond,https://www.light.gg/db/items/2800566014,#N/A
Prodigal Bond,https://www.light.gg/db/items/3198691833,#N/A
Pyrrhic Ascent Bond,https://www.light.gg/db/items/708549601,26.64%
Resonant Fury Bond,https://www.light.gg/db/items/2422261368,25.35%
Reverie Dawn Bond,https://www.light.gg/db/items/1928769139,#N/A
Reverie Dawn Bond,https://www.light.gg/db/items/3602032567,#N/A
Reverie Dawn Bond,https://www.light.gg/db/items/1394177923,75.89%
Righteous Bond,https://www.light.gg/db/items/1416697414,#N/A
Righteous Bond,https://www.light.gg/db/items/1416697413,#N/A
Righteous Bond,https://www.light.gg/db/items/1416697412,#N/A
Righteous Bond,https://www.light.gg/db/items/3510616093,46.59%
Sage Rivalry Bond,https://www.light.gg/db/items/3365248655,21.26%
Scatterhorn Bond,https://www.light.gg/db/items/177829853,#N/A
Scatterhorn Bond,https://www.light.gg/db/items/2571396481,#N/A
Scatterhorn Bond,https://www.light.gg/db/items/3874345778,35.51%
Seventh Seraph Bond,https://www.light.gg/db/items/3246983801,47.51%
Shadow's Bond,https://www.light.gg/db/items/2070062384,#N/A
Shadow's Bond,https://www.light.gg/db/items/581908797,25.23%
Shadow's Bond,https://www.light.gg/db/items/3763332443,#N/A
Solstice Bond (Magnificent),https://www.light.gg/db/items/3009026026,15.08%
Solstice Bond (Majestic),https://www.light.gg/db/items/2999808676,12.34%
Solstice Bond (Majestic),https://www.light.gg/db/items/3836262527,19.71%
Solstice Bond (Majestic),https://www.light.gg/db/items/2337290000,#N/A
Solstice Bond (Resplendent),https://www.light.gg/db/items/231432261,#N/A
Solstice Bond (Resplendent),https://www.light.gg/db/items/3620666320,9.83%
Stella Incognita Bond,https://www.light.gg/db/items/4121118846,#N/A
Stella Incognita Bond,https://www.light.gg/db/items/1730282946,51.44%
Substitutional Alloy Bond,https://www.light.gg/db/items/2761292744,49.4%
Substitutional Alloy Bond,https://www.light.gg/db/items/2815379659,#N/A
Substitutional Alloy Bond,https://www.light.gg/db/items/2815379658,#N/A
Substitutional Alloy Bond,https://www.light.gg/db/items/2815379657,#N/A
Synaptic Construct,https://www.light.gg/db/items/3430647425,#N/A
Synaptic Construct,https://www.light.gg/db/items/2612848247,72.82%
Synaptic Construct,https://www.light.gg/db/items/3920228039,#N/A
Synaptic Construct,https://www.light.gg/db/items/3611199822,#N/A
Tangled Web Bond,https://www.light.gg/db/items/4256272077,#N/A
Tangled Web Bond,https://www.light.gg/db/items/3699156618,73.34%
Tangled Web Bond,https://www.light.gg/db/items/1330542168,#N/A
Temptation's Bond,https://www.light.gg/db/items/3103335676,#N/A
Temptation's Bond,https://www.light.gg/db/items/1141217085,20.63%
Tethering Void,https://www.light.gg/db/items/243454056,#N/A
Tethering Void,https://www.light.gg/db/items/1418191157,#N/A
The Beyond,https://www.light.gg/db/items/243454057,#N/A
The Beyond,https://www.light.gg/db/items/1418191156,#N/A
The Beyond,https://www.light.gg/db/items/2729305927,#N/A
Thorium Holt Bond,https://www.light.gg/db/items/1047593364,73.98%
Thorium Holt Bond,https://www.light.gg/db/items/737010724,#N/A
Thorium Holt Bond,https://www.light.gg/db/items/554000115,#N/A
Timur's Iron Bond,https://www.light.gg/db/items/478854451,18.63%
Timur's Iron Bond,https://www.light.gg/db/items/108286515,29.89%
Timur's Iron Bond,https://www.light.gg/db/items/2999505920,#N/A
Timur's Iron Bond,https://www.light.gg/db/items/4041069824,#N/A
Timur's Iron Bond,https://www.light.gg/db/items/2867156198,#N/A
Timur's Iron Bond,https://www.light.gg/db/items/2241419267,#N/A
Timur's Iron Bond,https://www.light.gg/db/items/1311649814,#N/A
Tusked Allegiance Bond,https://www.light.gg/db/items/950963812,51.19%
Veritas Bond,https://www.light.gg/db/items/2026031146,28.92%
Vernal Growth Bond,https://www.light.gg/db/items/1362642485,7.37%
Vigil of Heroes,https://www.light.gg/db/items/1054960580,#N/A
Vigil of Heroes,https://www.light.gg/db/items/3666681446,#N/A
Vigil of Heroes,https://www.light.gg/db/items/4288492921,#N/A
Vigil of Heroes,https://www.light.gg/db/items/332170995,43.49%
Viperidax Bond,https://www.light.gg/db/items/241291034,37.94%
Wild Hunt Bond,https://www.light.gg/db/items/2055947316,53.81%
Wildwood Bond,https://www.light.gg/db/items/1304122208,#N/A
Wildwood Bond,https://www.light.gg/db/items/3261135090,30.39%
Wing Theorem,https://www.light.gg/db/items/3839561204,#N/A
Wing Theorem,https://www.light.gg/db/items/119859462,47.83%
Wing Theorem,https://www.light.gg/db/items/327530279,#N/A
Wing Theorem,https://www.light.gg/db/items/1673285051,#N/A
Winterhart Bond,https://www.light.gg/db/items/1812385586,#N/A
Winterhart Bond,https://www.light.gg/db/items/1584837156,6.17%
Xenos Vale Bond,https://www.light.gg/db/items/3215392301,#N/A
Xenos Vale Bond,https://www.light.gg/db/items/3963753111,#N/A
Xenos Vale Bond,https://www.light.gg/db/items/1805830669,39.3%
Yuga Sundown Bond,https://www.light.gg/db/items/2034926084,35.01%
Yuga Sundown Bond,https://www.light.gg/db/items/3792548907,#N/A
Atonement Tau,https://www.light.gg/db/items/3524846593,#N/A
Atonement Tau,https://www.light.gg/db/items/1872887954,#N/A
Atonement Tau,https://www.light.gg/db/items/2616464530,99.89%
Atonement Tau,https://www.light.gg/db/items/3164547673,#N/A
Chiron's Cure,https://www.light.gg/db/items/674335586,#N/A
Chiron's Cure,https://www.light.gg/db/items/1486292360,#N/A
Chiron's Cure,https://www.light.gg/db/items/550258943,#N/A
Chiron's Cure,https://www.light.gg/db/items/2959022889,99.84%
Farseeker's Casque,https://www.light.gg/db/items/1328755281,#N/A
Farseeker's Casque,https://www.light.gg/db/items/1232004606,99.7%
Farseeker's Casque,https://www.light.gg/db/items/40512774,#N/A
Farseeker's Casque,https://www.light.gg/db/items/2854973517,#N/A
Inspector's Hood,https://www.light.gg/db/items/4172753441,57.37%
Prophet Snow,https://www.light.gg/db/items/1775781229,99.5%
Prophet Snow,https://www.light.gg/db/items/2151724216,#N/A
Prophet Snow,https://www.light.gg/db/items/1500704923,#N/A
Prophet Snow,https://www.light.gg/db/items/1611221278,#N/A
Solstice Hood (Rekindled),https://www.light.gg/db/items/2274492816,11.07%
Solstice Hood (Rekindled),https://www.light.gg/db/items/3611487543,#N/A
Solstice Hood (Renewed),https://www.light.gg/db/items/754050190,32.06%
Solstice Hood (Renewed),https://www.light.gg/db/items/381563628,13.64%
Solstice Hood (Renewed),https://www.light.gg/db/items/4116537170,26.95%
Solstice Hood (Renewed),https://www.light.gg/db/items/2523388612,#N/A
Atonement Tau,https://www.light.gg/db/items/3102366928,#N/A
Atonement Tau,https://www.light.gg/db/items/67798808,#N/A
Atonement Tau,https://www.light.gg/db/items/2339344379,#N/A
Atonement Tau,https://www.light.gg/db/items/3082920955,99.75%
Chiron's Cure,https://www.light.gg/db/items/833626649,#N/A
Chiron's Cure,https://www.light.gg/db/items/750431904,99.77%
Chiron's Cure,https://www.light.gg/db/items/484126150,#N/A
Chiron's Cure,https://www.light.gg/db/items/4267370571,#N/A
Farseeker's Reach,https://www.light.gg/db/items/4281850920,#N/A
Farseeker's Reach,https://www.light.gg/db/items/460400687,98.15%
Farseeker's Reach,https://www.light.gg/db/items/3507639356,#N/A
Farseeker's Reach,https://www.light.gg/db/items/3349439959,#N/A
Gearhead Gloves,https://www.light.gg/db/items/1886391431,67.92%
Gearhead Gloves,https://www.light.gg/db/items/1701005143,#N/A
Inspector's Gloves,https://www.light.gg/db/items/674128952,55%
Prophet Snow,https://www.light.gg/db/items/2894481116,99.82%
Prophet Snow,https://www.light.gg/db/items/2959986506,#N/A
Prophet Snow,https://www.light.gg/db/items/881194063,#N/A
Prophet Snow,https://www.light.gg/db/items/2190967049,#N/A
Solstice Gloves (Rekindled),https://www.light.gg/db/items/2030596705,11.07%
Solstice Gloves (Rekindled),https://www.light.gg/db/items/2685001662,#N/A
Solstice Gloves (Renewed),https://www.light.gg/db/items/2470583197,#N/A
Solstice Gloves (Renewed),https://www.light.gg/db/items/3830828709,13.85%
Solstice Gloves (Renewed),https://www.light.gg/db/items/287923131,23.07%
Solstice Gloves (Renewed),https://www.light.gg/db/items/2203814271,27.55%
Songbreaker Gloves,https://www.light.gg/db/items/1886391430,69.57%
Songbreaker Gloves,https://www.light.gg/db/items/1701005142,#N/A
Atonement Tau,https://www.light.gg/db/items/3399906133,99.69%
Atonement Tau,https://www.light.gg/db/items/3391214896,#N/A
Atonement Tau,https://www.light.gg/db/items/4035217656,#N/A
Atonement Tau,https://www.light.gg/db/items/91289429,#N/A
Chiron's Cure,https://www.light.gg/db/items/2943629439,#N/A
Chiron's Cure,https://www.light.gg/db/items/2937068650,#N/A
Chiron's Cure,https://www.light.gg/db/items/4177795589,#N/A
Chiron's Cure,https://www.light.gg/db/items/295856360,98.17%
Farseeker's Intuition,https://www.light.gg/db/items/1576992137,99.52%
Farseeker's Intuition,https://www.light.gg/db/items/3958133156,#N/A
Farseeker's Intuition,https://www.light.gg/db/items/3061532064,#N/A
Farseeker's Intuition,https://www.light.gg/db/items/721208609,#N/A
Inspector's Robes,https://www.light.gg/db/items/3783871056,56.24%
Prophet Snow,https://www.light.gg/db/items/1300106409,#N/A
Prophet Snow,https://www.light.gg/db/items/2906174660,99.79%
Prophet Snow,https://www.light.gg/db/items/387708030,#N/A
Prophet Snow,https://www.light.gg/db/items/341343759,#N/A
Shieldbreaker Robes,https://www.light.gg/db/items/1096417434,#N/A
Shieldbreaker Robes,https://www.light.gg/db/items/2229560362,69.88%
Solstice Robes (Rekindled),https://www.light.gg/db/items/796635575,11.06%
Solstice Robes (Rekindled),https://www.light.gg/db/items/2287277682,#N/A
Solstice Robes (Renewed),https://www.light.gg/db/items/1502692899,#N/A
Solstice Robes (Renewed),https://www.light.gg/db/items/242828821,23.07%
Solstice Robes (Renewed),https://www.light.gg/db/items/1389298745,27.61%
Solstice Robes (Renewed),https://www.light.gg/db/items/3192591867,13.92%
Atonement Tau,https://www.light.gg/db/items/1532961133,99.53%
Atonement Tau,https://www.light.gg/db/items/3419425578,#N/A
Atonement Tau,https://www.light.gg/db/items/2822491218,#N/A
Atonement Tau,https://www.light.gg/db/items/789384557,#N/A
Chiron's Cure,https://www.light.gg/db/items/467612864,#N/A
Chiron's Cure,https://www.light.gg/db/items/3740338778,99.51%
Chiron's Cure,https://www.light.gg/db/items/1488618333,#N/A
Chiron's Cure,https://www.light.gg/db/items/3725709067,#N/A
Farseeker's March,https://www.light.gg/db/items/610443345,98.14%
Farseeker's March,https://www.light.gg/db/items/2893448006,#N/A
Farseeker's March,https://www.light.gg/db/items/622291842,#N/A
Farseeker's March,https://www.light.gg/db/items/863007481,#N/A
Inspector's Boots,https://www.light.gg/db/items/3004363890,55.89%
Mindbreaker Boots,https://www.light.gg/db/items/1445420672,68.93%
Mindbreaker Boots,https://www.light.gg/db/items/2913284400,#N/A
Prophet Snow,https://www.light.gg/db/items/1855729254,99.47%
Prophet Snow,https://www.light.gg/db/items/1455694321,#N/A
Prophet Snow,https://www.light.gg/db/items/1616317796,#N/A
Prophet Snow,https://www.light.gg/db/items/2441435355,#N/A
Solstice Boots (Rekindled),https://www.light.gg/db/items/3525545299,11.1%
Solstice Boots (Rekindled),https://www.light.gg/db/items/3104384024,#N/A
Solstice Boots (Renewed),https://www.light.gg/db/items/1125064385,27.63%
Solstice Boots (Renewed),https://www.light.gg/db/items/116784191,#N/A
Solstice Boots (Renewed),https://www.light.gg/db/items/2991353901,23.65%
Solstice Boots (Renewed),https://www.light.gg/db/items/4178158375,13.84%
Bond of Chiron,https://www.light.gg/db/items/3573886331,#N/A
Bond of Chiron,https://www.light.gg/db/items/320174990,#N/A
Bond of Chiron,https://www.light.gg/db/items/1997953733,99.47%
Bond of Chiron,https://www.light.gg/db/items/2833813592,#N/A
Bond of Forgotten Wars,https://www.light.gg/db/items/3080409700,#N/A
Bond of Forgotten Wars,https://www.light.gg/db/items/4116038937,99.6%
Bond of Forgotten Wars,https://www.light.gg/db/items/4012302343,#N/A
Bond of Forgotten Wars,https://www.light.gg/db/items/1630079134,#N/A
Fatum Praevaricator,https://www.light.gg/db/items/2742930797,#N/A
Fatum Praevaricator,https://www.light.gg/db/items/3508205736,#N/A
Fatum Praevaricator,https://www.light.gg/db/items/2813695893,#N/A
Fatum Praevaricator,https://www.light.gg/db/items/2521855144,99.83%
Inspector's Bond,https://www.light.gg/db/items/3135586957,53.91%
Orobas Vectura Bond,https://www.light.gg/db/items/320310249,#N/A
Orobas Vectura Bond,https://www.light.gg/db/items/2866378041,67.28%
Solstice Bond (Rekindled),https://www.light.gg/db/items/2924095235,#N/A
Solstice Bond (Rekindled),https://www.light.gg/db/items/2924954886,11.13%
Solstice Bond (Renewed),https://www.light.gg/db/items/1549308050,13.88%
Solstice Bond (Renewed),https://www.light.gg/db/items/2703464692,27.89%
Solstice Bond (Renewed),https://www.light.gg/db/items/3235287656,23.64%
Solstice Bond (Renewed),https://www.light.gg/db/items/784499738,#N/A
Stagnatious Rebuke,https://www.light.gg/db/items/1503713660,#N/A
Stagnatious Rebuke,https://www.light.gg/db/items/406995961,#N/A
Stagnatious Rebuke,https://www.light.gg/db/items/1988790493,#N/A
Stagnatious Rebuke,https://www.light.gg/db/items/3357295428,99.69%
Unethical Experiments Bond,https://www.light.gg/db/items/320310250,#N/A
Unethical Experiments Bond,https://www.light.gg/db/items/2866378042,67.39%
Cosmic Wind,https://www.light.gg/db/items/2886549180,99.81%
Cosmic Wind,https://www.light.gg/db/items/3313352164,#N/A
Cry Defiance,https://www.light.gg/db/items/26544805,98.24%
Cry Defiance,https://www.light.gg/db/items/2583547635,#N/A
Raven Shard,https://www.light.gg/db/items/170778879,98.25%
Raven Shard,https://www.light.gg/db/items/2148305277,#N/A
Solstice Hood (Drained),https://www.light.gg/db/items/627596132,#N/A
Solstice Hood (Drained),https://www.light.gg/db/items/1834731376,21.84%
Solstice Hood (Scorched),https://www.light.gg/db/items/2147433548,15.93%
Solstice Hood (Scorched),https://www.light.gg/db/items/3077367255,#N/A
Vector Home,https://www.light.gg/db/items/2002682954,#N/A
Vector Home,https://www.light.gg/db/items/158570410,98.23%
Cosmic Wind,https://www.light.gg/db/items/4241323317,99.53%
Cosmic Wind,https://www.light.gg/db/items/3260546749,#N/A
Cry Defiance,https://www.light.gg/db/items/76554114,#N/A
Cry Defiance,https://www.light.gg/db/items/765644916,99.75%
Raven Shard,https://www.light.gg/db/items/610837228,#N/A
Raven Shard,https://www.light.gg/db/items/104646086,98.23%
Solstice Gloves (Drained),https://www.light.gg/db/items/574790717,#N/A
Solstice Gloves (Drained),https://www.light.gg/db/items/1590938305,18.89%
Solstice Gloves (Scorched),https://www.light.gg/db/items/1301731333,15.92%
Solstice Gloves (Scorched),https://www.light.gg/db/items/2150778206,#N/A
Vector Home,https://www.light.gg/db/items/2049820819,#N/A
Vector Home,https://www.light.gg/db/items/164131571,98.23%
Cosmic Wind III,https://www.light.gg/db/items/436836011,98.16%
Cosmic Wind III,https://www.light.gg/db/items/2567295299,#N/A
Cry Defiance,https://www.light.gg/db/items/3238267532,99.74%
Cry Defiance,https://www.light.gg/db/items/2803009638,#N/A
Raven Shard,https://www.light.gg/db/items/4133705268,#N/A
Raven Shard,https://www.light.gg/db/items/330458218,98.23%
Solstice Robes (Drained),https://www.light.gg/db/items/1276995479,18.88%
Solstice Robes (Drained),https://www.light.gg/db/items/391889347,#N/A
Solstice Robes (Scorched),https://www.light.gg/db/items/1897528210,#N/A
Solstice Robes (Scorched),https://www.light.gg/db/items/3101330395,16.08%
Vector Home,https://www.light.gg/db/items/3403897789,#N/A
Vector Home,https://www.light.gg/db/items/3184996381,99.77%
Cosmic Wind III,https://www.light.gg/db/items/1522478103,99.53%
Cosmic Wind III,https://www.light.gg/db/items/1331205087,#N/A
Cry Defiance,https://www.light.gg/db/items/1053383550,99.69%
Cry Defiance,https://www.light.gg/db/items/2162276668,#N/A
Raven Shard,https://www.light.gg/db/items/88132800,98.2%
Raven Shard,https://www.light.gg/db/items/1256569366,#N/A
Solstice Boots (Drained),https://www.light.gg/db/items/2940416351,#N/A
Solstice Boots (Drained),https://www.light.gg/db/items/2661326387,19.03%
Solstice Boots (Scorched),https://www.light.gg/db/items/2994721336,#N/A
Solstice Boots (Scorched),https://www.light.gg/db/items/1224603527,15.92%
Vector Home,https://www.light.gg/db/items/4194052805,98.17%
Vector Home,https://www.light.gg/db/items/1784774885,#N/A
Bond of Symmetry,https://www.light.gg/db/items/1848999098,#N/A
Bond of Symmetry,https://www.light.gg/db/items/3088519490,99.77%
Bond of the Raven Shard,https://www.light.gg/db/items/1048498953,#N/A
Bond of the Raven Shard,https://www.light.gg/db/items/967275899,99.72%
Homeward,https://www.light.gg/db/items/612495088,#N/A
Homeward,https://www.light.gg/db/items/352016976,98.24%
Rite of Refusal,https://www.light.gg/db/items/1176024513,99.69%
Rite of Refusal,https://www.light.gg/db/items/3121104079,#N/A
Solstice Bond (Drained),https://www.light.gg/db/items/3405314918,18.98%
Solstice Bond (Drained),https://www.light.gg/db/items/3968560442,#N/A
Solstice Bond (Scorched),https://www.light.gg/db/items/2492769187,#N/A
Solstice Bond (Scorched),https://www.light.gg/db/items/1841030642,15.92%
Aspirant Helm,https://www.light.gg/db/items/3159474701,#N/A
Aspirant Helm,https://www.light.gg/db/items/3192660133,99.77%
Damaged Warlock Hood,https://www.light.gg/db/items/2292007738,#N/A
Damaged Warlock Hood,https://www.light.gg/db/items/889513448,#N/A
Helmet,https://www.light.gg/db/items/20603181,#N/A
Refugee Helm,https://www.light.gg/db/items/2504771764,#N/A
Refugee Helm,https://www.light.gg/db/items/3324685738,99.7%
Wise Warlock Hood,https://www.light.gg/db/items/2214399070,#N/A
Wise Warlock Hood,https://www.light.gg/db/items/3081865122,#N/A
Aspirant Gloves,https://www.light.gg/db/items/3931760244,99.53%
Aspirant Gloves,https://www.light.gg/db/items/3812037372,#N/A
Damaged Warlock Gloves,https://www.light.gg/db/items/234415107,#N/A
Damaged Warlock Gloves,https://www.light.gg/db/items/236847737,#N/A
Gauntlets,https://www.light.gg/db/items/673268892,#N/A
Refugee Gloves,https://www.light.gg/db/items/911039437,#N/A
Refugee Gloves,https://www.light.gg/db/items/3330246899,99.73%
Wise Warlock Gloves,https://www.light.gg/db/items/1018337679,#N/A
Wise Warlock Gloves,https://www.light.gg/db/items/2421406347,#N/A
Aspirant Robes,https://www.light.gg/db/items/3577457804,99.58%
Aspirant Robes,https://www.light.gg/db/items/3468148580,#N/A
Chest Armor,https://www.light.gg/db/items/2226216068,#N/A
Damaged Warlock Robe,https://www.light.gg/db/items/2422973919,#N/A
Damaged Warlock Robe,https://www.light.gg/db/items/2416634317,#N/A
Refugee Vest,https://www.light.gg/db/items/3524186653,99.53%
Refugee Vest,https://www.light.gg/db/items/137713267,#N/A
Wise Warlock Robes,https://www.light.gg/db/items/2209865285,#N/A
Wise Warlock Robes,https://www.light.gg/db/items/3997262569,#N/A
Aspirant Boots,https://www.light.gg/db/items/4219498878,99.54%
Aspirant Boots,https://www.light.gg/db/items/2814965254,#N/A
Damaged Warlock Boots,https://www.light.gg/db/items/3128930155,#N/A
Damaged Warlock Boots,https://www.light.gg/db/items/2579749301,#N/A
Leg Armor,https://www.light.gg/db/items/3971164198,#N/A
Refugee Boots,https://www.light.gg/db/items/3065200837,99.77%
Refugee Boots,https://www.light.gg/db/items/1581838479,#N/A
Wise Warlock Boots,https://www.light.gg/db/items/3471587229,#N/A
Wise Warlock Boots,https://www.light.gg/db/items/1634414641,#N/A
Bond of Insight,https://www.light.gg/db/items/1515214785,99.52%
Bond of Insight,https://www.light.gg/db/items/341468857,#N/A
Bond of Refuge,https://www.light.gg/db/items/2343139242,#N/A
Bond of Refuge,https://www.light.gg/db/items/691207248,99.75%
Dreamer's Bond,https://www.light.gg/db/items/320310251,#N/A
Dreamer's Bond,https://www.light.gg/db/items/2866378043,99.83%
Shattered Warlock Bond,https://www.light.gg/db/items/572122304,#N/A
Shattered Warlock Bond,https://www.light.gg/db/items/3670132590,#N/A
Warlock Bond,https://www.light.gg/db/items/2969943001,#N/A
Wise Warlock Bond,https://www.light.gg/db/items/1016461220,#N/A
Wise Warlock Bond,https://www.light.gg/db/items/1331814296,#N/A